[26Sep2025 23:14:23.150] [main/INFO] [cpw.mods.modlauncher.Launcher/MODLAUNCHER]: ModLauncher running: args [--launchTarget, forgeserver, --fml.forgeVersion, 47.3.7, --fml.mcVersion, 1.20.1, --fml.forgeGroup, net.minecraftforge, --fml.mcpVersion, 20230612.114412, nogui]
[26Sep2025 23:14:23.155] [main/INFO] [cpw.mods.modlauncher.Launcher/MODLAUNCHER]: ModLauncher 10.0.9+10.0.9+main.dcd20f30 starting: java version 17.0.16 by Ubuntu; OS Linux arch amd64 version 6.8.0-1030-azure
[26Sep2025 23:14:23.179] [main/DEBUG] [cpw.mods.modlauncher.LaunchServiceHandler/MODLAUNCHER]: Found launch services [fmlclientdev,forgeclient,minecraft,forgegametestserverdev,fmlserveruserdev,fmlclient,fmldatauserdev,forgeserverdev,forgeserveruserdev,forgeclientdev,forgeclientuserdev,forgeserver,forgedatadev,fmlserver,fmlclientuserdev,fmlserverdev,forgedatauserdev,testharness,forgegametestserveruserdev]
[26Sep2025 23:14:23.191] [main/DEBUG] [cpw.mods.modlauncher.NameMappingServiceHandler/MODLAUNCHER]: Found naming services : [srgtomcp]
[26Sep2025 23:14:23.203] [main/DEBUG] [cpw.mods.modlauncher.LaunchPluginHandler/MODLAUNCHER]: Found launch plugins: [mixin,eventbus,slf4jfixer,object_holder_definalize,runtime_enum_extender,capability_token_subclass,accesstransformer,runtimedistcleaner]
[26Sep2025 23:14:23.214] [main/DEBUG] [cpw.mods.modlauncher.TransformationServicesHandler/MODLAUNCHER]: Discovering transformation services
[26Sep2025 23:14:23.219] [main/DEBUG] [net.minecraftforge.fml.loading.FMLPaths/CORE]: Path GAMEDIR is /workspaces/literate-parakeet/servidor_minecraft
[26Sep2025 23:14:23.220] [main/DEBUG] [net.minecraftforge.fml.loading.FMLPaths/CORE]: Path MODSDIR is /workspaces/literate-parakeet/servidor_minecraft/mods
[26Sep2025 23:14:23.220] [main/DEBUG] [net.minecraftforge.fml.loading.FMLPaths/CORE]: Path CONFIGDIR is /workspaces/literate-parakeet/servidor_minecraft/config
[26Sep2025 23:14:23.220] [main/DEBUG] [net.minecraftforge.fml.loading.FMLPaths/CORE]: Path FMLCONFIG is /workspaces/literate-parakeet/servidor_minecraft/config/fml.toml
[26Sep2025 23:14:23.770] [main/DEBUG] [cpw.mods.modlauncher.TransformationServicesHandler/MODLAUNCHER]: Found additional transformation services from discovery services: 
[26Sep2025 23:14:23.776] [main/INFO] [net.minecraftforge.fml.loading.ImmediateWindowHandler/]: ImmediateWindowProvider not loading because launch target is forgeserver
[26Sep2025 23:14:23.787] [main/DEBUG] [cpw.mods.modlauncher.TransformationServicesHandler/MODLAUNCHER]: Found transformer services : [mixin,fml]
[26Sep2025 23:14:23.789] [main/DEBUG] [cpw.mods.modlauncher.TransformationServicesHandler/MODLAUNCHER]: Transformation services loading
[26Sep2025 23:14:23.790] [main/DEBUG] [cpw.mods.modlauncher.TransformationServiceDecorator/MODLAUNCHER]: Loading service mixin
[26Sep2025 23:14:23.790] [main/DEBUG] [cpw.mods.modlauncher.TransformationServiceDecorator/MODLAUNCHER]: Loaded service mixin
[26Sep2025 23:14:23.790] [main/DEBUG] [cpw.mods.modlauncher.TransformationServiceDecorator/MODLAUNCHER]: Loading service fml
[26Sep2025 23:14:23.791] [main/DEBUG] [net.minecraftforge.fml.loading.LauncherVersion/CORE]: Found FMLLauncher version 1.0
[26Sep2025 23:14:23.791] [main/DEBUG] [net.minecraftforge.fml.loading.FMLLoader/CORE]: FML 1.0 loading
[26Sep2025 23:14:23.792] [main/DEBUG] [net.minecraftforge.fml.loading.FMLLoader/CORE]: FML found ModLauncher version : 10.0.9+10.0.9+main.dcd20f30
[26Sep2025 23:14:23.792] [main/DEBUG] [net.minecraftforge.fml.loading.FMLLoader/CORE]: FML found AccessTransformer version : 8.0.4+66+master.c09db6d7
[26Sep2025 23:14:23.793] [main/DEBUG] [net.minecraftforge.fml.loading.FMLLoader/CORE]: FML found EventBus version : 6.0.5+6.0.5+master.eb8e549b
[26Sep2025 23:14:23.793] [main/DEBUG] [net.minecraftforge.fml.loading.FMLLoader/CORE]: Found Runtime Dist Cleaner
[26Sep2025 23:14:23.794] [main/DEBUG] [net.minecraftforge.fml.loading.FMLLoader/CORE]: FML found CoreMod version : 5.1.6
[26Sep2025 23:14:23.795] [main/DEBUG] [net.minecraftforge.fml.loading.FMLLoader/CORE]: Found ForgeSPI package implementation version 7.0.1+7.0.1+master.d2b38bf6
[26Sep2025 23:14:23.795] [main/DEBUG] [net.minecraftforge.fml.loading.FMLLoader/CORE]: Found ForgeSPI package specification 5
[26Sep2025 23:14:23.795] [main/DEBUG] [cpw.mods.modlauncher.TransformationServiceDecorator/MODLAUNCHER]: Loaded service fml
[26Sep2025 23:14:23.796] [main/DEBUG] [cpw.mods.modlauncher.TransformationServicesHandler/MODLAUNCHER]: Configuring option handling for services
[26Sep2025 23:14:23.803] [main/DEBUG] [cpw.mods.modlauncher.TransformationServicesHandler/MODLAUNCHER]: Transformation services initializing
[26Sep2025 23:14:23.803] [main/DEBUG] [cpw.mods.modlauncher.TransformationServiceDecorator/MODLAUNCHER]: Initializing transformation service mixin
[26Sep2025 23:14:23.819] [main/DEBUG] [mixin/]: MixinService [ModLauncher] was successfully booted in cpw.mods.cl.ModuleClassLoader@7a3d45bd
[26Sep2025 23:14:23.836] [main/INFO] [mixin/]: SpongePowered MIXIN Subsystem Version=0.8.5 Source=union:/workspaces/literate-parakeet/servidor_minecraft/libraries/org/spongepowered/mixin/0.8.5/mixin-0.8.5.jar%2365!/ Service=ModLauncher Env=SERVER
[26Sep2025 23:14:23.840] [main/DEBUG] [mixin/]: Initialising Mixin Platform Manager
[26Sep2025 23:14:23.840] [main/DEBUG] [mixin/]: Adding mixin platform agents for container ModLauncher Root Container(ModLauncher:4f56a0a2)
[26Sep2025 23:14:23.841] [main/DEBUG] [mixin/]: Instancing new MixinPlatformAgentMinecraftForge for ModLauncher Root Container(ModLauncher:4f56a0a2)
[26Sep2025 23:14:23.842] [main/DEBUG] [mixin/]: MixinPlatformAgentMinecraftForge rejected container ModLauncher Root Container(ModLauncher:4f56a0a2)
[26Sep2025 23:14:23.843] [main/DEBUG] [mixin/]: Instancing new MixinPlatformAgentDefault for ModLauncher Root Container(ModLauncher:4f56a0a2)
[26Sep2025 23:14:23.843] [main/DEBUG] [mixin/]: MixinPlatformAgentDefault accepted container ModLauncher Root Container(ModLauncher:4f56a0a2)
[26Sep2025 23:14:23.847] [main/DEBUG] [cpw.mods.modlauncher.TransformationServiceDecorator/MODLAUNCHER]: Initialized transformation service mixin
[26Sep2025 23:14:23.850] [main/DEBUG] [cpw.mods.modlauncher.TransformationServiceDecorator/MODLAUNCHER]: Initializing transformation service fml
[26Sep2025 23:14:23.851] [main/DEBUG] [net.minecraftforge.fml.loading.FMLServiceProvider/CORE]: Setting up basic FML game directories
[26Sep2025 23:14:23.853] [main/DEBUG] [net.minecraftforge.fml.loading.FMLPaths/CORE]: Path GAMEDIR is /workspaces/literate-parakeet/servidor_minecraft
[26Sep2025 23:14:23.854] [main/DEBUG] [net.minecraftforge.fml.loading.FMLPaths/CORE]: Path MODSDIR is /workspaces/literate-parakeet/servidor_minecraft/mods
[26Sep2025 23:14:23.854] [main/DEBUG] [net.minecraftforge.fml.loading.FMLPaths/CORE]: Path CONFIGDIR is /workspaces/literate-parakeet/servidor_minecraft/config
[26Sep2025 23:14:23.854] [main/DEBUG] [net.minecraftforge.fml.loading.FMLPaths/CORE]: Path FMLCONFIG is /workspaces/literate-parakeet/servidor_minecraft/config/fml.toml
[26Sep2025 23:14:23.855] [main/DEBUG] [net.minecraftforge.fml.loading.FMLServiceProvider/CORE]: Loading configuration
[26Sep2025 23:14:23.858] [main/DEBUG] [net.minecraftforge.fml.loading.FMLServiceProvider/CORE]: Preparing ModFile
[26Sep2025 23:14:23.861] [main/DEBUG] [net.minecraftforge.fml.loading.FMLServiceProvider/CORE]: Preparing launch handler
[26Sep2025 23:14:23.861] [main/DEBUG] [net.minecraftforge.fml.loading.FMLLoader/CORE]: Using forgeserver as launch service
[26Sep2025 23:14:23.874] [main/DEBUG] [net.minecraftforge.fml.loading.FMLLoader/CORE]: Received command line version data  : VersionInfo[forgeVersion=47.3.7, mcVersion=1.20.1, mcpVersion=20230612.114412, forgeGroup=net.minecraftforge]
[26Sep2025 23:14:23.878] [main/DEBUG] [cpw.mods.modlauncher.TransformationServiceDecorator/MODLAUNCHER]: Initialized transformation service fml
[26Sep2025 23:14:23.879] [main/DEBUG] [cpw.mods.modlauncher.NameMappingServiceHandler/MODLAUNCHER]: Current naming domain is 'srg'
[26Sep2025 23:14:23.879] [main/DEBUG] [cpw.mods.modlauncher.NameMappingServiceHandler/MODLAUNCHER]: Identified name mapping providers {}
[26Sep2025 23:14:23.880] [main/DEBUG] [cpw.mods.modlauncher.TransformationServicesHandler/MODLAUNCHER]: Transformation services begin scanning
[26Sep2025 23:14:23.880] [main/DEBUG] [cpw.mods.modlauncher.TransformationServiceDecorator/MODLAUNCHER]: Beginning scan trigger - transformation service mixin
[26Sep2025 23:14:23.880] [main/DEBUG] [cpw.mods.modlauncher.TransformationServiceDecorator/MODLAUNCHER]: End scan trigger - transformation service mixin
[26Sep2025 23:14:23.881] [main/DEBUG] [cpw.mods.modlauncher.TransformationServiceDecorator/MODLAUNCHER]: Beginning scan trigger - transformation service fml
[26Sep2025 23:14:23.881] [main/DEBUG] [net.minecraftforge.fml.loading.FMLServiceProvider/CORE]: Initiating mod scan
[26Sep2025 23:14:23.903] [main/DEBUG] [net.minecraftforge.fml.loading.moddiscovery.ModListHandler/CORE]: Found mod coordinates from lists: []
[26Sep2025 23:14:23.912] [main/DEBUG] [net.minecraftforge.fml.loading.moddiscovery.ModDiscoverer/CORE]: Found Mod Locators : (mods folder:null),(maven libs:null),(exploded directory:null),(minecraft:null),(userdev classpath:null)
[26Sep2025 23:14:23.914] [main/DEBUG] [net.minecraftforge.fml.loading.moddiscovery.ModDiscoverer/CORE]: Found Dependency Locators : (JarInJar:null)
[26Sep2025 23:14:23.927] [main/DEBUG] [net.minecraftforge.fml.loading.moddiscovery.ModFileParser/LOADING]: Considering mod file candidate /workspaces/literate-parakeet/servidor_minecraft/mods/alexsmobs-1.22.9.jar
[26Sep2025 23:14:23.966] [main/DEBUG] [net.minecraftforge.fml.loading.moddiscovery.ModFileInfo/LOADING]: Found valid mod file alexsmobs-1.22.9.jar with {alexsmobs} mods - versions {1.22.9}
[26Sep2025 23:14:23.970] [main/DEBUG] [net.minecraftforge.fml.loading.moddiscovery.ModFileParser/LOADING]: Considering mod file candidate /workspaces/literate-parakeet/servidor_minecraft/mods/AlienEvo-1.1.0-forge.jar
[26Sep2025 23:14:23.971] [main/DEBUG] [net.minecraftforge.fml.loading.moddiscovery.ModFileInfo/LOADING]: Found valid mod file AlienEvo-1.1.0-forge.jar with {alienevo} mods - versions {1.1.0}
[26Sep2025 23:14:23.972] [main/DEBUG] [net.minecraftforge.fml.loading.moddiscovery.ModFileParser/LOADING]: Considering mod file candidate /workspaces/literate-parakeet/servidor_minecraft/mods/amendments-1.20-2.2.1.jar
[26Sep2025 23:14:23.974] [main/DEBUG] [net.minecraftforge.fml.loading.moddiscovery.ModFileInfo/LOADING]: Found valid mod file amendments-1.20-2.2.1.jar with {amendments} mods - versions {1.20-2.2.1}
[26Sep2025 23:14:23.975] [main/DEBUG] [net.minecraftforge.fml.loading.moddiscovery.ModFileParser/LOADING]: Considering mod file candidate /workspaces/literate-parakeet/servidor_minecraft/mods/architectury-9.2.14-forge.jar
[26Sep2025 23:14:23.976] [main/DEBUG] [net.minecraftforge.fml.loading.moddiscovery.ModFileInfo/LOADING]: Found valid mod file architectury-9.2.14-forge.jar with {architectury} mods - versions {9.2.14}
[26Sep2025 23:14:23.977] [main/DEBUG] [net.minecraftforge.fml.loading.moddiscovery.ModFileParser/LOADING]: Considering mod file candidate /workspaces/literate-parakeet/servidor_minecraft/mods/betterendcities-1.0.0-1.20.1.jar
[26Sep2025 23:14:23.979] [main/DEBUG] [net.minecraftforge.fml.loading.moddiscovery.ModFileInfo/LOADING]: Found valid mod file betterendcities-1.0.0-1.20.1.jar with {betterendcities} mods - versions {1.0.0-1.20.1}
[26Sep2025 23:14:23.980] [main/DEBUG] [net.minecraftforge.fml.loading.moddiscovery.ModFileParser/LOADING]: Considering mod file candidate /workspaces/literate-parakeet/servidor_minecraft/mods/bettervillage-forge-1.20.1-3.3.1-all.jar
[26Sep2025 23:14:23.981] [main/DEBUG] [net.minecraftforge.fml.loading.moddiscovery.ModFileInfo/LOADING]: Found valid mod file bettervillage-forge-1.20.1-3.3.1-all.jar with {bettervillage} mods - versions {3.3.1}
[26Sep2025 23:14:23.982] [main/DEBUG] [net.minecraftforge.fml.loading.moddiscovery.ModFileParser/LOADING]: Considering mod file candidate /workspaces/literate-parakeet/servidor_minecraft/mods/blueprint-1.20.1-7.1.3.jar
[26Sep2025 23:14:23.984] [main/DEBUG] [net.minecraftforge.fml.loading.moddiscovery.ModFileInfo/LOADING]: Found valid mod file blueprint-1.20.1-7.1.3.jar with {blueprint} mods - versions {7.1.3}
[26Sep2025 23:14:23.984] [main/DEBUG] [net.minecraftforge.fml.loading.moddiscovery.ModFileParser/LOADING]: Considering mod file candidate /workspaces/literate-parakeet/servidor_minecraft/mods/boiled_reimagined-1.0.12-forge-1.20.1.jar
[26Sep2025 23:14:23.986] [main/DEBUG] [net.minecraftforge.fml.loading.moddiscovery.ModFileInfo/LOADING]: Found valid mod file boiled_reimagined-1.0.12-forge-1.20.1.jar with {boiled_reimagined} mods - versions {1.0.12}
[26Sep2025 23:14:23.987] [main/DEBUG] [net.minecraftforge.fml.loading.moddiscovery.ModFileParser/LOADING]: Considering mod file candidate /workspaces/literate-parakeet/servidor_minecraft/mods/brainrot-5.0.jar
[26Sep2025 23:14:23.988] [main/DEBUG] [net.minecraftforge.fml.loading.moddiscovery.ModFileInfo/LOADING]: Found valid mod file brainrot-5.0.jar with {brainrot} mods - versions {1.0.0}
[26Sep2025 23:14:23.988] [main/DEBUG] [net.minecraftforge.fml.loading.moddiscovery.ModFileParser/LOADING]: Considering mod file candidate /workspaces/literate-parakeet/servidor_minecraft/mods/carryon-forge-1.20.1-2.1.2.7.jar
[26Sep2025 23:14:23.992] [main/DEBUG] [net.minecraftforge.fml.loading.moddiscovery.ModFileInfo/LOADING]: Found valid mod file carryon-forge-1.20.1-2.1.2.7.jar with {carryon} mods - versions {2.1.2.7}
[26Sep2025 23:14:23.992] [main/DEBUG] [net.minecraftforge.fml.loading.moddiscovery.ModFileParser/LOADING]: Considering mod file candidate /workspaces/literate-parakeet/servidor_minecraft/mods/castle_in_the_sky-1.20.1-0.6.0.jar
[26Sep2025 23:14:23.995] [main/DEBUG] [net.minecraftforge.fml.loading.moddiscovery.ModFileInfo/LOADING]: Found valid mod file castle_in_the_sky-1.20.1-0.6.0.jar with {castle_in_the_sky} mods - versions {1.20.1}
[26Sep2025 23:14:23.995] [main/DEBUG] [net.minecraftforge.fml.loading.moddiscovery.ModFileParser/LOADING]: Considering mod file candidate /workspaces/literate-parakeet/servidor_minecraft/mods/celestialsapien-1.0.5 (quickfix).jar
[26Sep2025 23:14:23.996] [main/DEBUG] [net.minecraftforge.fml.loading.moddiscovery.ModFileInfo/LOADING]: Found valid mod file celestialsapien-1.0.5 (quickfix).jar with {mypowers} mods - versions {1.0.5}
[26Sep2025 23:14:24.025] [main/DEBUG] [net.minecraftforge.fml.loading.moddiscovery.ModFileParser/LOADING]: Considering mod file candidate /workspaces/literate-parakeet/servidor_minecraft/mods/cfm-forge-1.20.1-7.0.0-pre36.jar
[26Sep2025 23:14:24.028] [main/DEBUG] [net.minecraftforge.fml.loading.moddiscovery.ModFileInfo/LOADING]: Found valid mod file cfm-forge-1.20.1-7.0.0-pre36.jar with {cfm} mods - versions {7.0.0-pre36}
[26Sep2025 23:14:24.030] [main/DEBUG] [net.minecraftforge.fml.loading.moddiscovery.ModFileParser/LOADING]: Considering mod file candidate /workspaces/literate-parakeet/servidor_minecraft/mods/citadel-2.6.2-1.20.1.jar
[26Sep2025 23:14:24.031] [main/DEBUG] [net.minecraftforge.fml.loading.moddiscovery.ModFileInfo/LOADING]: Found valid mod file citadel-2.6.2-1.20.1.jar with {citadel} mods - versions {2.6.2}
[26Sep2025 23:14:24.032] [main/DEBUG] [net.minecraftforge.fml.loading.moddiscovery.ModFileParser/LOADING]: Considering mod file candidate /workspaces/literate-parakeet/servidor_minecraft/mods/cloth-config-11.1.136-forge.jar
[26Sep2025 23:14:24.034] [main/DEBUG] [net.minecraftforge.fml.loading.moddiscovery.ModFileInfo/LOADING]: Found valid mod file cloth-config-11.1.136-forge.jar with {cloth_config} mods - versions {11.1.136}
[26Sep2025 23:14:24.035] [main/DEBUG] [net.minecraftforge.fml.loading.moddiscovery.ModFileParser/LOADING]: Considering mod file candidate /workspaces/literate-parakeet/servidor_minecraft/mods/CreativeCore_FORGE_v2.12.32_mc1.20.1.jar
[26Sep2025 23:14:24.036] [main/DEBUG] [net.minecraftforge.fml.loading.moddiscovery.ModFileInfo/LOADING]: Found valid mod file CreativeCore_FORGE_v2.12.32_mc1.20.1.jar with {creativecore} mods - versions {2.12.32}
[26Sep2025 23:14:24.038] [main/DEBUG] [net.minecraftforge.fml.loading.moddiscovery.ModFileParser/LOADING]: Considering mod file candidate /workspaces/literate-parakeet/servidor_minecraft/mods/dungeons-and-taverns-3.0.3.f[Forge].jar
[26Sep2025 23:14:24.039] [main/DEBUG] [net.minecraftforge.fml.loading.moddiscovery.ModFileInfo/LOADING]: Found valid mod file dungeons-and-taverns-3.0.3.f[Forge].jar with {mr_dungeons_andtaverns} mods - versions {3.0.3.f}
[26Sep2025 23:14:24.040] [main/DEBUG] [net.minecraftforge.fml.loading.moddiscovery.ModFileParser/LOADING]: Considering mod file candidate /workspaces/literate-parakeet/servidor_minecraft/mods/DungeonsArise-1.20.x-2.1.58-release.jar
[26Sep2025 23:14:24.042] [main/DEBUG] [net.minecraftforge.fml.loading.moddiscovery.ModFileInfo/LOADING]: Found valid mod file DungeonsArise-1.20.x-2.1.58-release.jar with {dungeons_arise} mods - versions {2.1.58-1.20.x}
[26Sep2025 23:14:24.043] [main/DEBUG] [net.minecraftforge.fml.loading.moddiscovery.ModFileParser/LOADING]: Considering mod file candidate /workspaces/literate-parakeet/servidor_minecraft/mods/embeddium-0.3.31+mc1.20.1.jar
[26Sep2025 23:14:24.044] [main/DEBUG] [net.minecraftforge.fml.loading.moddiscovery.ModFileInfo/LOADING]: Found valid mod file embeddium-0.3.31+mc1.20.1.jar with {embeddium,rubidium} mods - versions {0.3.31+mc1.20.1,0.7.1}
[26Sep2025 23:14:24.047] [main/DEBUG] [net.minecraftforge.fml.loading.moddiscovery.ModFileParser/LOADING]: Considering mod file candidate /workspaces/literate-parakeet/servidor_minecraft/mods/FallingTree-1.20.1-4.3.4.jar
[26Sep2025 23:14:24.048] [main/DEBUG] [net.minecraftforge.fml.loading.moddiscovery.ModFileInfo/LOADING]: Found valid mod file FallingTree-1.20.1-4.3.4.jar with {fallingtree} mods - versions {4.3.4}
[26Sep2025 23:14:24.052] [main/DEBUG] [net.minecraftforge.fml.loading.moddiscovery.ModFileParser/LOADING]: Considering mod file candidate /workspaces/literate-parakeet/servidor_minecraft/mods/ferritecore-6.0.1-forge.jar
[26Sep2025 23:14:24.053] [main/DEBUG] [net.minecraftforge.fml.loading.moddiscovery.ModFileInfo/LOADING]: Found valid mod file ferritecore-6.0.1-forge.jar with {ferritecore} mods - versions {6.0.1}
[26Sep2025 23:14:24.054] [main/DEBUG] [net.minecraftforge.fml.loading.moddiscovery.ModFileParser/LOADING]: Considering mod file candidate /workspaces/literate-parakeet/servidor_minecraft/mods/geckolib-forge-1.20.1-4.7.4.jar
[26Sep2025 23:14:24.055] [main/DEBUG] [net.minecraftforge.fml.loading.moddiscovery.ModFileInfo/LOADING]: Found valid mod file geckolib-forge-1.20.1-4.7.4.jar with {geckolib} mods - versions {4.7.4}
[26Sep2025 23:14:24.056] [main/DEBUG] [net.minecraftforge.fml.loading.moddiscovery.ModFileParser/LOADING]: Considering mod file candidate /workspaces/literate-parakeet/servidor_minecraft/mods/gravecore-1.2.0-forge.jar
[26Sep2025 23:14:24.057] [main/DEBUG] [net.minecraftforge.fml.loading.moddiscovery.ModFileInfo/LOADING]: Found valid mod file gravecore-1.2.0-forge.jar with {gravecore} mods - versions {1.2.0}
[26Sep2025 23:14:24.058] [main/DEBUG] [net.minecraftforge.fml.loading.moddiscovery.ModFileParser/LOADING]: Considering mod file candidate /workspaces/literate-parakeet/servidor_minecraft/mods/gravestone-forge-1.20.1-1.0.32.jar
[26Sep2025 23:14:24.059] [main/DEBUG] [net.minecraftforge.fml.loading.moddiscovery.ModFileInfo/LOADING]: Found valid mod file gravestone-forge-1.20.1-1.0.32.jar with {gravestone} mods - versions {1.20.1-1.0.32}
[26Sep2025 23:14:24.061] [main/DEBUG] [net.minecraftforge.fml.loading.moddiscovery.ModFileParser/LOADING]: Considering mod file candidate /workspaces/literate-parakeet/servidor_minecraft/mods/HopoBetterMineshaft-[1.20.1-1.20.4]-1.2.2c.jar
[26Sep2025 23:14:24.061] [main/DEBUG] [net.minecraftforge.fml.loading.moddiscovery.ModFileInfo/LOADING]: Found valid mod file HopoBetterMineshaft-[1.20.1-1.20.4]-1.2.2c.jar with {hopo} mods - versions {1.2.2}
[26Sep2025 23:14:24.062] [main/DEBUG] [net.minecraftforge.fml.loading.moddiscovery.ModFileParser/LOADING]: Considering mod file candidate /workspaces/literate-parakeet/servidor_minecraft/mods/HopperGadgetry-v20.1.2-1.20.1-Forge.jar
[26Sep2025 23:14:24.063] [main/DEBUG] [net.minecraftforge.fml.loading.moddiscovery.ModFileInfo/LOADING]: Found valid mod file HopperGadgetry-v20.1.2-1.20.1-Forge.jar with {hoppergadgetry} mods - versions {20.1.2}
[26Sep2025 23:14:24.067] [main/DEBUG] [net.minecraftforge.fml.loading.moddiscovery.ModFileParser/LOADING]: Considering mod file candidate /workspaces/literate-parakeet/servidor_minecraft/mods/iceandfire-2.1.13-1.20.1-beta-5.jar
[26Sep2025 23:14:24.068] [main/DEBUG] [net.minecraftforge.fml.loading.moddiscovery.ModFileInfo/LOADING]: Found valid mod file iceandfire-2.1.13-1.20.1-beta-5.jar with {iceandfire} mods - versions {2.1.13-1.20.1}
[26Sep2025 23:14:24.069] [main/DEBUG] [net.minecraftforge.fml.loading.moddiscovery.ModFileParser/LOADING]: Considering mod file candidate /workspaces/literate-parakeet/servidor_minecraft/mods/jei-1.20.1-forge-15.20.0.112.jar
[26Sep2025 23:14:24.071] [main/DEBUG] [net.minecraftforge.fml.loading.moddiscovery.ModFileInfo/LOADING]: Found valid mod file jei-1.20.1-forge-15.20.0.112.jar with {jei} mods - versions {15.20.0.112}
[26Sep2025 23:14:24.072] [main/DEBUG] [net.minecraftforge.fml.loading.moddiscovery.ModFileParser/LOADING]: Considering mod file candidate /workspaces/literate-parakeet/servidor_minecraft/mods/kubejs-forge-2001.6.5-build.16.jar
[26Sep2025 23:14:24.073] [main/DEBUG] [net.minecraftforge.fml.loading.moddiscovery.ModFileInfo/LOADING]: Found valid mod file kubejs-forge-2001.6.5-build.16.jar with {kubejs} mods - versions {2001.6.5-build.16}
[26Sep2025 23:14:24.074] [main/DEBUG] [net.minecraftforge.fml.loading.moddiscovery.ModFileParser/LOADING]: Considering mod file candidate /workspaces/literate-parakeet/servidor_minecraft/mods/libraryferret-forge-1.20.1-4.0.0.jar
[26Sep2025 23:14:24.074] [main/DEBUG] [net.minecraftforge.fml.loading.moddiscovery.ModFileInfo/LOADING]: Found valid mod file libraryferret-forge-1.20.1-4.0.0.jar with {libraryferret} mods - versions {4.0.0}
[26Sep2025 23:14:24.075] [main/DEBUG] [net.minecraftforge.fml.loading.moddiscovery.ModFileParser/LOADING]: Considering mod file candidate /workspaces/literate-parakeet/servidor_minecraft/mods/loafcats-1.2-1.20.1.jar
[26Sep2025 23:14:24.076] [main/DEBUG] [net.minecraftforge.fml.loading.moddiscovery.ModFileInfo/LOADING]: Found valid mod file loafcats-1.2-1.20.1.jar with {loafcats} mods - versions {1.2-1.20.1}
[26Sep2025 23:14:24.077] [main/DEBUG] [net.minecraftforge.fml.loading.moddiscovery.ModFileParser/LOADING]: Considering mod file candidate /workspaces/literate-parakeet/servidor_minecraft/mods/mcef-forge-2.1.6-1.20.1.jar
[26Sep2025 23:14:24.078] [main/DEBUG] [net.minecraftforge.fml.loading.moddiscovery.ModFileInfo/LOADING]: Found valid mod file mcef-forge-2.1.6-1.20.1.jar with {mcef} mods - versions {2.1.6-1.20.1}
[26Sep2025 23:14:24.079] [main/DEBUG] [net.minecraftforge.fml.loading.moddiscovery.ModFileParser/LOADING]: Considering mod file candidate /workspaces/literate-parakeet/servidor_minecraft/mods/modernfix-forge-5.24.4+mc1.20.1.jar
[26Sep2025 23:14:24.081] [main/DEBUG] [net.minecraftforge.fml.loading.moddiscovery.ModFileInfo/LOADING]: Found valid mod file modernfix-forge-5.24.4+mc1.20.1.jar with {modernfix} mods - versions {5.24.4+mc1.20.1}
[26Sep2025 23:14:24.086] [main/DEBUG] [net.minecraftforge.fml.loading.moddiscovery.ModFileParser/LOADING]: Considering mod file candidate /workspaces/literate-parakeet/servidor_minecraft/mods/mofus_broken_constellation-0.9.0-forge-1.20.1.jar
[26Sep2025 23:14:24.087] [main/DEBUG] [net.minecraftforge.fml.loading.moddiscovery.ModFileInfo/LOADING]: Found valid mod file mofus_broken_constellation-0.9.0-forge-1.20.1.jar with {mofus_better_end_} mods - versions {1.0.0}
[26Sep2025 23:14:24.088] [main/DEBUG] [net.minecraftforge.fml.loading.moddiscovery.ModFileParser/LOADING]: Considering mod file candidate /workspaces/literate-parakeet/servidor_minecraft/mods/moonlight-1.20-2.16.8-forge.jar
[26Sep2025 23:14:24.089] [main/DEBUG] [net.minecraftforge.fml.loading.moddiscovery.ModFileInfo/LOADING]: Found valid mod file moonlight-1.20-2.16.8-forge.jar with {moonlight} mods - versions {1.20-2.16.8}
[26Sep2025 23:14:24.090] [main/DEBUG] [net.minecraftforge.fml.loading.moddiscovery.ModFileParser/LOADING]: Considering mod file candidate /workspaces/literate-parakeet/servidor_minecraft/mods/mowziesmobs-1.7.3.jar
[26Sep2025 23:14:24.091] [main/DEBUG] [net.minecraftforge.fml.loading.moddiscovery.ModFileInfo/LOADING]: Found valid mod file mowziesmobs-1.7.3.jar with {mowziesmobs} mods - versions {1.7.3}
[26Sep2025 23:14:24.095] [main/DEBUG] [net.minecraftforge.fml.loading.moddiscovery.ModFileParser/LOADING]: Considering mod file candidate /workspaces/literate-parakeet/servidor_minecraft/mods/MutantMonsters-v8.0.7-1.20.1-Forge.jar
[26Sep2025 23:14:24.096] [main/DEBUG] [net.minecraftforge.fml.loading.moddiscovery.ModFileInfo/LOADING]: Found valid mod file MutantMonsters-v8.0.7-1.20.1-Forge.jar with {mutantmonsters} mods - versions {8.0.7}
[26Sep2025 23:14:24.097] [main/DEBUG] [net.minecraftforge.fml.loading.moddiscovery.ModFileParser/LOADING]: Considering mod file candidate /workspaces/literate-parakeet/servidor_minecraft/mods/notenoughanimations-forge-1.10.1-mc1.20.1.jar
[26Sep2025 23:14:24.098] [main/DEBUG] [net.minecraftforge.fml.loading.moddiscovery.ModFileInfo/LOADING]: Found valid mod file notenoughanimations-forge-1.10.1-mc1.20.1.jar with {notenoughanimations} mods - versions {1.10.1}
[26Sep2025 23:14:24.098] [main/DEBUG] [net.minecraftforge.fml.loading.moddiscovery.ModFileParser/LOADING]: Considering mod file candidate /workspaces/literate-parakeet/servidor_minecraft/mods/OctoLib-FORGE-0.5.0.1+1.20.1.jar
[26Sep2025 23:14:24.099] [main/DEBUG] [net.minecraftforge.fml.loading.moddiscovery.ModFileInfo/LOADING]: Found valid mod file OctoLib-FORGE-0.5.0.1+1.20.1.jar with {octolib} mods - versions {0.5.0.1}
[26Sep2025 23:14:24.100] [main/DEBUG] [net.minecraftforge.fml.loading.moddiscovery.ModFileParser/LOADING]: Considering mod file candidate /workspaces/literate-parakeet/servidor_minecraft/mods/packetfixer-3.1.4-1.18-1.20.4-merged.jar
[26Sep2025 23:14:24.101] [main/DEBUG] [net.minecraftforge.fml.loading.moddiscovery.ModFileInfo/LOADING]: Found valid mod file packetfixer-3.1.4-1.18-1.20.4-merged.jar with {packetfixer} mods - versions {3.1.4}
[26Sep2025 23:14:24.102] [main/DEBUG] [net.minecraftforge.fml.loading.moddiscovery.ModFileParser/LOADING]: Considering mod file candidate /workspaces/literate-parakeet/servidor_minecraft/mods/palladium-4.2.8+1.20.1-forge.jar
[26Sep2025 23:14:24.103] [main/DEBUG] [net.minecraftforge.fml.loading.moddiscovery.ModFileInfo/LOADING]: Found valid mod file palladium-4.2.8+1.20.1-forge.jar with {palladium} mods - versions {4.2.8}
[26Sep2025 23:14:24.104] [main/DEBUG] [net.minecraftforge.fml.loading.moddiscovery.ModFileParser/LOADING]: Considering mod file candidate /workspaces/literate-parakeet/servidor_minecraft/mods/Pehkui-3.8.2+1.20.1-forge.jar
[26Sep2025 23:14:24.105] [main/DEBUG] [net.minecraftforge.fml.loading.moddiscovery.ModFileInfo/LOADING]: Found valid mod file Pehkui-3.8.2+1.20.1-forge.jar with {pehkui} mods - versions {3.8.2+1.20.1-forge}
[26Sep2025 23:14:24.105] [main/DEBUG] [net.minecraftforge.fml.loading.moddiscovery.ModFileParser/LOADING]: Considering mod file candidate /workspaces/literate-parakeet/servidor_minecraft/mods/pet_cemetery-1.20.1-2.0.0.jar
[26Sep2025 23:14:24.107] [main/DEBUG] [net.minecraftforge.fml.loading.moddiscovery.ModFileInfo/LOADING]: Found valid mod file pet_cemetery-1.20.1-2.0.0.jar with {pet_cemetery} mods - versions {2.0.0}
[26Sep2025 23:14:24.108] [main/DEBUG] [net.minecraftforge.fml.loading.moddiscovery.ModFileParser/LOADING]: Considering mod file candidate /workspaces/literate-parakeet/servidor_minecraft/mods/PlayerRevive_FORGE_v2.0.31_mc1.20.1.jar
[26Sep2025 23:14:24.109] [main/DEBUG] [net.minecraftforge.fml.loading.moddiscovery.ModFileInfo/LOADING]: Found valid mod file PlayerRevive_FORGE_v2.0.31_mc1.20.1.jar with {playerrevive} mods - versions {2.0.31}
[26Sep2025 23:14:24.110] [main/DEBUG] [net.minecraftforge.fml.loading.moddiscovery.ModFileParser/LOADING]: Considering mod file candidate /workspaces/literate-parakeet/servidor_minecraft/mods/PresenceFootsteps-1.20.1-1.9.1-beta.1.jar
[26Sep2025 23:14:24.111] [main/DEBUG] [net.minecraftforge.fml.loading.moddiscovery.ModFileInfo/LOADING]: Found valid mod file PresenceFootsteps-1.20.1-1.9.1-beta.1.jar with {presencefootsteps} mods - versions {1.20.1-1.9.1-beta.1}
[26Sep2025 23:14:24.112] [main/DEBUG] [net.minecraftforge.fml.loading.moddiscovery.ModFileParser/LOADING]: Considering mod file candidate /workspaces/literate-parakeet/servidor_minecraft/mods/Pretty Rain-1.20.1-Forge-1.1.3.jar
[26Sep2025 23:14:24.113] [main/DEBUG] [net.minecraftforge.fml.loading.moddiscovery.ModFileInfo/LOADING]: Found valid mod file Pretty Rain-1.20.1-Forge-1.1.3.jar with {particlerain} mods - versions {1.1.3}
[26Sep2025 23:14:24.128] [main/DEBUG] [net.minecraftforge.fml.loading.moddiscovery.ModFileParser/LOADING]: Considering mod file candidate /workspaces/literate-parakeet/servidor_minecraft/mods/PuzzlesLib-v8.1.33-1.20.1-Forge.jar
[26Sep2025 23:14:24.130] [main/DEBUG] [net.minecraftforge.fml.loading.moddiscovery.ModFileInfo/LOADING]: Found valid mod file PuzzlesLib-v8.1.33-1.20.1-Forge.jar with {puzzleslib} mods - versions {8.1.33}
[26Sep2025 23:14:24.131] [main/DEBUG] [net.minecraftforge.fml.loading.moddiscovery.ModFileParser/LOADING]: Considering mod file candidate /workspaces/literate-parakeet/servidor_minecraft/mods/radium-mc1.20.1-0.12.4+git.26c9d8e.jar
[26Sep2025 23:14:24.132] [main/DEBUG] [net.minecraftforge.fml.loading.moddiscovery.ModFileInfo/LOADING]: Found valid mod file radium-mc1.20.1-0.12.4+git.26c9d8e.jar with {radium} mods - versions {0.12.4+git.26c9d8e}
[26Sep2025 23:14:24.134] [main/DEBUG] [net.minecraftforge.fml.loading.moddiscovery.ModFileParser/LOADING]: Considering mod file candidate /workspaces/literate-parakeet/servidor_minecraft/mods/relics-1.20.1-0.8.0.7.jar
[26Sep2025 23:14:24.135] [main/DEBUG] [net.minecraftforge.fml.loading.moddiscovery.ModFileInfo/LOADING]: Found valid mod file relics-1.20.1-0.8.0.7.jar with {relics} mods - versions {0.8.0.7}
[26Sep2025 23:14:24.136] [main/DEBUG] [net.minecraftforge.fml.loading.moddiscovery.ModFileParser/LOADING]: Considering mod file candidate /workspaces/literate-parakeet/servidor_minecraft/mods/rhino-forge-2001.2.3-build.10.jar
[26Sep2025 23:14:24.137] [main/DEBUG] [net.minecraftforge.fml.loading.moddiscovery.ModFileInfo/LOADING]: Found valid mod file rhino-forge-2001.2.3-build.10.jar with {rhino} mods - versions {2001.2.3-build.10}
[26Sep2025 23:14:24.139] [main/DEBUG] [net.minecraftforge.fml.loading.moddiscovery.ModFileParser/LOADING]: Considering mod file candidate /workspaces/literate-parakeet/servidor_minecraft/mods/rustic_engineer-1.1.3-forge-1.20.1.jar
[26Sep2025 23:14:24.139] [main/DEBUG] [net.minecraftforge.fml.loading.moddiscovery.ModFileInfo/LOADING]: Found valid mod file rustic_engineer-1.1.3-forge-1.20.1.jar with {rustic_engineer} mods - versions {1.1.3}
[26Sep2025 23:14:24.140] [main/DEBUG] [net.minecraftforge.fml.loading.moddiscovery.ModFileParser/LOADING]: Considering mod file candidate /workspaces/literate-parakeet/servidor_minecraft/mods/serversleep-mod.jar
[26Sep2025 23:14:24.141] [main/DEBUG] [net.minecraftforge.fml.loading.moddiscovery.ModFileInfo/LOADING]: Found valid mod file serversleep-mod.jar with {mr_serversleep} mods - versions {1-datapack}
[26Sep2025 23:14:24.141] [main/DEBUG] [net.minecraftforge.fml.loading.moddiscovery.ModFileParser/LOADING]: Considering mod file candidate /workspaces/literate-parakeet/servidor_minecraft/mods/the_knocker-1.5.0-forge-1.20.1.jar
[26Sep2025 23:14:24.142] [main/DEBUG] [net.minecraftforge.fml.loading.moddiscovery.ModFileInfo/LOADING]: Found valid mod file the_knocker-1.5.0-forge-1.20.1.jar with {the_knocker} mods - versions {1.5.0}
[26Sep2025 23:14:24.143] [main/DEBUG] [net.minecraftforge.fml.loading.moddiscovery.ModFileParser/LOADING]: Considering mod file candidate /workspaces/literate-parakeet/servidor_minecraft/mods/toms_storage-1.20-1.7.1.jar
[26Sep2025 23:14:24.145] [main/DEBUG] [net.minecraftforge.fml.loading.moddiscovery.ModFileInfo/LOADING]: Found valid mod file toms_storage-1.20-1.7.1.jar with {toms_storage} mods - versions {1.7.1}
[26Sep2025 23:14:24.145] [main/DEBUG] [net.minecraftforge.fml.loading.moddiscovery.ModFileParser/LOADING]: Considering mod file candidate /workspaces/literate-parakeet/servidor_minecraft/mods/ToolBelt-1.20.1-1.20.02.jar
[26Sep2025 23:14:24.146] [main/DEBUG] [net.minecraftforge.fml.loading.moddiscovery.ModFileInfo/LOADING]: Found valid mod file ToolBelt-1.20.1-1.20.02.jar with {toolbelt} mods - versions {1.20.02}
[26Sep2025 23:14:24.148] [main/DEBUG] [net.minecraftforge.fml.loading.moddiscovery.ModFileParser/LOADING]: Considering mod file candidate /workspaces/literate-parakeet/servidor_minecraft/mods/travelersbackpack-forge-1.20.1-9.1.40.jar
[26Sep2025 23:14:24.150] [main/DEBUG] [net.minecraftforge.fml.loading.moddiscovery.ModFileInfo/LOADING]: Found valid mod file travelersbackpack-forge-1.20.1-9.1.40.jar with {travelersbackpack} mods - versions {9.1.40}
[26Sep2025 23:14:24.150] [main/DEBUG] [net.minecraftforge.fml.loading.moddiscovery.ModFileParser/LOADING]: Considering mod file candidate /workspaces/literate-parakeet/servidor_minecraft/mods/tru.e-ending-v1.1.0c.jar
[26Sep2025 23:14:24.151] [main/DEBUG] [net.minecraftforge.fml.loading.moddiscovery.ModFileInfo/LOADING]: Found valid mod file tru.e-ending-v1.1.0c.jar with {mr_limesplatus_ending} mods - versions {1-v1.1.0c}
[26Sep2025 23:14:24.152] [main/DEBUG] [net.minecraftforge.fml.loading.moddiscovery.ModFileParser/LOADING]: Considering mod file candidate /workspaces/literate-parakeet/servidor_minecraft/mods/webdisplays-2.0.2-1.20.1.jar
[26Sep2025 23:14:24.153] [main/DEBUG] [net.minecraftforge.fml.loading.moddiscovery.ModFileInfo/LOADING]: Found valid mod file webdisplays-2.0.2-1.20.1.jar with {webdisplays} mods - versions {2.0.1-1.20.1}
[26Sep2025 23:14:24.154] [main/DEBUG] [net.minecraftforge.fml.loading.moddiscovery.ModFileParser/LOADING]: Considering mod file candidate /workspaces/literate-parakeet/servidor_minecraft/mods/Xaeros_Minimap_25.2.10_Forge_1.20.jar
[26Sep2025 23:14:24.155] [main/DEBUG] [net.minecraftforge.fml.loading.moddiscovery.ModFileInfo/LOADING]: Found valid mod file Xaeros_Minimap_25.2.10_Forge_1.20.jar with {xaerominimap} mods - versions {25.2.10}
[26Sep2025 23:14:24.156] [main/DEBUG] [net.minecraftforge.fml.loading.moddiscovery.ModFileParser/LOADING]: Considering mod file candidate /workspaces/literate-parakeet/servidor_minecraft/mods/YungsApi-1.20-Forge-4.0.6.jar
[26Sep2025 23:14:24.157] [main/DEBUG] [net.minecraftforge.fml.loading.moddiscovery.ModFileInfo/LOADING]: Found valid mod file YungsApi-1.20-Forge-4.0.6.jar with {yungsapi} mods - versions {1.20-Forge-4.0.6}
[26Sep2025 23:14:24.158] [main/DEBUG] [net.minecraftforge.fml.loading.moddiscovery.ModFileParser/LOADING]: Considering mod file candidate /workspaces/literate-parakeet/servidor_minecraft/mods/YungsBetterEndIsland-1.20-Forge-2.0.6.jar
[26Sep2025 23:14:24.159] [main/DEBUG] [net.minecraftforge.fml.loading.moddiscovery.ModFileInfo/LOADING]: Found valid mod file YungsBetterEndIsland-1.20-Forge-2.0.6.jar with {betterendisland} mods - versions {1.20-Forge-2.0.6}
[26Sep2025 23:14:24.285] [main/DEBUG] [net.minecraftforge.fml.loading.moddiscovery.ModFileInfo/LOADING]: Found valid mod file server-1.20.1-20230612.114412-srg.jar with {minecraft} mods - versions {1.20.1}
[26Sep2025 23:14:24.287] [main/DEBUG] [net.minecraftforge.fml.loading.moddiscovery.ModFileParser/LOADING]: Considering mod file candidate /workspaces/literate-parakeet/servidor_minecraft/libraries/net/minecraftforge/fmlcore/1.20.1-47.3.7/fmlcore-1.20.1-47.3.7.jar
[26Sep2025 23:14:24.287] [main/WARN] [net.minecraftforge.fml.loading.moddiscovery.ModFileParser/LOADING]: Mod file /workspaces/literate-parakeet/servidor_minecraft/libraries/net/minecraftforge/fmlcore/1.20.1-47.3.7/fmlcore-1.20.1-47.3.7.jar is missing mods.toml file
[26Sep2025 23:14:24.288] [main/DEBUG] [net.minecraftforge.fml.loading.moddiscovery.ModFileParser/LOADING]: Considering mod file candidate /workspaces/literate-parakeet/servidor_minecraft/libraries/net/minecraftforge/javafmllanguage/1.20.1-47.3.7/javafmllanguage-1.20.1-47.3.7.jar
[26Sep2025 23:14:24.288] [main/WARN] [net.minecraftforge.fml.loading.moddiscovery.ModFileParser/LOADING]: Mod file /workspaces/literate-parakeet/servidor_minecraft/libraries/net/minecraftforge/javafmllanguage/1.20.1-47.3.7/javafmllanguage-1.20.1-47.3.7.jar is missing mods.toml file
[26Sep2025 23:14:24.289] [main/DEBUG] [net.minecraftforge.fml.loading.moddiscovery.ModFileParser/LOADING]: Considering mod file candidate /workspaces/literate-parakeet/servidor_minecraft/libraries/net/minecraftforge/lowcodelanguage/1.20.1-47.3.7/lowcodelanguage-1.20.1-47.3.7.jar
[26Sep2025 23:14:24.289] [main/WARN] [net.minecraftforge.fml.loading.moddiscovery.ModFileParser/LOADING]: Mod file /workspaces/literate-parakeet/servidor_minecraft/libraries/net/minecraftforge/lowcodelanguage/1.20.1-47.3.7/lowcodelanguage-1.20.1-47.3.7.jar is missing mods.toml file
[26Sep2025 23:14:24.290] [main/DEBUG] [net.minecraftforge.fml.loading.moddiscovery.ModFileParser/LOADING]: Considering mod file candidate /workspaces/literate-parakeet/servidor_minecraft/libraries/net/minecraftforge/mclanguage/1.20.1-47.3.7/mclanguage-1.20.1-47.3.7.jar
[26Sep2025 23:14:24.290] [main/WARN] [net.minecraftforge.fml.loading.moddiscovery.ModFileParser/LOADING]: Mod file /workspaces/literate-parakeet/servidor_minecraft/libraries/net/minecraftforge/mclanguage/1.20.1-47.3.7/mclanguage-1.20.1-47.3.7.jar is missing mods.toml file
[26Sep2025 23:14:24.315] [main/DEBUG] [net.minecraftforge.fml.loading.moddiscovery.ModFileParser/LOADING]: Considering mod file candidate /workspaces/literate-parakeet/servidor_minecraft/libraries/net/minecraftforge/forge/1.20.1-47.3.7/forge-1.20.1-47.3.7-universal.jar
[26Sep2025 23:14:24.317] [main/DEBUG] [net.minecraftforge.fml.loading.moddiscovery.ModFileInfo/LOADING]: Found valid mod file forge-1.20.1-47.3.7-universal.jar with {forge} mods - versions {47.3.7}
[26Sep2025 23:14:24.327] [main/DEBUG] [net.minecraftforge.fml.loading.moddiscovery.AbstractJarFileDependencyLocator/]: Failed to load resource META-INF/jarjar/metadata.json from rhino-forge-2001.2.3-build.10.jar, it does not contain dependency information.
[26Sep2025 23:14:24.327] [main/DEBUG] [net.minecraftforge.fml.loading.moddiscovery.AbstractJarFileDependencyLocator/]: Failed to load resource META-INF/jarjar/metadata.json from mowziesmobs-1.7.3.jar, it does not contain dependency information.
[26Sep2025 23:14:24.327] [main/DEBUG] [net.minecraftforge.fml.loading.moddiscovery.AbstractJarFileDependencyLocator/]: Failed to load resource META-INF/jarjar/metadata.json from mcef-forge-2.1.6-1.20.1.jar, it does not contain dependency information.
[26Sep2025 23:14:24.327] [main/DEBUG] [net.minecraftforge.fml.loading.moddiscovery.AbstractJarFileDependencyLocator/]: Failed to load resource META-INF/jarjar/metadata.json from alexsmobs-1.22.9.jar, it does not contain dependency information.
[26Sep2025 23:14:24.327] [main/DEBUG] [net.minecraftforge.fml.loading.moddiscovery.AbstractJarFileDependencyLocator/]: Failed to load resource META-INF/jarjar/metadata.json from jei-1.20.1-forge-15.20.0.112.jar, it does not contain dependency information.
[26Sep2025 23:14:24.328] [main/DEBUG] [net.minecraftforge.fml.loading.moddiscovery.AbstractJarFileDependencyLocator/]: Failed to load resource META-INF/jarjar/metadata.json from Pretty Rain-1.20.1-Forge-1.1.3.jar, it does not contain dependency information.
[26Sep2025 23:14:24.328] [main/DEBUG] [net.minecraftforge.fml.loading.moddiscovery.AbstractJarFileDependencyLocator/]: Failed to load resource META-INF/jarjar/metadata.json from libraryferret-forge-1.20.1-4.0.0.jar, it does not contain dependency information.
[26Sep2025 23:14:24.328] [main/DEBUG] [net.minecraftforge.fml.loading.moddiscovery.AbstractJarFileDependencyLocator/]: Failed to load resource META-INF/jarjar/metadata.json from rustic_engineer-1.1.3-forge-1.20.1.jar, it does not contain dependency information.
[26Sep2025 23:14:24.328] [main/DEBUG] [net.minecraftforge.fml.loading.moddiscovery.AbstractJarFileDependencyLocator/]: Failed to load resource META-INF/jarjar/metadata.json from brainrot-5.0.jar, it does not contain dependency information.
[26Sep2025 23:14:24.328] [main/DEBUG] [net.minecraftforge.fml.loading.moddiscovery.AbstractJarFileDependencyLocator/]: Failed to load resource META-INF/jarjar/metadata.json from betterendcities-1.0.0-1.20.1.jar, it does not contain dependency information.
[26Sep2025 23:14:24.329] [main/DEBUG] [net.minecraftforge.fml.loading.moddiscovery.AbstractJarFileDependencyLocator/]: Failed to load resource META-INF/jarjar/metadata.json from citadel-2.6.2-1.20.1.jar, it does not contain dependency information.
[26Sep2025 23:14:24.329] [main/DEBUG] [net.minecraftforge.fml.loading.moddiscovery.AbstractJarFileDependencyLocator/]: Failed to load resource META-INF/jarjar/metadata.json from celestialsapien-1.0.5 (quickfix).jar, it does not contain dependency information.
[26Sep2025 23:14:24.329] [main/DEBUG] [net.minecraftforge.fml.loading.moddiscovery.AbstractJarFileDependencyLocator/]: Failed to load resource META-INF/jarjar/metadata.json from travelersbackpack-forge-1.20.1-9.1.40.jar, it does not contain dependency information.
[26Sep2025 23:14:24.329] [main/DEBUG] [net.minecraftforge.fml.loading.moddiscovery.AbstractJarFileDependencyLocator/]: Failed to load resource META-INF/jarjar/metadata.json from YungsApi-1.20-Forge-4.0.6.jar, it does not contain dependency information.
[26Sep2025 23:14:24.329] [main/DEBUG] [net.minecraftforge.fml.loading.moddiscovery.AbstractJarFileDependencyLocator/]: Failed to load resource META-INF/jarjar/metadata.json from relics-1.20.1-0.8.0.7.jar, it does not contain dependency information.
[26Sep2025 23:14:24.329] [main/DEBUG] [net.minecraftforge.fml.loading.moddiscovery.AbstractJarFileDependencyLocator/]: Failed to load resource META-INF/jarjar/metadata.json from iceandfire-2.1.13-1.20.1-beta-5.jar, it does not contain dependency information.
[26Sep2025 23:14:24.330] [main/DEBUG] [net.minecraftforge.fml.loading.moddiscovery.AbstractJarFileDependencyLocator/]: Failed to load resource META-INF/jarjar/metadata.json from blueprint-1.20.1-7.1.3.jar, it does not contain dependency information.
[26Sep2025 23:14:24.330] [main/DEBUG] [net.minecraftforge.fml.loading.moddiscovery.AbstractJarFileDependencyLocator/]: Failed to load resource META-INF/jarjar/metadata.json from cloth-config-11.1.136-forge.jar, it does not contain dependency information.
[26Sep2025 23:14:24.330] [main/DEBUG] [net.minecraftforge.fml.loading.moddiscovery.AbstractJarFileDependencyLocator/]: Failed to load resource META-INF/jarjar/metadata.json from boiled_reimagined-1.0.12-forge-1.20.1.jar, it does not contain dependency information.
[26Sep2025 23:14:24.330] [main/DEBUG] [net.minecraftforge.fml.loading.moddiscovery.AbstractJarFileDependencyLocator/]: Failed to load resource META-INF/jarjar/metadata.json from forge-1.20.1-47.3.7-universal.jar, it does not contain dependency information.
[26Sep2025 23:14:24.331] [main/DEBUG] [net.minecraftforge.fml.loading.moddiscovery.AbstractJarFileDependencyLocator/]: Failed to load resource META-INF/jarjar/metadata.json from webdisplays-2.0.2-1.20.1.jar, it does not contain dependency information.
[26Sep2025 23:14:24.331] [main/DEBUG] [net.minecraftforge.fml.loading.moddiscovery.AbstractJarFileDependencyLocator/]: Failed to load resource META-INF/jarjar/metadata.json from DungeonsArise-1.20.x-2.1.58-release.jar, it does not contain dependency information.
[26Sep2025 23:14:24.331] [main/DEBUG] [net.minecraftforge.fml.loading.moddiscovery.AbstractJarFileDependencyLocator/]: Failed to load resource META-INF/jarjar/metadata.json from castle_in_the_sky-1.20.1-0.6.0.jar, it does not contain dependency information.
[26Sep2025 23:14:24.332] [main/DEBUG] [net.minecraftforge.fml.loading.moddiscovery.AbstractJarFileDependencyLocator/]: Failed to load resource META-INF/jarjar/metadata.json from server-1.20.1-20230612.114412-srg.jar, it does not contain dependency information.
[26Sep2025 23:14:24.332] [main/DEBUG] [net.minecraftforge.fml.loading.moddiscovery.AbstractJarFileDependencyLocator/]: Failed to load resource META-INF/jarjar/metadata.json from ToolBelt-1.20.1-1.20.02.jar, it does not contain dependency information.
[26Sep2025 23:14:24.332] [main/DEBUG] [net.minecraftforge.fml.loading.moddiscovery.AbstractJarFileDependencyLocator/]: Failed to load resource META-INF/jarjar/metadata.json from serversleep-mod.jar, it does not contain dependency information.
[26Sep2025 23:14:24.332] [main/DEBUG] [net.minecraftforge.fml.loading.moddiscovery.AbstractJarFileDependencyLocator/]: Failed to load resource META-INF/jarjar/metadata.json from mofus_broken_constellation-0.9.0-forge-1.20.1.jar, it does not contain dependency information.
[26Sep2025 23:14:24.333] [main/DEBUG] [net.minecraftforge.fml.loading.moddiscovery.AbstractJarFileDependencyLocator/]: Failed to load resource META-INF/jarjar/metadata.json from CreativeCore_FORGE_v2.12.32_mc1.20.1.jar, it does not contain dependency information.
[26Sep2025 23:14:24.333] [main/DEBUG] [net.minecraftforge.fml.loading.moddiscovery.AbstractJarFileDependencyLocator/]: Failed to load resource META-INF/jarjar/metadata.json from Xaeros_Minimap_25.2.10_Forge_1.20.jar, it does not contain dependency information.
[26Sep2025 23:14:24.333] [main/DEBUG] [net.minecraftforge.fml.loading.moddiscovery.AbstractJarFileDependencyLocator/]: Failed to load resource META-INF/jarjar/metadata.json from gravestone-forge-1.20.1-1.0.32.jar, it does not contain dependency information.
[26Sep2025 23:14:24.333] [main/DEBUG] [net.minecraftforge.fml.loading.moddiscovery.AbstractJarFileDependencyLocator/]: Failed to load resource META-INF/jarjar/metadata.json from pet_cemetery-1.20.1-2.0.0.jar, it does not contain dependency information.
[26Sep2025 23:14:24.333] [main/DEBUG] [net.minecraftforge.fml.loading.moddiscovery.AbstractJarFileDependencyLocator/]: Failed to load resource META-INF/jarjar/metadata.json from dungeons-and-taverns-3.0.3.f[Forge].jar, it does not contain dependency information.
[26Sep2025 23:14:24.334] [main/DEBUG] [net.minecraftforge.fml.loading.moddiscovery.AbstractJarFileDependencyLocator/]: Failed to load resource META-INF/jarjar/metadata.json from loafcats-1.2-1.20.1.jar, it does not contain dependency information.
[26Sep2025 23:14:24.334] [main/DEBUG] [net.minecraftforge.fml.loading.moddiscovery.AbstractJarFileDependencyLocator/]: Failed to load resource META-INF/jarjar/metadata.json from cfm-forge-1.20.1-7.0.0-pre36.jar, it does not contain dependency information.
[26Sep2025 23:14:24.334] [main/DEBUG] [net.minecraftforge.fml.loading.moddiscovery.AbstractJarFileDependencyLocator/]: Failed to load resource META-INF/jarjar/metadata.json from architectury-9.2.14-forge.jar, it does not contain dependency information.
[26Sep2025 23:14:24.334] [main/DEBUG] [net.minecraftforge.fml.loading.moddiscovery.AbstractJarFileDependencyLocator/]: Failed to load resource META-INF/jarjar/metadata.json from tru.e-ending-v1.1.0c.jar, it does not contain dependency information.
[26Sep2025 23:14:24.334] [main/DEBUG] [net.minecraftforge.fml.loading.moddiscovery.AbstractJarFileDependencyLocator/]: Failed to load resource META-INF/jarjar/metadata.json from ferritecore-6.0.1-forge.jar, it does not contain dependency information.
[26Sep2025 23:14:24.335] [main/DEBUG] [net.minecraftforge.fml.loading.moddiscovery.AbstractJarFileDependencyLocator/]: Failed to load resource META-INF/jarjar/metadata.json from YungsBetterEndIsland-1.20-Forge-2.0.6.jar, it does not contain dependency information.
[26Sep2025 23:14:24.335] [main/DEBUG] [net.minecraftforge.fml.loading.moddiscovery.AbstractJarFileDependencyLocator/]: Failed to load resource META-INF/jarjar/metadata.json from the_knocker-1.5.0-forge-1.20.1.jar, it does not contain dependency information.
[26Sep2025 23:14:24.335] [main/DEBUG] [net.minecraftforge.fml.loading.moddiscovery.AbstractJarFileDependencyLocator/]: Failed to load resource META-INF/jarjar/metadata.json from FallingTree-1.20.1-4.3.4.jar, it does not contain dependency information.
[26Sep2025 23:14:24.335] [main/DEBUG] [net.minecraftforge.fml.loading.moddiscovery.AbstractJarFileDependencyLocator/]: Failed to load resource META-INF/jarjar/metadata.json from toms_storage-1.20-1.7.1.jar, it does not contain dependency information.
[26Sep2025 23:14:24.335] [main/DEBUG] [net.minecraftforge.fml.loading.moddiscovery.AbstractJarFileDependencyLocator/]: Failed to load resource META-INF/jarjar/metadata.json from HopoBetterMineshaft-[1.20.1-1.20.4]-1.2.2c.jar, it does not contain dependency information.
[26Sep2025 23:14:24.335] [main/DEBUG] [net.minecraftforge.fml.loading.moddiscovery.AbstractJarFileDependencyLocator/]: Failed to load resource META-INF/jarjar/metadata.json from packetfixer-3.1.4-1.18-1.20.4-merged.jar, it does not contain dependency information.
[26Sep2025 23:14:24.335] [main/DEBUG] [net.minecraftforge.fml.loading.moddiscovery.AbstractJarFileDependencyLocator/]: Failed to load resource META-INF/jarjar/metadata.json from PlayerRevive_FORGE_v2.0.31_mc1.20.1.jar, it does not contain dependency information.
[26Sep2025 23:14:24.336] [main/DEBUG] [net.minecraftforge.fml.loading.moddiscovery.AbstractJarFileDependencyLocator/]: Failed to load resource META-INF/jarjar/metadata.json from PresenceFootsteps-1.20.1-1.9.1-beta.1.jar, it does not contain dependency information.
[26Sep2025 23:14:24.336] [main/DEBUG] [net.minecraftforge.fml.loading.moddiscovery.AbstractJarFileDependencyLocator/]: Failed to load resource META-INF/jarjar/metadata.json from mclanguage-1.20.1-47.3.7.jar, it does not contain dependency information.
[26Sep2025 23:14:24.336] [main/DEBUG] [net.minecraftforge.fml.loading.moddiscovery.AbstractJarFileDependencyLocator/]: Failed to load resource META-INF/jarjar/metadata.json from javafmllanguage-1.20.1-47.3.7.jar, it does not contain dependency information.
[26Sep2025 23:14:24.336] [main/DEBUG] [net.minecraftforge.fml.loading.moddiscovery.AbstractJarFileDependencyLocator/]: Failed to load resource META-INF/jarjar/metadata.json from fmlcore-1.20.1-47.3.7.jar, it does not contain dependency information.
[26Sep2025 23:14:24.336] [main/DEBUG] [net.minecraftforge.fml.loading.moddiscovery.AbstractJarFileDependencyLocator/]: Failed to load resource META-INF/jarjar/metadata.json from lowcodelanguage-1.20.1-47.3.7.jar, it does not contain dependency information.
[26Sep2025 23:14:24.390] [main/DEBUG] [net.minecraftforge.fml.loading.moddiscovery.ModFileParser/LOADING]: Considering mod file candidate 
[26Sep2025 23:14:24.391] [main/DEBUG] [net.minecraftforge.fml.loading.moddiscovery.ModFileInfo/LOADING]: Found valid mod file mixinextras-forge-0.4.1.jar with {mixinextras} mods - versions {0.4.1}
[26Sep2025 23:14:24.393] [main/DEBUG] [net.minecraftforge.fml.loading.moddiscovery.ModFileParser/LOADING]: Considering mod file candidate 
[26Sep2025 23:14:24.393] [main/DEBUG] [net.minecraftforge.fml.loading.moddiscovery.ModFileInfo/LOADING]: Found valid mod file mixinextras-forge-0.3.6.jar with {mixinextras} mods - versions {0.3.6}
[26Sep2025 23:14:24.397] [main/DEBUG] [net.minecraftforge.fml.loading.moddiscovery.ModFileParser/LOADING]: Considering mod file candidate 
[26Sep2025 23:14:24.397] [main/DEBUG] [net.minecraftforge.fml.loading.moddiscovery.ModFileInfo/LOADING]: Found valid mod file TRansition-1.0.3-1.20.1-forge-SNAPSHOT.jar with {transition} mods - versions {1.0.3}
[26Sep2025 23:14:24.403] [main/DEBUG] [net.minecraftforge.fml.loading.moddiscovery.ModFileParser/LOADING]: Considering mod file candidate 
[26Sep2025 23:14:24.403] [main/DEBUG] [net.minecraftforge.fml.loading.moddiscovery.ModFileInfo/LOADING]: Found valid mod file TRender-1.0.5-1.20.1-forge-SNAPSHOT.jar with {trender} mods - versions {1.0.5}
[26Sep2025 23:14:24.408] [main/DEBUG] [net.minecraftforge.fml.loading.moddiscovery.ModFileParser/LOADING]: Considering mod file candidate 
[26Sep2025 23:14:24.409] [main/DEBUG] [net.minecraftforge.fml.loading.moddiscovery.ModFileInfo/LOADING]: Found valid mod file mixinextras-forge-0.2.0-beta.6.jar with {mixinextras} mods - versions {0.2.0-beta.6}
[26Sep2025 23:14:24.413] [main/DEBUG] [net.minecraftforge.fml.loading.moddiscovery.ModFileParser/LOADING]: Considering mod file candidate 
[26Sep2025 23:14:24.413] [main/DEBUG] [net.minecraftforge.fml.loading.moddiscovery.ModFileInfo/LOADING]: Found valid mod file palladiumcore-forge-1.0.1+1.20.1-forge.jar with {palladiumcore} mods - versions {1.0.1}
[26Sep2025 23:14:24.414] [main/DEBUG] [net.minecraftforge.fml.loading.moddiscovery.ModFileParser/LOADING]: Considering mod file candidate 
[26Sep2025 23:14:24.415] [main/DEBUG] [net.minecraftforge.fml.loading.moddiscovery.ModFileInfo/LOADING]: Found valid mod file mixinextras-forge-0.2.0.jar with {mixinextras} mods - versions {0.2.0}
[26Sep2025 23:14:24.418] [main/DEBUG] [net.minecraftforge.fml.loading.moddiscovery.ModFileParser/LOADING]: Considering mod file candidate 
[26Sep2025 23:14:24.418] [main/DEBUG] [net.minecraftforge.fml.loading.moddiscovery.ModFileInfo/LOADING]: Found valid mod file player-animation-lib-forge-1.0.2-rc1+1.20.jar with {playeranimator} mods - versions {1.0.2-rc1+1.20}
[26Sep2025 23:14:24.420] [main/DEBUG] [net.minecraftforge.fml.loading.moddiscovery.ModFileParser/LOADING]: Considering mod file candidate 
[26Sep2025 23:14:24.420] [main/DEBUG] [net.minecraftforge.fml.loading.moddiscovery.ModFileInfo/LOADING]: Found valid mod file mixinextras-forge-0.4.1.jar with {mixinextras} mods - versions {0.4.1}
[26Sep2025 23:14:24.432] [main/DEBUG] [net.minecraftforge.fml.loading.moddiscovery.ModFileParser/LOADING]: Considering mod file candidate 
[26Sep2025 23:14:24.432] [main/DEBUG] [net.minecraftforge.fml.loading.moddiscovery.ModFileInfo/LOADING]: Found valid mod file lodestone-1.20.1-1.6.2.1.jar with {lodestone} mods - versions {1.20.1-1.6.2.1}
[26Sep2025 23:14:24.436] [main/DEBUG] [net.minecraftforge.fml.loading.moddiscovery.ModFileParser/LOADING]: Considering mod file candidate 
[26Sep2025 23:14:24.436] [main/DEBUG] [net.minecraftforge.fml.loading.moddiscovery.ModFileInfo/LOADING]: Found valid mod file mixinextras-forge-0.2.0.jar with {mixinextras} mods - versions {0.2.0}
[26Sep2025 23:14:24.442] [main/DEBUG] [net.minecraftforge.fml.loading.moddiscovery.ModFileParser/LOADING]: Considering mod file candidate 
[26Sep2025 23:14:24.443] [main/DEBUG] [net.minecraftforge.fml.loading.moddiscovery.ModFileInfo/LOADING]: Found valid mod file curios-forge-5.9.1+1.20.1.jar with {curios} mods - versions {5.9.1+1.20.1}
[26Sep2025 23:14:24.445] [main/DEBUG] [net.minecraftforge.fml.loading.moddiscovery.ModFileParser/LOADING]: Considering mod file candidate 
[26Sep2025 23:14:24.445] [main/DEBUG] [net.minecraftforge.fml.loading.moddiscovery.ModFileInfo/LOADING]: Found valid mod file mixinextras-forge-0.2.0-rc.2.jar with {mixinextras} mods - versions {0.2.0-rc.2}
[26Sep2025 23:14:24.447] [main/DEBUG] [net.minecraftforge.fml.loading.moddiscovery.ModFileParser/LOADING]: Considering mod file candidate 
[26Sep2025 23:14:24.448] [main/DEBUG] [net.minecraftforge.fml.loading.moddiscovery.ModFileInfo/LOADING]: Found valid mod file puzzlesaccessapi-forge-20.1.1.jar with {puzzlesaccessapi} mods - versions {20.1.1}
[26Sep2025 23:14:24.449] [main/DEBUG] [net.minecraftforge.fml.loading.moddiscovery.ModFileParser/LOADING]: Considering mod file candidate 
[26Sep2025 23:14:24.450] [main/DEBUG] [net.minecraftforge.fml.loading.moddiscovery.ModFileInfo/LOADING]: Found valid mod file mixinextras-forge-0.4.1.jar with {mixinextras} mods - versions {0.4.1}
[26Sep2025 23:14:24.451] [main/DEBUG] [net.minecraftforge.fml.loading.moddiscovery.ModFileParser/LOADING]: Considering mod file candidate 
[26Sep2025 23:14:24.452] [main/DEBUG] [net.minecraftforge.fml.loading.moddiscovery.ModFileInfo/LOADING]: Found valid mod file mixinextras-forge-0.3.5.jar with {mixinextras} mods - versions {0.3.5}
[26Sep2025 23:14:24.453] [main/DEBUG] [net.minecraftforge.fml.loading.moddiscovery.ModFileParser/LOADING]: Considering mod file candidate 
[26Sep2025 23:14:24.454] [main/DEBUG] [net.minecraftforge.fml.loading.moddiscovery.ModFileInfo/LOADING]: Found valid mod file extensibleenums-forge-20.1.1.jar with {extensibleenums} mods - versions {20.1.1}
[26Sep2025 23:14:24.456] [main/DEBUG] [net.minecraftforge.fml.loading.moddiscovery.ModFileParser/LOADING]: Considering mod file candidate 
[26Sep2025 23:14:24.456] [main/DEBUG] [net.minecraftforge.fml.loading.moddiscovery.ModFileInfo/LOADING]: Found valid mod file mixinextras-forge-0.4.1.jar with {mixinextras} mods - versions {0.4.1}
[26Sep2025 23:14:24.458] [main/DEBUG] [net.minecraftforge.fml.loading.moddiscovery.ModFileParser/LOADING]: Considering mod file candidate 
[26Sep2025 23:14:24.458] [main/DEBUG] [net.minecraftforge.fml.loading.moddiscovery.ModFileInfo/LOADING]: Found valid mod file mixinextras-forge-0.3.6.jar with {mixinextras} mods - versions {0.3.6}
[26Sep2025 23:14:24.459] [main/DEBUG] [net.minecraftforge.fml.loading.moddiscovery.AbstractJarFileDependencyLocator/]: Failed to load resource META-INF/jarjar/metadata.json from snakeyaml-2.2.jar, it does not contain dependency information.
[26Sep2025 23:14:24.469] [main/DEBUG] [net.minecraftforge.fml.loading.moddiscovery.AbstractJarFileDependencyLocator/]: Failed to load resource META-INF/jarjar/metadata.json from NanoLiveConfig-1.2.1.jar, it does not contain dependency information.
[26Sep2025 23:14:24.470] [main/DEBUG] [net.minecraftforge.fml.loading.moddiscovery.AbstractJarFileDependencyLocator/]: Failed to load resource META-INF/jarjar/metadata.json from TRansition-1.0.3-1.20.1-forge-SNAPSHOT.jar, it does not contain dependency information.
[26Sep2025 23:14:24.470] [main/DEBUG] [net.minecraftforge.fml.loading.moddiscovery.AbstractJarFileDependencyLocator/]: Failed to load resource META-INF/jarjar/metadata.json from TRender-1.0.5-1.20.1-forge-SNAPSHOT.jar, it does not contain dependency information.
[26Sep2025 23:14:24.470] [main/DEBUG] [net.minecraftforge.fml.loading.moddiscovery.AbstractJarFileDependencyLocator/]: Failed to load resource META-INF/jarjar/metadata.json from mclib-20.jar, it does not contain dependency information.
[26Sep2025 23:14:24.474] [main/DEBUG] [net.minecraftforge.fml.loading.moddiscovery.AbstractJarFileDependencyLocator/]: Failed to load resource META-INF/jarjar/metadata.json from palladiumcore-forge-1.0.1+1.20.1-forge.jar, it does not contain dependency information.
[26Sep2025 23:14:24.479] [main/DEBUG] [net.minecraftforge.fml.loading.moddiscovery.AbstractJarFileDependencyLocator/]: Failed to load resource META-INF/jarjar/metadata.json from player-animation-lib-forge-1.0.2-rc1+1.20.jar, it does not contain dependency information.
[26Sep2025 23:14:24.497] [main/DEBUG] [net.minecraftforge.fml.loading.moddiscovery.AbstractJarFileDependencyLocator/]: Failed to load resource META-INF/jarjar/metadata.json from lodestone-1.20.1-1.6.2.1.jar, it does not contain dependency information.
[26Sep2025 23:14:24.501] [main/DEBUG] [net.minecraftforge.fml.loading.moddiscovery.AbstractJarFileDependencyLocator/]: Failed to load resource META-INF/jarjar/metadata.json from curios-forge-5.9.1+1.20.1.jar, it does not contain dependency information.
[26Sep2025 23:14:24.504] [main/DEBUG] [net.minecraftforge.fml.loading.moddiscovery.AbstractJarFileDependencyLocator/]: Failed to load resource META-INF/jarjar/metadata.json from puzzlesaccessapi-forge-20.1.1.jar, it does not contain dependency information.
[26Sep2025 23:14:24.512] [main/DEBUG] [net.minecraftforge.fml.loading.moddiscovery.AbstractJarFileDependencyLocator/]: Failed to load resource META-INF/jarjar/metadata.json from extensibleenums-forge-20.1.1.jar, it does not contain dependency information.
[26Sep2025 23:14:24.520] [main/DEBUG] [net.minecraftforge.fml.loading.moddiscovery.AbstractJarFileDependencyLocator/]: Failed to load resource META-INF/jarjar/metadata.json from MixinExtras-0.4.1.jar, it does not contain dependency information.
[26Sep2025 23:14:24.520] [main/DEBUG] [net.minecraftforge.fml.loading.moddiscovery.AbstractJarFileDependencyLocator/]: Failed to load resource META-INF/jarjar/metadata.json from MixinExtras-0.3.6.jar, it does not contain dependency information.
[26Sep2025 23:14:24.520] [main/DEBUG] [net.minecraftforge.fml.loading.moddiscovery.AbstractJarFileDependencyLocator/]: Failed to load resource META-INF/jarjar/metadata.json from MixinExtras-0.2.0-beta.6.jar, it does not contain dependency information.
[26Sep2025 23:14:24.521] [main/DEBUG] [net.minecraftforge.fml.loading.moddiscovery.AbstractJarFileDependencyLocator/]: Failed to load resource META-INF/jarjar/metadata.json from MixinExtras-0.2.0.jar, it does not contain dependency information.
[26Sep2025 23:14:24.521] [main/DEBUG] [net.minecraftforge.fml.loading.moddiscovery.AbstractJarFileDependencyLocator/]: Failed to load resource META-INF/jarjar/metadata.json from MixinExtras-0.4.1.jar, it does not contain dependency information.
[26Sep2025 23:14:24.521] [main/DEBUG] [net.minecraftforge.fml.loading.moddiscovery.AbstractJarFileDependencyLocator/]: Failed to load resource META-INF/jarjar/metadata.json from MixinExtras-0.5.0.jar, it does not contain dependency information.
[26Sep2025 23:14:24.521] [main/DEBUG] [net.minecraftforge.fml.loading.moddiscovery.AbstractJarFileDependencyLocator/]: Failed to load resource META-INF/jarjar/metadata.json from MixinExtras-0.2.0.jar, it does not contain dependency information.
[26Sep2025 23:14:24.521] [main/DEBUG] [net.minecraftforge.fml.loading.moddiscovery.AbstractJarFileDependencyLocator/]: Failed to load resource META-INF/jarjar/metadata.json from MixinExtras-0.2.0-rc.2.jar, it does not contain dependency information.
[26Sep2025 23:14:24.521] [main/DEBUG] [net.minecraftforge.fml.loading.moddiscovery.AbstractJarFileDependencyLocator/]: Failed to load resource META-INF/jarjar/metadata.json from MixinExtras-0.4.1.jar, it does not contain dependency information.
[26Sep2025 23:14:24.521] [main/DEBUG] [net.minecraftforge.fml.loading.moddiscovery.AbstractJarFileDependencyLocator/]: Failed to load resource META-INF/jarjar/metadata.json from MixinExtras-0.3.5.jar, it does not contain dependency information.
[26Sep2025 23:14:24.522] [main/DEBUG] [net.minecraftforge.fml.loading.moddiscovery.AbstractJarFileDependencyLocator/]: Failed to load resource META-INF/jarjar/metadata.json from MixinExtras-0.4.1.jar, it does not contain dependency information.
[26Sep2025 23:14:24.522] [main/DEBUG] [net.minecraftforge.fml.loading.moddiscovery.AbstractJarFileDependencyLocator/]: Failed to load resource META-INF/jarjar/metadata.json from MixinExtras-0.3.6.jar, it does not contain dependency information.
[26Sep2025 23:14:24.542] [main/DEBUG] [net.minecraftforge.fml.loading.moddiscovery.ModFileParser/LOADING]: Considering mod file candidate 
[26Sep2025 23:14:24.543] [main/DEBUG] [net.minecraftforge.fml.loading.moddiscovery.ModFileInfo/LOADING]: Found valid mod file puzzlesaccessapi-forge-20.1.1.jar with {puzzlesaccessapi} mods - versions {20.1.1}
[26Sep2025 23:14:24.549] [main/DEBUG] [net.minecraftforge.fml.loading.moddiscovery.ModFileParser/LOADING]: Considering mod file candidate 
[26Sep2025 23:14:24.549] [main/DEBUG] [net.minecraftforge.fml.loading.moddiscovery.ModFileInfo/LOADING]: Found valid mod file lodestone-1.20.1-1.6.2.1.jar with {lodestone} mods - versions {1.20.1-1.6.2.1}
[26Sep2025 23:14:24.553] [main/DEBUG] [net.minecraftforge.fml.loading.moddiscovery.ModFileParser/LOADING]: Considering mod file candidate 
[26Sep2025 23:14:24.554] [main/DEBUG] [net.minecraftforge.fml.loading.moddiscovery.ModFileInfo/LOADING]: Found valid mod file TRender-1.0.5-1.20.1-forge-SNAPSHOT.jar with {trender} mods - versions {1.0.5}
[26Sep2025 23:14:24.564] [main/DEBUG] [net.minecraftforge.fml.loading.moddiscovery.ModFileParser/LOADING]: Considering mod file candidate 
[26Sep2025 23:14:24.565] [main/DEBUG] [net.minecraftforge.fml.loading.moddiscovery.ModFileInfo/LOADING]: Found valid mod file mixinextras-forge-0.2.0-beta.6.jar with {mixinextras} mods - versions {0.2.0-beta.6}
[26Sep2025 23:14:24.567] [main/DEBUG] [net.minecraftforge.fml.loading.moddiscovery.ModFileParser/LOADING]: Considering mod file candidate 
[26Sep2025 23:14:24.568] [main/DEBUG] [net.minecraftforge.fml.loading.moddiscovery.ModFileInfo/LOADING]: Found valid mod file player-animation-lib-forge-1.0.2-rc1+1.20.jar with {playeranimator} mods - versions {1.0.2-rc1+1.20}
[26Sep2025 23:14:24.571] [main/DEBUG] [net.minecraftforge.fml.loading.moddiscovery.ModFileParser/LOADING]: Considering mod file candidate 
[26Sep2025 23:14:24.572] [main/DEBUG] [net.minecraftforge.fml.loading.moddiscovery.ModFileInfo/LOADING]: Found valid mod file TRansition-1.0.3-1.20.1-forge-SNAPSHOT.jar with {transition} mods - versions {1.0.3}
[26Sep2025 23:14:24.575] [main/DEBUG] [net.minecraftforge.fml.loading.moddiscovery.ModFileParser/LOADING]: Considering mod file candidate 
[26Sep2025 23:14:24.575] [main/DEBUG] [net.minecraftforge.fml.loading.moddiscovery.ModFileInfo/LOADING]: Found valid mod file extensibleenums-forge-20.1.1.jar with {extensibleenums} mods - versions {20.1.1}
[26Sep2025 23:14:24.578] [main/DEBUG] [net.minecraftforge.fml.loading.moddiscovery.ModFileParser/LOADING]: Considering mod file candidate 
[26Sep2025 23:14:24.579] [main/DEBUG] [net.minecraftforge.fml.loading.moddiscovery.ModFileInfo/LOADING]: Found valid mod file palladiumcore-forge-1.0.1+1.20.1-forge.jar with {palladiumcore} mods - versions {1.0.1}
[26Sep2025 23:14:24.596] [main/DEBUG] [net.minecraftforge.fml.loading.moddiscovery.ModFileParser/LOADING]: Considering mod file candidate 
[26Sep2025 23:14:24.596] [main/DEBUG] [net.minecraftforge.fml.loading.moddiscovery.ModFileInfo/LOADING]: Found valid mod file curios-forge-5.9.1+1.20.1.jar with {curios} mods - versions {5.9.1+1.20.1}
[26Sep2025 23:14:24.598] [main/INFO] [net.minecraftforge.fml.loading.moddiscovery.JarInJarDependencyLocator/]: Found 14 dependencies adding them to mods collection
[26Sep2025 23:14:24.600] [main/DEBUG] [net.minecraftforge.fml.loading.UniqueModListBuilder/]: Found 2 mods for first modid mixinextras, selecting most recent based on version data
[26Sep2025 23:14:24.600] [main/DEBUG] [net.minecraftforge.fml.loading.UniqueModListBuilder/]: Selected file mixinextras-forge-0.5.0.jar for modid mixinextras with version 0.5.0
[26Sep2025 23:14:24.602] [main/DEBUG] [net.minecraftforge.fml.loading.moddiscovery.ModFileParser/LOADING]: Considering mod file candidate /workspaces/literate-parakeet/servidor_minecraft/mods/gravecore-1.2.0-forge.jar
[26Sep2025 23:14:24.603] [main/DEBUG] [net.minecraftforge.fml.loading.moddiscovery.ModFileInfo/LOADING]: Found valid mod file gravecore-1.2.0-forge.jar with {gravecore} mods - versions {1.2.0}
[26Sep2025 23:14:24.606] [main/DEBUG] [net.minecraftforge.fml.loading.moddiscovery.ModFile/LOADING]: Loading mod file /workspaces/literate-parakeet/servidor_minecraft/mods/gravecore-1.2.0-forge.jar with languages [LanguageSpec[languageName=javafml, acceptedVersions=[47,)]]
[26Sep2025 23:14:24.607] [main/DEBUG] [net.minecraftforge.fml.loading.moddiscovery.ModFileParser/LOADING]: Considering mod file candidate /workspaces/literate-parakeet/servidor_minecraft/mods/radium-mc1.20.1-0.12.4+git.26c9d8e.jar
[26Sep2025 23:14:24.607] [main/DEBUG] [net.minecraftforge.fml.loading.moddiscovery.ModFileInfo/LOADING]: Found valid mod file radium-mc1.20.1-0.12.4+git.26c9d8e.jar with {radium} mods - versions {0.12.4+git.26c9d8e}
[26Sep2025 23:14:24.608] [main/DEBUG] [net.minecraftforge.fml.loading.moddiscovery.ModFile/LOADING]: Loading mod file /workspaces/literate-parakeet/servidor_minecraft/mods/radium-mc1.20.1-0.12.4+git.26c9d8e.jar with languages [LanguageSpec[languageName=javafml, acceptedVersions=*]]
[26Sep2025 23:14:24.608] [main/DEBUG] [net.minecraftforge.fml.loading.moddiscovery.ModFileParser/LOADING]: Considering mod file candidate /workspaces/literate-parakeet/servidor_minecraft/mods/kubejs-forge-2001.6.5-build.16.jar
[26Sep2025 23:14:24.609] [main/DEBUG] [net.minecraftforge.fml.loading.moddiscovery.ModFileInfo/LOADING]: Found valid mod file kubejs-forge-2001.6.5-build.16.jar with {kubejs} mods - versions {2001.6.5-build.16}
[26Sep2025 23:14:24.610] [main/DEBUG] [net.minecraftforge.fml.loading.moddiscovery.ModFile/LOADING]: Loading mod file /workspaces/literate-parakeet/servidor_minecraft/mods/kubejs-forge-2001.6.5-build.16.jar with languages [LanguageSpec[languageName=javafml, acceptedVersions=[47,)]]
[26Sep2025 23:14:24.610] [main/DEBUG] [net.minecraftforge.fml.loading.moddiscovery.ModFileParser/LOADING]: Considering mod file candidate /workspaces/literate-parakeet/servidor_minecraft/mods/mowziesmobs-1.7.3.jar
[26Sep2025 23:14:24.611] [main/DEBUG] [net.minecraftforge.fml.loading.moddiscovery.ModFileInfo/LOADING]: Found valid mod file mowziesmobs-1.7.3.jar with {mowziesmobs} mods - versions {1.7.3}
[26Sep2025 23:14:24.611] [main/DEBUG] [net.minecraftforge.fml.loading.moddiscovery.ModFile/LOADING]: Loading mod file /workspaces/literate-parakeet/servidor_minecraft/mods/mowziesmobs-1.7.3.jar with languages [LanguageSpec[languageName=javafml, acceptedVersions=[43,)]]
[26Sep2025 23:14:24.611] [main/DEBUG] [net.minecraftforge.fml.loading.moddiscovery.ModFileParser/LOADING]: Considering mod file candidate /workspaces/literate-parakeet/servidor_minecraft/mods/rhino-forge-2001.2.3-build.10.jar
[26Sep2025 23:14:24.611] [main/DEBUG] [net.minecraftforge.fml.loading.moddiscovery.ModFileInfo/LOADING]: Found valid mod file rhino-forge-2001.2.3-build.10.jar with {rhino} mods - versions {2001.2.3-build.10}
[26Sep2025 23:14:24.612] [main/DEBUG] [net.minecraftforge.fml.loading.moddiscovery.ModFile/LOADING]: Loading mod file /workspaces/literate-parakeet/servidor_minecraft/mods/rhino-forge-2001.2.3-build.10.jar with languages [LanguageSpec[languageName=javafml, acceptedVersions=[38,)]]
[26Sep2025 23:14:24.612] [main/DEBUG] [net.minecraftforge.fml.loading.moddiscovery.ModFileParser/LOADING]: Considering mod file candidate /workspaces/literate-parakeet/servidor_minecraft/mods/mcef-forge-2.1.6-1.20.1.jar
[26Sep2025 23:14:24.612] [main/DEBUG] [net.minecraftforge.fml.loading.moddiscovery.ModFileInfo/LOADING]: Found valid mod file mcef-forge-2.1.6-1.20.1.jar with {mcef} mods - versions {2.1.6-1.20.1}
[26Sep2025 23:14:24.612] [main/DEBUG] [net.minecraftforge.fml.loading.moddiscovery.ModFile/LOADING]: Loading mod file /workspaces/literate-parakeet/servidor_minecraft/mods/mcef-forge-2.1.6-1.20.1.jar with languages [LanguageSpec[languageName=javafml, acceptedVersions=[47,)]]
[26Sep2025 23:14:24.612] [main/DEBUG] [net.minecraftforge.fml.loading.moddiscovery.ModFileParser/LOADING]: Considering mod file candidate /workspaces/literate-parakeet/servidor_minecraft/mods/alexsmobs-1.22.9.jar
[26Sep2025 23:14:24.613] [main/DEBUG] [net.minecraftforge.fml.loading.moddiscovery.ModFileInfo/LOADING]: Found valid mod file alexsmobs-1.22.9.jar with {alexsmobs} mods - versions {1.22.9}
[26Sep2025 23:14:24.613] [main/DEBUG] [net.minecraftforge.fml.loading.moddiscovery.ModFile/LOADING]: Loading mod file /workspaces/literate-parakeet/servidor_minecraft/mods/alexsmobs-1.22.9.jar with languages [LanguageSpec[languageName=javafml, acceptedVersions=[46,)]]
[26Sep2025 23:14:24.613] [main/DEBUG] [net.minecraftforge.fml.loading.moddiscovery.ModFileParser/LOADING]: Considering mod file candidate /workspaces/literate-parakeet/servidor_minecraft/mods/MutantMonsters-v8.0.7-1.20.1-Forge.jar
[26Sep2025 23:14:24.614] [main/DEBUG] [net.minecraftforge.fml.loading.moddiscovery.ModFileInfo/LOADING]: Found valid mod file MutantMonsters-v8.0.7-1.20.1-Forge.jar with {mutantmonsters} mods - versions {8.0.7}
[26Sep2025 23:14:24.615] [main/DEBUG] [net.minecraftforge.fml.loading.moddiscovery.ModFile/LOADING]: Loading mod file /workspaces/literate-parakeet/servidor_minecraft/mods/MutantMonsters-v8.0.7-1.20.1-Forge.jar with languages [LanguageSpec[languageName=javafml, acceptedVersions=[47,)]]
[26Sep2025 23:14:24.615] [main/DEBUG] [net.minecraftforge.fml.loading.moddiscovery.ModFileParser/LOADING]: Considering mod file candidate /workspaces/literate-parakeet/servidor_minecraft/mods/amendments-1.20-2.2.1.jar
[26Sep2025 23:14:24.616] [main/DEBUG] [net.minecraftforge.fml.loading.moddiscovery.ModFileInfo/LOADING]: Found valid mod file amendments-1.20-2.2.1.jar with {amendments} mods - versions {1.20-2.2.1}
[26Sep2025 23:14:24.616] [main/DEBUG] [net.minecraftforge.fml.loading.moddiscovery.ModFile/LOADING]: Loading mod file /workspaces/literate-parakeet/servidor_minecraft/mods/amendments-1.20-2.2.1.jar with languages [LanguageSpec[languageName=javafml, acceptedVersions=[47,)]]
[26Sep2025 23:14:24.616] [main/DEBUG] [net.minecraftforge.fml.loading.moddiscovery.ModFileParser/LOADING]: Considering mod file candidate /workspaces/literate-parakeet/servidor_minecraft/mods/geckolib-forge-1.20.1-4.7.4.jar
[26Sep2025 23:14:24.617] [main/DEBUG] [net.minecraftforge.fml.loading.moddiscovery.ModFileInfo/LOADING]: Found valid mod file geckolib-forge-1.20.1-4.7.4.jar with {geckolib} mods - versions {4.7.4}
[26Sep2025 23:14:24.617] [main/DEBUG] [net.minecraftforge.fml.loading.moddiscovery.ModFile/LOADING]: Loading mod file /workspaces/literate-parakeet/servidor_minecraft/mods/geckolib-forge-1.20.1-4.7.4.jar with languages [LanguageSpec[languageName=javafml, acceptedVersions=[47,)]]
[26Sep2025 23:14:24.617] [main/DEBUG] [net.minecraftforge.fml.loading.moddiscovery.ModFileParser/LOADING]: Considering mod file candidate 
[26Sep2025 23:14:24.617] [main/DEBUG] [net.minecraftforge.fml.loading.moddiscovery.ModFileInfo/LOADING]: Found valid mod file player-animation-lib-forge-1.0.2-rc1+1.20.jar with {playeranimator} mods - versions {1.0.2-rc1+1.20}
[26Sep2025 23:14:24.618] [main/DEBUG] [net.minecraftforge.fml.loading.moddiscovery.ModFile/LOADING]: Loading mod file  with languages [LanguageSpec[languageName=javafml, acceptedVersions=[46.0.0,)]]
[26Sep2025 23:14:24.618] [main/DEBUG] [net.minecraftforge.fml.loading.moddiscovery.ModFileParser/LOADING]: Considering mod file candidate /workspaces/literate-parakeet/servidor_minecraft/mods/OctoLib-FORGE-0.5.0.1+1.20.1.jar
[26Sep2025 23:14:24.619] [main/DEBUG] [net.minecraftforge.fml.loading.moddiscovery.ModFileInfo/LOADING]: Found valid mod file OctoLib-FORGE-0.5.0.1+1.20.1.jar with {octolib} mods - versions {0.5.0.1}
[26Sep2025 23:14:24.620] [main/DEBUG] [net.minecraftforge.fml.loading.moddiscovery.ModFile/LOADING]: Loading mod file /workspaces/literate-parakeet/servidor_minecraft/mods/OctoLib-FORGE-0.5.0.1+1.20.1.jar with languages [LanguageSpec[languageName=javafml, acceptedVersions=[47,)]]
[26Sep2025 23:14:24.620] [main/DEBUG] [net.minecraftforge.fml.loading.moddiscovery.ModFileParser/LOADING]: Considering mod file candidate 
[26Sep2025 23:14:24.620] [main/DEBUG] [net.minecraftforge.fml.loading.moddiscovery.ModFileInfo/LOADING]: Found valid mod file palladiumcore-forge-1.0.1+1.20.1-forge.jar with {palladiumcore} mods - versions {1.0.1}
[26Sep2025 23:14:24.620] [main/DEBUG] [net.minecraftforge.fml.loading.moddiscovery.ModFile/LOADING]: Loading mod file  with languages [LanguageSpec[languageName=javafml, acceptedVersions=[46,)]]
[26Sep2025 23:14:24.621] [main/DEBUG] [net.minecraftforge.fml.loading.moddiscovery.ModFileParser/LOADING]: Considering mod file candidate /workspaces/literate-parakeet/servidor_minecraft/mods/jei-1.20.1-forge-15.20.0.112.jar
[26Sep2025 23:14:24.621] [main/DEBUG] [net.minecraftforge.fml.loading.moddiscovery.ModFileInfo/LOADING]: Found valid mod file jei-1.20.1-forge-15.20.0.112.jar with {jei} mods - versions {15.20.0.112}
[26Sep2025 23:14:24.621] [main/DEBUG] [net.minecraftforge.fml.loading.moddiscovery.ModFile/LOADING]: Loading mod file /workspaces/literate-parakeet/servidor_minecraft/mods/jei-1.20.1-forge-15.20.0.112.jar with languages [LanguageSpec[languageName=javafml, acceptedVersions=[47,)]]
[26Sep2025 23:14:24.621] [main/DEBUG] [net.minecraftforge.fml.loading.moddiscovery.ModFileParser/LOADING]: Considering mod file candidate /workspaces/literate-parakeet/servidor_minecraft/mods/Pretty Rain-1.20.1-Forge-1.1.3.jar
[26Sep2025 23:14:24.622] [main/DEBUG] [net.minecraftforge.fml.loading.moddiscovery.ModFileInfo/LOADING]: Found valid mod file Pretty Rain-1.20.1-Forge-1.1.3.jar with {particlerain} mods - versions {1.1.3}
[26Sep2025 23:14:24.622] [main/DEBUG] [net.minecraftforge.fml.loading.moddiscovery.ModFile/LOADING]: Loading mod file /workspaces/literate-parakeet/servidor_minecraft/mods/Pretty Rain-1.20.1-Forge-1.1.3.jar with languages [LanguageSpec[languageName=javafml, acceptedVersions=[4,)]]
[26Sep2025 23:14:24.624] [main/DEBUG] [net.minecraftforge.fml.loading.moddiscovery.ModFileParser/LOADING]: Found coremod lan_server_pinger with Javascript path particlerain.js
[26Sep2025 23:14:24.624] [main/DEBUG] [net.minecraftforge.fml.loading.moddiscovery.ModFile/LOADING]: Found coremod particlerain.js
[26Sep2025 23:14:24.625] [main/DEBUG] [net.minecraftforge.fml.loading.moddiscovery.ModFileParser/LOADING]: Considering mod file candidate /workspaces/literate-parakeet/servidor_minecraft/mods/Pehkui-3.8.2+1.20.1-forge.jar
[26Sep2025 23:14:24.625] [main/DEBUG] [net.minecraftforge.fml.loading.moddiscovery.ModFileInfo/LOADING]: Found valid mod file Pehkui-3.8.2+1.20.1-forge.jar with {pehkui} mods - versions {3.8.2+1.20.1-forge}
[26Sep2025 23:14:24.625] [main/DEBUG] [net.minecraftforge.fml.loading.moddiscovery.ModFile/LOADING]: Loading mod file /workspaces/literate-parakeet/servidor_minecraft/mods/Pehkui-3.8.2+1.20.1-forge.jar with languages [LanguageSpec[languageName=javafml, acceptedVersions=[28,)]]
[26Sep2025 23:14:24.625] [main/DEBUG] [net.minecraftforge.fml.loading.moddiscovery.ModFileParser/LOADING]: Considering mod file candidate 
[26Sep2025 23:14:24.626] [main/DEBUG] [net.minecraftforge.fml.loading.moddiscovery.ModFileInfo/LOADING]: Found valid mod file TRender-1.0.5-1.20.1-forge-SNAPSHOT.jar with {trender} mods - versions {1.0.5}
[26Sep2025 23:14:24.626] [main/DEBUG] [net.minecraftforge.fml.loading.moddiscovery.ModFile/LOADING]: Loading mod file  with languages [LanguageSpec[languageName=javafml, acceptedVersions=[28,)]]
[26Sep2025 23:14:24.626] [main/DEBUG] [net.minecraftforge.fml.loading.moddiscovery.ModFileParser/LOADING]: Considering mod file candidate /workspaces/literate-parakeet/servidor_minecraft/mods/libraryferret-forge-1.20.1-4.0.0.jar
[26Sep2025 23:14:24.627] [main/DEBUG] [net.minecraftforge.fml.loading.moddiscovery.ModFileInfo/LOADING]: Found valid mod file libraryferret-forge-1.20.1-4.0.0.jar with {libraryferret} mods - versions {4.0.0}
[26Sep2025 23:14:24.627] [main/DEBUG] [net.minecraftforge.fml.loading.moddiscovery.ModFile/LOADING]: Loading mod file /workspaces/literate-parakeet/servidor_minecraft/mods/libraryferret-forge-1.20.1-4.0.0.jar with languages [LanguageSpec[languageName=javafml, acceptedVersions=[47,)]]
[26Sep2025 23:14:24.627] [main/DEBUG] [net.minecraftforge.fml.loading.moddiscovery.ModFileParser/LOADING]: Considering mod file candidate /workspaces/literate-parakeet/servidor_minecraft/mods/palladium-4.2.8+1.20.1-forge.jar
[26Sep2025 23:14:24.628] [main/DEBUG] [net.minecraftforge.fml.loading.moddiscovery.ModFileInfo/LOADING]: Found valid mod file palladium-4.2.8+1.20.1-forge.jar with {palladium} mods - versions {4.2.8}
[26Sep2025 23:14:24.628] [main/DEBUG] [net.minecraftforge.fml.loading.moddiscovery.ModFile/LOADING]: Loading mod file /workspaces/literate-parakeet/servidor_minecraft/mods/palladium-4.2.8+1.20.1-forge.jar with languages [LanguageSpec[languageName=javafml, acceptedVersions=[47,)]]
[26Sep2025 23:14:24.628] [main/DEBUG] [net.minecraftforge.fml.loading.moddiscovery.ModFileParser/LOADING]: Considering mod file candidate /workspaces/literate-parakeet/servidor_minecraft/mods/rustic_engineer-1.1.3-forge-1.20.1.jar
[26Sep2025 23:14:24.629] [main/DEBUG] [net.minecraftforge.fml.loading.moddiscovery.ModFileInfo/LOADING]: Found valid mod file rustic_engineer-1.1.3-forge-1.20.1.jar with {rustic_engineer} mods - versions {1.1.3}
[26Sep2025 23:14:24.629] [main/DEBUG] [net.minecraftforge.fml.loading.moddiscovery.ModFile/LOADING]: Loading mod file /workspaces/literate-parakeet/servidor_minecraft/mods/rustic_engineer-1.1.3-forge-1.20.1.jar with languages [LanguageSpec[languageName=javafml, acceptedVersions=[47,)]]
[26Sep2025 23:14:24.629] [main/DEBUG] [net.minecraftforge.fml.loading.moddiscovery.ModFileParser/LOADING]: Considering mod file candidate /workspaces/literate-parakeet/servidor_minecraft/mods/brainrot-5.0.jar
[26Sep2025 23:14:24.630] [main/DEBUG] [net.minecraftforge.fml.loading.moddiscovery.ModFileInfo/LOADING]: Found valid mod file brainrot-5.0.jar with {brainrot} mods - versions {1.0.0}
[26Sep2025 23:14:24.630] [main/DEBUG] [net.minecraftforge.fml.loading.moddiscovery.ModFile/LOADING]: Loading mod file /workspaces/literate-parakeet/servidor_minecraft/mods/brainrot-5.0.jar with languages [LanguageSpec[languageName=javafml, acceptedVersions=[47,)]]
[26Sep2025 23:14:24.630] [main/DEBUG] [net.minecraftforge.fml.loading.moddiscovery.ModFileParser/LOADING]: Considering mod file candidate /workspaces/literate-parakeet/servidor_minecraft/mods/betterendcities-1.0.0-1.20.1.jar
[26Sep2025 23:14:24.631] [main/DEBUG] [net.minecraftforge.fml.loading.moddiscovery.ModFileInfo/LOADING]: Found valid mod file betterendcities-1.0.0-1.20.1.jar with {betterendcities} mods - versions {1.0.0-1.20.1}
[26Sep2025 23:14:24.633] [main/DEBUG] [net.minecraftforge.fml.loading.moddiscovery.ModFile/LOADING]: Loading mod file /workspaces/literate-parakeet/servidor_minecraft/mods/betterendcities-1.0.0-1.20.1.jar with languages [LanguageSpec[languageName=javafml, acceptedVersions=[47,)]]
[26Sep2025 23:14:24.633] [main/DEBUG] [net.minecraftforge.fml.loading.moddiscovery.ModFileParser/LOADING]: Considering mod file candidate /workspaces/literate-parakeet/servidor_minecraft/mods/celestialsapien-1.0.5 (quickfix).jar
[26Sep2025 23:14:24.634] [main/DEBUG] [net.minecraftforge.fml.loading.moddiscovery.ModFileInfo/LOADING]: Found valid mod file celestialsapien-1.0.5 (quickfix).jar with {mypowers} mods - versions {1.0.5}
[26Sep2025 23:14:24.634] [main/DEBUG] [net.minecraftforge.fml.loading.moddiscovery.ModFile/LOADING]: Loading mod file /workspaces/literate-parakeet/servidor_minecraft/mods/celestialsapien-1.0.5 (quickfix).jar with languages [LanguageSpec[languageName=lowcodefml, acceptedVersions=[47,)]]
[26Sep2025 23:14:24.634] [main/DEBUG] [net.minecraftforge.fml.loading.moddiscovery.ModFileParser/LOADING]: Considering mod file candidate /workspaces/literate-parakeet/servidor_minecraft/mods/citadel-2.6.2-1.20.1.jar
[26Sep2025 23:14:24.635] [main/DEBUG] [net.minecraftforge.fml.loading.moddiscovery.ModFileInfo/LOADING]: Found valid mod file citadel-2.6.2-1.20.1.jar with {citadel} mods - versions {2.6.2}
[26Sep2025 23:14:24.635] [main/DEBUG] [net.minecraftforge.fml.loading.moddiscovery.ModFile/LOADING]: Loading mod file /workspaces/literate-parakeet/servidor_minecraft/mods/citadel-2.6.2-1.20.1.jar with languages [LanguageSpec[languageName=javafml, acceptedVersions=[47,)]]
[26Sep2025 23:14:24.635] [main/DEBUG] [net.minecraftforge.fml.loading.moddiscovery.ModFileParser/LOADING]: Considering mod file candidate /workspaces/literate-parakeet/servidor_minecraft/mods/modernfix-forge-5.24.4+mc1.20.1.jar
[26Sep2025 23:14:24.636] [main/DEBUG] [net.minecraftforge.fml.loading.moddiscovery.ModFileInfo/LOADING]: Found valid mod file modernfix-forge-5.24.4+mc1.20.1.jar with {modernfix} mods - versions {5.24.4+mc1.20.1}
[26Sep2025 23:14:24.636] [main/DEBUG] [net.minecraftforge.fml.loading.moddiscovery.ModFile/LOADING]: Loading mod file /workspaces/literate-parakeet/servidor_minecraft/mods/modernfix-forge-5.24.4+mc1.20.1.jar with languages [LanguageSpec[languageName=javafml, acceptedVersions=[46,)]]
[26Sep2025 23:14:24.636] [main/DEBUG] [net.minecraftforge.fml.loading.moddiscovery.ModFileParser/LOADING]: Considering mod file candidate /workspaces/literate-parakeet/servidor_minecraft/mods/travelersbackpack-forge-1.20.1-9.1.40.jar
[26Sep2025 23:14:24.636] [main/DEBUG] [net.minecraftforge.fml.loading.moddiscovery.ModFileInfo/LOADING]: Found valid mod file travelersbackpack-forge-1.20.1-9.1.40.jar with {travelersbackpack} mods - versions {9.1.40}
[26Sep2025 23:14:24.636] [main/DEBUG] [net.minecraftforge.fml.loading.moddiscovery.ModFile/LOADING]: Loading mod file /workspaces/literate-parakeet/servidor_minecraft/mods/travelersbackpack-forge-1.20.1-9.1.40.jar with languages [LanguageSpec[languageName=javafml, acceptedVersions=[46,)]]
[26Sep2025 23:14:24.636] [main/DEBUG] [net.minecraftforge.fml.loading.moddiscovery.ModFileParser/LOADING]: Considering mod file candidate /workspaces/literate-parakeet/servidor_minecraft/mods/YungsApi-1.20-Forge-4.0.6.jar
[26Sep2025 23:14:24.637] [main/DEBUG] [net.minecraftforge.fml.loading.moddiscovery.ModFileInfo/LOADING]: Found valid mod file YungsApi-1.20-Forge-4.0.6.jar with {yungsapi} mods - versions {1.20-Forge-4.0.6}
[26Sep2025 23:14:24.638] [main/DEBUG] [net.minecraftforge.fml.loading.moddiscovery.ModFile/LOADING]: Loading mod file /workspaces/literate-parakeet/servidor_minecraft/mods/YungsApi-1.20-Forge-4.0.6.jar with languages [LanguageSpec[languageName=javafml, acceptedVersions=[46,)]]
[26Sep2025 23:14:24.638] [main/DEBUG] [net.minecraftforge.fml.loading.moddiscovery.ModFileParser/LOADING]: Considering mod file candidate /workspaces/literate-parakeet/servidor_minecraft/mods/relics-1.20.1-0.8.0.7.jar
[26Sep2025 23:14:24.639] [main/DEBUG] [net.minecraftforge.fml.loading.moddiscovery.ModFileInfo/LOADING]: Found valid mod file relics-1.20.1-0.8.0.7.jar with {relics} mods - versions {0.8.0.7}
[26Sep2025 23:14:24.639] [main/DEBUG] [net.minecraftforge.fml.loading.moddiscovery.ModFile/LOADING]: Loading mod file /workspaces/literate-parakeet/servidor_minecraft/mods/relics-1.20.1-0.8.0.7.jar with languages [LanguageSpec[languageName=javafml, acceptedVersions=[47,)]]
[26Sep2025 23:14:24.639] [main/DEBUG] [net.minecraftforge.fml.loading.moddiscovery.ModFileParser/LOADING]: Considering mod file candidate /workspaces/literate-parakeet/servidor_minecraft/mods/iceandfire-2.1.13-1.20.1-beta-5.jar
[26Sep2025 23:14:24.640] [main/DEBUG] [net.minecraftforge.fml.loading.moddiscovery.ModFileInfo/LOADING]: Found valid mod file iceandfire-2.1.13-1.20.1-beta-5.jar with {iceandfire} mods - versions {2.1.13-1.20.1}
[26Sep2025 23:14:24.641] [main/DEBUG] [net.minecraftforge.fml.loading.moddiscovery.ModFile/LOADING]: Loading mod file /workspaces/literate-parakeet/servidor_minecraft/mods/iceandfire-2.1.13-1.20.1-beta-5.jar with languages [LanguageSpec[languageName=javafml, acceptedVersions=[37.0,)]]
[26Sep2025 23:14:24.641] [main/DEBUG] [net.minecraftforge.fml.loading.moddiscovery.ModFileParser/LOADING]: Considering mod file candidate /workspaces/literate-parakeet/servidor_minecraft/mods/blueprint-1.20.1-7.1.3.jar
[26Sep2025 23:14:24.641] [main/DEBUG] [net.minecraftforge.fml.loading.moddiscovery.ModFileInfo/LOADING]: Found valid mod file blueprint-1.20.1-7.1.3.jar with {blueprint} mods - versions {7.1.3}
[26Sep2025 23:14:24.642] [main/DEBUG] [net.minecraftforge.fml.loading.moddiscovery.ModFile/LOADING]: Loading mod file /workspaces/literate-parakeet/servidor_minecraft/mods/blueprint-1.20.1-7.1.3.jar with languages [LanguageSpec[languageName=javafml, acceptedVersions=[32,)]]
[26Sep2025 23:14:24.642] [main/DEBUG] [net.minecraftforge.fml.loading.moddiscovery.ModFileParser/LOADING]: Considering mod file candidate /workspaces/literate-parakeet/servidor_minecraft/mods/carryon-forge-1.20.1-2.1.2.7.jar
[26Sep2025 23:14:24.642] [main/DEBUG] [net.minecraftforge.fml.loading.moddiscovery.ModFileInfo/LOADING]: Found valid mod file carryon-forge-1.20.1-2.1.2.7.jar with {carryon} mods - versions {2.1.2.7}
[26Sep2025 23:14:24.642] [main/DEBUG] [net.minecraftforge.fml.loading.moddiscovery.ModFile/LOADING]: Loading mod file /workspaces/literate-parakeet/servidor_minecraft/mods/carryon-forge-1.20.1-2.1.2.7.jar with languages [LanguageSpec[languageName=javafml, acceptedVersions=[46,)]]
[26Sep2025 23:14:24.642] [main/DEBUG] [net.minecraftforge.fml.loading.moddiscovery.ModFileParser/LOADING]: Considering mod file candidate 
[26Sep2025 23:14:24.643] [main/DEBUG] [net.minecraftforge.fml.loading.moddiscovery.ModFileInfo/LOADING]: Found valid mod file puzzlesaccessapi-forge-20.1.1.jar with {puzzlesaccessapi} mods - versions {20.1.1}
[26Sep2025 23:14:24.643] [main/DEBUG] [net.minecraftforge.fml.loading.moddiscovery.ModFile/LOADING]: Loading mod file  with languages [LanguageSpec[languageName=javafml, acceptedVersions=*]]
[26Sep2025 23:14:24.643] [main/DEBUG] [net.minecraftforge.fml.loading.moddiscovery.ModFileParser/LOADING]: Considering mod file candidate /workspaces/literate-parakeet/servidor_minecraft/mods/boiled_reimagined-1.0.12-forge-1.20.1.jar
[26Sep2025 23:14:24.644] [main/DEBUG] [net.minecraftforge.fml.loading.moddiscovery.ModFileInfo/LOADING]: Found valid mod file boiled_reimagined-1.0.12-forge-1.20.1.jar with {boiled_reimagined} mods - versions {1.0.12}
[26Sep2025 23:14:24.644] [main/DEBUG] [net.minecraftforge.fml.loading.moddiscovery.ModFile/LOADING]: Loading mod file /workspaces/literate-parakeet/servidor_minecraft/mods/boiled_reimagined-1.0.12-forge-1.20.1.jar with languages [LanguageSpec[languageName=javafml, acceptedVersions=[47,)]]
[26Sep2025 23:14:24.644] [main/DEBUG] [net.minecraftforge.fml.loading.moddiscovery.ModFileParser/LOADING]: Considering mod file candidate /workspaces/literate-parakeet/servidor_minecraft/mods/cloth-config-11.1.136-forge.jar
[26Sep2025 23:14:24.644] [main/DEBUG] [net.minecraftforge.fml.loading.moddiscovery.ModFileInfo/LOADING]: Found valid mod file cloth-config-11.1.136-forge.jar with {cloth_config} mods - versions {11.1.136}
[26Sep2025 23:14:24.644] [main/DEBUG] [net.minecraftforge.fml.loading.moddiscovery.ModFile/LOADING]: Loading mod file /workspaces/literate-parakeet/servidor_minecraft/mods/cloth-config-11.1.136-forge.jar with languages [LanguageSpec[languageName=javafml, acceptedVersions=[34,)]]
[26Sep2025 23:14:24.645] [main/DEBUG] [net.minecraftforge.fml.loading.moddiscovery.ModFileParser/LOADING]: Considering mod file candidate 
[26Sep2025 23:14:24.645] [main/DEBUG] [net.minecraftforge.fml.loading.moddiscovery.ModFileInfo/LOADING]: Found valid mod file extensibleenums-forge-20.1.1.jar with {extensibleenums} mods - versions {20.1.1}
[26Sep2025 23:14:24.645] [main/DEBUG] [net.minecraftforge.fml.loading.moddiscovery.ModFile/LOADING]: Loading mod file  with languages [LanguageSpec[languageName=javafml, acceptedVersions=*]]
[26Sep2025 23:14:24.645] [main/DEBUG] [net.minecraftforge.fml.loading.moddiscovery.ModFileParser/LOADING]: Considering mod file candidate /workspaces/literate-parakeet/servidor_minecraft/libraries/net/minecraftforge/forge/1.20.1-47.3.7/forge-1.20.1-47.3.7-universal.jar
[26Sep2025 23:14:24.646] [main/DEBUG] [net.minecraftforge.fml.loading.moddiscovery.ModFileInfo/LOADING]: Found valid mod file forge-1.20.1-47.3.7-universal.jar with {forge} mods - versions {47.3.7}
[26Sep2025 23:14:24.646] [main/DEBUG] [net.minecraftforge.fml.loading.moddiscovery.ModFile/LOADING]: Loading mod file /workspaces/literate-parakeet/servidor_minecraft/libraries/net/minecraftforge/forge/1.20.1-47.3.7/forge-1.20.1-47.3.7-universal.jar with languages [LanguageSpec[languageName=javafml, acceptedVersions=[24,]]]
[26Sep2025 23:14:24.646] [main/DEBUG] [net.minecraftforge.fml.loading.moddiscovery.ModFileParser/LOADING]: Found coremod field_to_method with Javascript path coremods/field_to_method.js
[26Sep2025 23:14:24.646] [main/DEBUG] [net.minecraftforge.fml.loading.moddiscovery.ModFileParser/LOADING]: Found coremod field_to_instanceof with Javascript path coremods/field_to_instanceof.js
[26Sep2025 23:14:24.646] [main/DEBUG] [net.minecraftforge.fml.loading.moddiscovery.ModFileParser/LOADING]: Found coremod add_bouncer_method with Javascript path coremods/add_bouncer_method.js
[26Sep2025 23:14:24.647] [main/DEBUG] [net.minecraftforge.fml.loading.moddiscovery.ModFileParser/LOADING]: Found coremod method_redirector with Javascript path coremods/method_redirector.js
[26Sep2025 23:14:24.647] [main/DEBUG] [net.minecraftforge.fml.loading.moddiscovery.ModFile/LOADING]: Found coremod coremods/field_to_method.js
[26Sep2025 23:14:24.647] [main/DEBUG] [net.minecraftforge.fml.loading.moddiscovery.ModFile/LOADING]: Found coremod coremods/field_to_instanceof.js
[26Sep2025 23:14:24.647] [main/DEBUG] [net.minecraftforge.fml.loading.moddiscovery.ModFile/LOADING]: Found coremod coremods/add_bouncer_method.js
[26Sep2025 23:14:24.647] [main/DEBUG] [net.minecraftforge.fml.loading.moddiscovery.ModFile/LOADING]: Found coremod coremods/method_redirector.js
[26Sep2025 23:14:24.647] [main/DEBUG] [net.minecraftforge.fml.loading.moddiscovery.ModFileParser/LOADING]: Considering mod file candidate /workspaces/literate-parakeet/servidor_minecraft/mods/embeddium-0.3.31+mc1.20.1.jar
[26Sep2025 23:14:24.647] [main/DEBUG] [net.minecraftforge.fml.loading.moddiscovery.ModFileInfo/LOADING]: Found valid mod file embeddium-0.3.31+mc1.20.1.jar with {embeddium,rubidium} mods - versions {0.3.31+mc1.20.1,0.7.1}
[26Sep2025 23:14:24.648] [main/DEBUG] [net.minecraftforge.fml.loading.moddiscovery.ModFile/LOADING]: Loading mod file /workspaces/literate-parakeet/servidor_minecraft/mods/embeddium-0.3.31+mc1.20.1.jar with languages [LanguageSpec[languageName=javafml, acceptedVersions=[47,)]]
[26Sep2025 23:14:24.648] [main/DEBUG] [net.minecraftforge.fml.loading.moddiscovery.ModFileParser/LOADING]: Considering mod file candidate /workspaces/literate-parakeet/servidor_minecraft/mods/webdisplays-2.0.2-1.20.1.jar
[26Sep2025 23:14:24.648] [main/DEBUG] [net.minecraftforge.fml.loading.moddiscovery.ModFileInfo/LOADING]: Found valid mod file webdisplays-2.0.2-1.20.1.jar with {webdisplays} mods - versions {2.0.1-1.20.1}
[26Sep2025 23:14:24.648] [main/DEBUG] [net.minecraftforge.fml.loading.moddiscovery.ModFile/LOADING]: Loading mod file /workspaces/literate-parakeet/servidor_minecraft/mods/webdisplays-2.0.2-1.20.1.jar with languages [LanguageSpec[languageName=javafml, acceptedVersions=[43,)]]
[26Sep2025 23:14:24.648] [main/DEBUG] [net.minecraftforge.fml.loading.moddiscovery.ModFileParser/LOADING]: Considering mod file candidate /workspaces/literate-parakeet/servidor_minecraft/mods/DungeonsArise-1.20.x-2.1.58-release.jar
[26Sep2025 23:14:24.649] [main/DEBUG] [net.minecraftforge.fml.loading.moddiscovery.ModFileInfo/LOADING]: Found valid mod file DungeonsArise-1.20.x-2.1.58-release.jar with {dungeons_arise} mods - versions {2.1.58-1.20.x}
[26Sep2025 23:14:24.649] [main/DEBUG] [net.minecraftforge.fml.loading.moddiscovery.ModFile/LOADING]: Loading mod file /workspaces/literate-parakeet/servidor_minecraft/mods/DungeonsArise-1.20.x-2.1.58-release.jar with languages [LanguageSpec[languageName=javafml, acceptedVersions=[41,)]]
[26Sep2025 23:14:24.649] [main/DEBUG] [net.minecraftforge.fml.loading.moddiscovery.ModFileParser/LOADING]: Considering mod file candidate /workspaces/literate-parakeet/servidor_minecraft/mods/castle_in_the_sky-1.20.1-0.6.0.jar
[26Sep2025 23:14:24.650] [main/DEBUG] [net.minecraftforge.fml.loading.moddiscovery.ModFileInfo/LOADING]: Found valid mod file castle_in_the_sky-1.20.1-0.6.0.jar with {castle_in_the_sky} mods - versions {1.20.1}
[26Sep2025 23:14:24.650] [main/DEBUG] [net.minecraftforge.fml.loading.moddiscovery.ModFile/LOADING]: Loading mod file /workspaces/literate-parakeet/servidor_minecraft/mods/castle_in_the_sky-1.20.1-0.6.0.jar with languages [LanguageSpec[languageName=javafml, acceptedVersions=[47,)]]
[26Sep2025 23:14:24.650] [main/DEBUG] [net.minecraftforge.fml.loading.moddiscovery.ModFileParser/LOADING]: Considering mod file candidate /workspaces/literate-parakeet/servidor_minecraft/mods/HopperGadgetry-v20.1.2-1.20.1-Forge.jar
[26Sep2025 23:14:24.650] [main/DEBUG] [net.minecraftforge.fml.loading.moddiscovery.ModFileInfo/LOADING]: Found valid mod file HopperGadgetry-v20.1.2-1.20.1-Forge.jar with {hoppergadgetry} mods - versions {20.1.2}
[26Sep2025 23:14:24.651] [main/DEBUG] [net.minecraftforge.fml.loading.moddiscovery.ModFile/LOADING]: Loading mod file /workspaces/literate-parakeet/servidor_minecraft/mods/HopperGadgetry-v20.1.2-1.20.1-Forge.jar with languages [LanguageSpec[languageName=javafml, acceptedVersions=*]]
[26Sep2025 23:14:24.651] [main/DEBUG] [net.minecraftforge.fml.loading.moddiscovery.ModFileInfo/LOADING]: Found valid mod file server-1.20.1-20230612.114412-srg.jar with {minecraft} mods - versions {1.20.1}
[26Sep2025 23:14:24.651] [main/DEBUG] [net.minecraftforge.fml.loading.moddiscovery.ModFile/LOADING]: Loading mod file /workspaces/literate-parakeet/servidor_minecraft/libraries/net/minecraft/server/1.20.1-20230612.114412/server-1.20.1-20230612.114412-srg.jar with languages [LanguageSpec[languageName=minecraft, acceptedVersions=1]]
[26Sep2025 23:14:24.651] [main/DEBUG] [net.minecraftforge.fml.loading.moddiscovery.ModFileParser/LOADING]: Considering mod file candidate /workspaces/literate-parakeet/servidor_minecraft/mods/moonlight-1.20-2.16.8-forge.jar
[26Sep2025 23:14:24.652] [main/DEBUG] [net.minecraftforge.fml.loading.moddiscovery.ModFileInfo/LOADING]: Found valid mod file moonlight-1.20-2.16.8-forge.jar with {moonlight} mods - versions {1.20-2.16.8}
[26Sep2025 23:14:24.652] [main/DEBUG] [net.minecraftforge.fml.loading.moddiscovery.ModFile/LOADING]: Loading mod file /workspaces/literate-parakeet/servidor_minecraft/mods/moonlight-1.20-2.16.8-forge.jar with languages [LanguageSpec[languageName=javafml, acceptedVersions=[40,)]]
[26Sep2025 23:14:24.652] [main/DEBUG] [net.minecraftforge.fml.loading.moddiscovery.ModFileParser/LOADING]: Considering mod file candidate /workspaces/literate-parakeet/servidor_minecraft/mods/ToolBelt-1.20.1-1.20.02.jar
[26Sep2025 23:14:24.652] [main/DEBUG] [net.minecraftforge.fml.loading.moddiscovery.ModFileInfo/LOADING]: Found valid mod file ToolBelt-1.20.1-1.20.02.jar with {toolbelt} mods - versions {1.20.02}
[26Sep2025 23:14:24.653] [main/DEBUG] [net.minecraftforge.fml.loading.moddiscovery.ModFile/LOADING]: Loading mod file /workspaces/literate-parakeet/servidor_minecraft/mods/ToolBelt-1.20.1-1.20.02.jar with languages [LanguageSpec[languageName=javafml, acceptedVersions=[46,)]]
[26Sep2025 23:14:24.653] [main/DEBUG] [net.minecraftforge.fml.loading.moddiscovery.ModFileParser/LOADING]: Considering mod file candidate /workspaces/literate-parakeet/servidor_minecraft/mods/serversleep-mod.jar
[26Sep2025 23:14:24.653] [main/DEBUG] [net.minecraftforge.fml.loading.moddiscovery.ModFileInfo/LOADING]: Found valid mod file serversleep-mod.jar with {mr_serversleep} mods - versions {1-datapack}
[26Sep2025 23:14:24.653] [main/DEBUG] [net.minecraftforge.fml.loading.moddiscovery.ModFile/LOADING]: Loading mod file /workspaces/literate-parakeet/servidor_minecraft/mods/serversleep-mod.jar with languages [LanguageSpec[languageName=javafml, acceptedVersions=[25,)]]
[26Sep2025 23:14:24.653] [main/DEBUG] [net.minecraftforge.fml.loading.moddiscovery.ModFileParser/LOADING]: Considering mod file candidate /workspaces/literate-parakeet/servidor_minecraft/mods/mofus_broken_constellation-0.9.0-forge-1.20.1.jar
[26Sep2025 23:14:24.654] [main/DEBUG] [net.minecraftforge.fml.loading.moddiscovery.ModFileInfo/LOADING]: Found valid mod file mofus_broken_constellation-0.9.0-forge-1.20.1.jar with {mofus_better_end_} mods - versions {1.0.0}
[26Sep2025 23:14:24.654] [main/DEBUG] [net.minecraftforge.fml.loading.moddiscovery.ModFile/LOADING]: Loading mod file /workspaces/literate-parakeet/servidor_minecraft/mods/mofus_broken_constellation-0.9.0-forge-1.20.1.jar with languages [LanguageSpec[languageName=javafml, acceptedVersions=[47,)]]
[26Sep2025 23:14:24.654] [main/DEBUG] [net.minecraftforge.fml.loading.moddiscovery.ModFileParser/LOADING]: Considering mod file candidate /workspaces/literate-parakeet/servidor_minecraft/mods/CreativeCore_FORGE_v2.12.32_mc1.20.1.jar
[26Sep2025 23:14:24.654] [main/DEBUG] [net.minecraftforge.fml.loading.moddiscovery.ModFileInfo/LOADING]: Found valid mod file CreativeCore_FORGE_v2.12.32_mc1.20.1.jar with {creativecore} mods - versions {2.12.32}
[26Sep2025 23:14:24.655] [main/DEBUG] [net.minecraftforge.fml.loading.moddiscovery.ModFile/LOADING]: Loading mod file /workspaces/literate-parakeet/servidor_minecraft/mods/CreativeCore_FORGE_v2.12.32_mc1.20.1.jar with languages [LanguageSpec[languageName=javafml, acceptedVersions=[46,)]]
[26Sep2025 23:14:24.655] [main/DEBUG] [net.minecraftforge.fml.loading.moddiscovery.ModFileParser/LOADING]: Considering mod file candidate /workspaces/literate-parakeet/servidor_minecraft/mods/AlienEvo-1.1.0-forge.jar
[26Sep2025 23:14:24.655] [main/DEBUG] [net.minecraftforge.fml.loading.moddiscovery.ModFileInfo/LOADING]: Found valid mod file AlienEvo-1.1.0-forge.jar with {alienevo} mods - versions {1.1.0}
[26Sep2025 23:14:24.655] [main/DEBUG] [net.minecraftforge.fml.loading.moddiscovery.ModFile/LOADING]: Loading mod file /workspaces/literate-parakeet/servidor_minecraft/mods/AlienEvo-1.1.0-forge.jar with languages [LanguageSpec[languageName=javafml, acceptedVersions=[43,)]]
[26Sep2025 23:14:24.655] [main/DEBUG] [net.minecraftforge.fml.loading.moddiscovery.ModFileParser/LOADING]: Considering mod file candidate 
[26Sep2025 23:14:24.656] [main/DEBUG] [net.minecraftforge.fml.loading.moddiscovery.ModFileInfo/LOADING]: Found valid mod file curios-forge-5.9.1+1.20.1.jar with {curios} mods - versions {5.9.1+1.20.1}
[26Sep2025 23:14:24.656] [main/DEBUG] [net.minecraftforge.fml.loading.moddiscovery.ModFile/LOADING]: Loading mod file  with languages [LanguageSpec[languageName=javafml, acceptedVersions=[41,)]]
[26Sep2025 23:14:24.656] [main/DEBUG] [net.minecraftforge.fml.loading.moddiscovery.ModFileParser/LOADING]: Considering mod file candidate /workspaces/literate-parakeet/servidor_minecraft/mods/notenoughanimations-forge-1.10.1-mc1.20.1.jar
[26Sep2025 23:14:24.657] [main/DEBUG] [net.minecraftforge.fml.loading.moddiscovery.ModFileInfo/LOADING]: Found valid mod file notenoughanimations-forge-1.10.1-mc1.20.1.jar with {notenoughanimations} mods - versions {1.10.1}
[26Sep2025 23:14:24.657] [main/DEBUG] [net.minecraftforge.fml.loading.moddiscovery.ModFile/LOADING]: Loading mod file /workspaces/literate-parakeet/servidor_minecraft/mods/notenoughanimations-forge-1.10.1-mc1.20.1.jar with languages [LanguageSpec[languageName=javafml, acceptedVersions=[28,)]]
[26Sep2025 23:14:24.657] [main/DEBUG] [net.minecraftforge.fml.loading.moddiscovery.ModFileParser/LOADING]: Considering mod file candidate /workspaces/literate-parakeet/servidor_minecraft/mods/Xaeros_Minimap_25.2.10_Forge_1.20.jar
[26Sep2025 23:14:24.657] [main/DEBUG] [net.minecraftforge.fml.loading.moddiscovery.ModFileInfo/LOADING]: Found valid mod file Xaeros_Minimap_25.2.10_Forge_1.20.jar with {xaerominimap} mods - versions {25.2.10}
[26Sep2025 23:14:24.657] [main/DEBUG] [net.minecraftforge.fml.loading.moddiscovery.ModFile/LOADING]: Loading mod file /workspaces/literate-parakeet/servidor_minecraft/mods/Xaeros_Minimap_25.2.10_Forge_1.20.jar with languages [LanguageSpec[languageName=javafml, acceptedVersions=[46,48)]]
[26Sep2025 23:14:24.658] [main/DEBUG] [net.minecraftforge.fml.loading.moddiscovery.ModFileParser/LOADING]: Found coremod xaerohud_core with Javascript path META-INF/xaerohud_core.js
[26Sep2025 23:14:24.658] [main/DEBUG] [net.minecraftforge.fml.loading.moddiscovery.ModFile/LOADING]: Found coremod META-INF/xaerohud_core.js
[26Sep2025 23:14:24.658] [main/DEBUG] [net.minecraftforge.fml.loading.moddiscovery.ModFileParser/LOADING]: Considering mod file candidate /workspaces/literate-parakeet/servidor_minecraft/mods/gravestone-forge-1.20.1-1.0.32.jar
[26Sep2025 23:14:24.658] [main/DEBUG] [net.minecraftforge.fml.loading.moddiscovery.ModFileInfo/LOADING]: Found valid mod file gravestone-forge-1.20.1-1.0.32.jar with {gravestone} mods - versions {1.20.1-1.0.32}
[26Sep2025 23:14:24.658] [main/DEBUG] [net.minecraftforge.fml.loading.moddiscovery.ModFile/LOADING]: Loading mod file /workspaces/literate-parakeet/servidor_minecraft/mods/gravestone-forge-1.20.1-1.0.32.jar with languages [LanguageSpec[languageName=javafml, acceptedVersions=*]]
[26Sep2025 23:14:24.659] [main/DEBUG] [net.minecraftforge.fml.loading.moddiscovery.ModFileParser/LOADING]: Considering mod file candidate /workspaces/literate-parakeet/servidor_minecraft/mods/pet_cemetery-1.20.1-2.0.0.jar
[26Sep2025 23:14:24.659] [main/DEBUG] [net.minecraftforge.fml.loading.moddiscovery.ModFileInfo/LOADING]: Found valid mod file pet_cemetery-1.20.1-2.0.0.jar with {pet_cemetery} mods - versions {2.0.0}
[26Sep2025 23:14:24.659] [main/DEBUG] [net.minecraftforge.fml.loading.moddiscovery.ModFile/LOADING]: Loading mod file /workspaces/literate-parakeet/servidor_minecraft/mods/pet_cemetery-1.20.1-2.0.0.jar with languages [LanguageSpec[languageName=javafml, acceptedVersions=[32,)]]
[26Sep2025 23:14:24.659] [main/DEBUG] [net.minecraftforge.fml.loading.moddiscovery.ModFileParser/LOADING]: Considering mod file candidate /workspaces/literate-parakeet/servidor_minecraft/mods/dungeons-and-taverns-3.0.3.f[Forge].jar
[26Sep2025 23:14:24.660] [main/DEBUG] [net.minecraftforge.fml.loading.moddiscovery.ModFileInfo/LOADING]: Found valid mod file dungeons-and-taverns-3.0.3.f[Forge].jar with {mr_dungeons_andtaverns} mods - versions {3.0.3.f}
[26Sep2025 23:14:24.660] [main/DEBUG] [net.minecraftforge.fml.loading.moddiscovery.ModFile/LOADING]: Loading mod file /workspaces/literate-parakeet/servidor_minecraft/mods/dungeons-and-taverns-3.0.3.f[Forge].jar with languages [LanguageSpec[languageName=lowcodefml, acceptedVersions=[40,)]]
[26Sep2025 23:14:24.660] [main/DEBUG] [net.minecraftforge.fml.loading.moddiscovery.ModFileParser/LOADING]: Considering mod file candidate /workspaces/literate-parakeet/servidor_minecraft/mods/bettervillage-forge-1.20.1-3.3.1-all.jar
[26Sep2025 23:14:24.660] [main/DEBUG] [net.minecraftforge.fml.loading.moddiscovery.ModFileInfo/LOADING]: Found valid mod file bettervillage-forge-1.20.1-3.3.1-all.jar with {bettervillage} mods - versions {3.3.1}
[26Sep2025 23:14:24.661] [main/DEBUG] [net.minecraftforge.fml.loading.moddiscovery.ModFile/LOADING]: Loading mod file /workspaces/literate-parakeet/servidor_minecraft/mods/bettervillage-forge-1.20.1-3.3.1-all.jar with languages [LanguageSpec[languageName=javafml, acceptedVersions=[0,)]]
[26Sep2025 23:14:24.661] [main/DEBUG] [net.minecraftforge.fml.loading.moddiscovery.ModFileParser/LOADING]: Considering mod file candidate /workspaces/literate-parakeet/servidor_minecraft/mods/loafcats-1.2-1.20.1.jar
[26Sep2025 23:14:24.661] [main/DEBUG] [net.minecraftforge.fml.loading.moddiscovery.ModFileInfo/LOADING]: Found valid mod file loafcats-1.2-1.20.1.jar with {loafcats} mods - versions {1.2-1.20.1}
[26Sep2025 23:14:24.661] [main/DEBUG] [net.minecraftforge.fml.loading.moddiscovery.ModFile/LOADING]: Loading mod file /workspaces/literate-parakeet/servidor_minecraft/mods/loafcats-1.2-1.20.1.jar with languages [LanguageSpec[languageName=javafml, acceptedVersions=[47,)]]
[26Sep2025 23:14:24.662] [main/DEBUG] [net.minecraftforge.fml.loading.moddiscovery.ModFileParser/LOADING]: Considering mod file candidate /workspaces/literate-parakeet/servidor_minecraft/mods/architectury-9.2.14-forge.jar
[26Sep2025 23:14:24.662] [main/DEBUG] [net.minecraftforge.fml.loading.moddiscovery.ModFileInfo/LOADING]: Found valid mod file architectury-9.2.14-forge.jar with {architectury} mods - versions {9.2.14}
[26Sep2025 23:14:24.662] [main/DEBUG] [net.minecraftforge.fml.loading.moddiscovery.ModFile/LOADING]: Loading mod file /workspaces/literate-parakeet/servidor_minecraft/mods/architectury-9.2.14-forge.jar with languages [LanguageSpec[languageName=javafml, acceptedVersions=[46,)]]
[26Sep2025 23:14:24.662] [main/DEBUG] [net.minecraftforge.fml.loading.moddiscovery.ModFileParser/LOADING]: Considering mod file candidate /workspaces/literate-parakeet/servidor_minecraft/mods/cfm-forge-1.20.1-7.0.0-pre36.jar
[26Sep2025 23:14:24.663] [main/DEBUG] [net.minecraftforge.fml.loading.moddiscovery.ModFileInfo/LOADING]: Found valid mod file cfm-forge-1.20.1-7.0.0-pre36.jar with {cfm} mods - versions {7.0.0-pre36}
[26Sep2025 23:14:24.663] [main/DEBUG] [net.minecraftforge.fml.loading.moddiscovery.ModFile/LOADING]: Loading mod file /workspaces/literate-parakeet/servidor_minecraft/mods/cfm-forge-1.20.1-7.0.0-pre36.jar with languages [LanguageSpec[languageName=javafml, acceptedVersions=[39,)]]
[26Sep2025 23:14:24.663] [main/DEBUG] [net.minecraftforge.fml.loading.moddiscovery.ModFileParser/LOADING]: Considering mod file candidate /workspaces/literate-parakeet/servidor_minecraft/mods/ferritecore-6.0.1-forge.jar
[26Sep2025 23:14:24.663] [main/DEBUG] [net.minecraftforge.fml.loading.moddiscovery.ModFileInfo/LOADING]: Found valid mod file ferritecore-6.0.1-forge.jar with {ferritecore} mods - versions {6.0.1}
[26Sep2025 23:14:24.663] [main/DEBUG] [net.minecraftforge.fml.loading.moddiscovery.ModFile/LOADING]: Loading mod file /workspaces/literate-parakeet/servidor_minecraft/mods/ferritecore-6.0.1-forge.jar with languages [LanguageSpec[languageName=javafml, acceptedVersions=[28,)]]
[26Sep2025 23:14:24.664] [main/DEBUG] [net.minecraftforge.fml.loading.moddiscovery.ModFileParser/LOADING]: Considering mod file candidate /workspaces/literate-parakeet/servidor_minecraft/mods/tru.e-ending-v1.1.0c.jar
[26Sep2025 23:14:24.664] [main/DEBUG] [net.minecraftforge.fml.loading.moddiscovery.ModFileInfo/LOADING]: Found valid mod file tru.e-ending-v1.1.0c.jar with {mr_limesplatus_ending} mods - versions {1-v1.1.0c}
[26Sep2025 23:14:24.664] [main/DEBUG] [net.minecraftforge.fml.loading.moddiscovery.ModFile/LOADING]: Loading mod file /workspaces/literate-parakeet/servidor_minecraft/mods/tru.e-ending-v1.1.0c.jar with languages [LanguageSpec[languageName=lowcodefml, acceptedVersions=[40,)]]
[26Sep2025 23:14:24.664] [main/DEBUG] [net.minecraftforge.fml.loading.moddiscovery.ModFileParser/LOADING]: Considering mod file candidate 
[26Sep2025 23:14:24.664] [main/DEBUG] [net.minecraftforge.fml.loading.moddiscovery.ModFileInfo/LOADING]: Found valid mod file TRansition-1.0.3-1.20.1-forge-SNAPSHOT.jar with {transition} mods - versions {1.0.3}
[26Sep2025 23:14:24.665] [main/DEBUG] [net.minecraftforge.fml.loading.moddiscovery.ModFile/LOADING]: Loading mod file  with languages [LanguageSpec[languageName=javafml, acceptedVersions=[28,)]]
[26Sep2025 23:14:24.665] [main/DEBUG] [net.minecraftforge.fml.loading.moddiscovery.ModFileParser/LOADING]: Considering mod file candidate /workspaces/literate-parakeet/servidor_minecraft/mods/PuzzlesLib-v8.1.33-1.20.1-Forge.jar
[26Sep2025 23:14:24.665] [main/DEBUG] [net.minecraftforge.fml.loading.moddiscovery.ModFileInfo/LOADING]: Found valid mod file PuzzlesLib-v8.1.33-1.20.1-Forge.jar with {puzzleslib} mods - versions {8.1.33}
[26Sep2025 23:14:24.665] [main/DEBUG] [net.minecraftforge.fml.loading.moddiscovery.ModFile/LOADING]: Loading mod file /workspaces/literate-parakeet/servidor_minecraft/mods/PuzzlesLib-v8.1.33-1.20.1-Forge.jar with languages [LanguageSpec[languageName=javafml, acceptedVersions=[47,)]]
[26Sep2025 23:14:24.665] [main/DEBUG] [net.minecraftforge.fml.loading.moddiscovery.ModFileParser/LOADING]: Considering mod file candidate /workspaces/literate-parakeet/servidor_minecraft/mods/YungsBetterEndIsland-1.20-Forge-2.0.6.jar
[26Sep2025 23:14:24.666] [main/DEBUG] [net.minecraftforge.fml.loading.moddiscovery.ModFileInfo/LOADING]: Found valid mod file YungsBetterEndIsland-1.20-Forge-2.0.6.jar with {betterendisland} mods - versions {1.20-Forge-2.0.6}
[26Sep2025 23:14:24.666] [main/DEBUG] [net.minecraftforge.fml.loading.moddiscovery.ModFile/LOADING]: Loading mod file /workspaces/literate-parakeet/servidor_minecraft/mods/YungsBetterEndIsland-1.20-Forge-2.0.6.jar with languages [LanguageSpec[languageName=javafml, acceptedVersions=[46,)]]
[26Sep2025 23:14:24.666] [main/DEBUG] [net.minecraftforge.fml.loading.moddiscovery.ModFileParser/LOADING]: Considering mod file candidate /workspaces/literate-parakeet/servidor_minecraft/mods/the_knocker-1.5.0-forge-1.20.1.jar
[26Sep2025 23:14:24.666] [main/DEBUG] [net.minecraftforge.fml.loading.moddiscovery.ModFileInfo/LOADING]: Found valid mod file the_knocker-1.5.0-forge-1.20.1.jar with {the_knocker} mods - versions {1.5.0}
[26Sep2025 23:14:24.666] [main/DEBUG] [net.minecraftforge.fml.loading.moddiscovery.ModFile/LOADING]: Loading mod file /workspaces/literate-parakeet/servidor_minecraft/mods/the_knocker-1.5.0-forge-1.20.1.jar with languages [LanguageSpec[languageName=javafml, acceptedVersions=[47,)]]
[26Sep2025 23:14:24.667] [main/DEBUG] [net.minecraftforge.fml.loading.moddiscovery.ModFileParser/LOADING]: Considering mod file candidate /workspaces/literate-parakeet/servidor_minecraft/mods/FallingTree-1.20.1-4.3.4.jar
[26Sep2025 23:14:24.667] [main/DEBUG] [net.minecraftforge.fml.loading.moddiscovery.ModFileInfo/LOADING]: Found valid mod file FallingTree-1.20.1-4.3.4.jar with {fallingtree} mods - versions {4.3.4}
[26Sep2025 23:14:24.667] [main/DEBUG] [net.minecraftforge.fml.loading.moddiscovery.ModFile/LOADING]: Loading mod file /workspaces/literate-parakeet/servidor_minecraft/mods/FallingTree-1.20.1-4.3.4.jar with languages [LanguageSpec[languageName=javafml, acceptedVersions=[47,)]]
[26Sep2025 23:14:24.667] [main/DEBUG] [net.minecraftforge.fml.loading.moddiscovery.ModFileParser/LOADING]: Considering mod file candidate 
[26Sep2025 23:14:24.668] [main/DEBUG] [net.minecraftforge.fml.loading.moddiscovery.ModFileInfo/LOADING]: Found valid mod file lodestone-1.20.1-1.6.2.1.jar with {lodestone} mods - versions {1.20.1-1.6.2.1}
[26Sep2025 23:14:24.668] [main/DEBUG] [net.minecraftforge.fml.loading.moddiscovery.ModFile/LOADING]: Loading mod file  with languages [LanguageSpec[languageName=javafml, acceptedVersions=[47,)]]
[26Sep2025 23:14:24.668] [main/DEBUG] [net.minecraftforge.fml.loading.moddiscovery.ModFileParser/LOADING]: Considering mod file candidate /workspaces/literate-parakeet/servidor_minecraft/mods/HopoBetterMineshaft-[1.20.1-1.20.4]-1.2.2c.jar
[26Sep2025 23:14:24.668] [main/DEBUG] [net.minecraftforge.fml.loading.moddiscovery.ModFileInfo/LOADING]: Found valid mod file HopoBetterMineshaft-[1.20.1-1.20.4]-1.2.2c.jar with {hopo} mods - versions {1.2.2}
[26Sep2025 23:14:24.668] [main/DEBUG] [net.minecraftforge.fml.loading.moddiscovery.ModFile/LOADING]: Loading mod file /workspaces/literate-parakeet/servidor_minecraft/mods/HopoBetterMineshaft-[1.20.1-1.20.4]-1.2.2c.jar with languages [LanguageSpec[languageName=lowcodefml, acceptedVersions=[1,)]]
[26Sep2025 23:14:24.668] [main/DEBUG] [net.minecraftforge.fml.loading.moddiscovery.ModFileParser/LOADING]: Considering mod file candidate /workspaces/literate-parakeet/servidor_minecraft/mods/toms_storage-1.20-1.7.1.jar
[26Sep2025 23:14:24.669] [main/DEBUG] [net.minecraftforge.fml.loading.moddiscovery.ModFileInfo/LOADING]: Found valid mod file toms_storage-1.20-1.7.1.jar with {toms_storage} mods - versions {1.7.1}
[26Sep2025 23:14:24.669] [main/DEBUG] [net.minecraftforge.fml.loading.moddiscovery.ModFile/LOADING]: Loading mod file /workspaces/literate-parakeet/servidor_minecraft/mods/toms_storage-1.20-1.7.1.jar with languages [LanguageSpec[languageName=javafml, acceptedVersions=[46,)]]
[26Sep2025 23:14:24.669] [main/DEBUG] [net.minecraftforge.fml.loading.moddiscovery.ModFileParser/LOADING]: Considering mod file candidate /workspaces/literate-parakeet/servidor_minecraft/mods/packetfixer-3.1.4-1.18-1.20.4-merged.jar
[26Sep2025 23:14:24.670] [main/DEBUG] [net.minecraftforge.fml.loading.moddiscovery.ModFileInfo/LOADING]: Found valid mod file packetfixer-3.1.4-1.18-1.20.4-merged.jar with {packetfixer} mods - versions {3.1.4}
[26Sep2025 23:14:24.670] [main/DEBUG] [net.minecraftforge.fml.loading.moddiscovery.ModFile/LOADING]: Loading mod file /workspaces/literate-parakeet/servidor_minecraft/mods/packetfixer-3.1.4-1.18-1.20.4-merged.jar with languages [LanguageSpec[languageName=javafml, acceptedVersions=[0,)]]
[26Sep2025 23:14:24.670] [main/DEBUG] [net.minecraftforge.fml.loading.moddiscovery.ModFileParser/LOADING]: Considering mod file candidate /workspaces/literate-parakeet/servidor_minecraft/mods/PlayerRevive_FORGE_v2.0.31_mc1.20.1.jar
[26Sep2025 23:14:24.670] [main/DEBUG] [net.minecraftforge.fml.loading.moddiscovery.ModFileInfo/LOADING]: Found valid mod file PlayerRevive_FORGE_v2.0.31_mc1.20.1.jar with {playerrevive} mods - versions {2.0.31}
[26Sep2025 23:14:24.670] [main/DEBUG] [net.minecraftforge.fml.loading.moddiscovery.ModFile/LOADING]: Loading mod file /workspaces/literate-parakeet/servidor_minecraft/mods/PlayerRevive_FORGE_v2.0.31_mc1.20.1.jar with languages [LanguageSpec[languageName=javafml, acceptedVersions=[46,)]]
[26Sep2025 23:14:24.670] [main/DEBUG] [net.minecraftforge.fml.loading.moddiscovery.ModFileParser/LOADING]: Considering mod file candidate /workspaces/literate-parakeet/servidor_minecraft/mods/PresenceFootsteps-1.20.1-1.9.1-beta.1.jar
[26Sep2025 23:14:24.671] [main/DEBUG] [net.minecraftforge.fml.loading.moddiscovery.ModFileInfo/LOADING]: Found valid mod file PresenceFootsteps-1.20.1-1.9.1-beta.1.jar with {presencefootsteps} mods - versions {1.20.1-1.9.1-beta.1}
[26Sep2025 23:14:24.671] [main/DEBUG] [net.minecraftforge.fml.loading.moddiscovery.ModFile/LOADING]: Loading mod file /workspaces/literate-parakeet/servidor_minecraft/mods/PresenceFootsteps-1.20.1-1.9.1-beta.1.jar with languages [LanguageSpec[languageName=javafml, acceptedVersions=[47,)]]
[26Sep2025 23:14:24.671] [main/DEBUG] [net.minecraftforge.fml.loading.moddiscovery.ModFile/LOADING]: Loading mod file  with languages []
[26Sep2025 23:14:24.671] [main/DEBUG] [net.minecraftforge.fml.loading.moddiscovery.ModFile/LOADING]: Loading mod file  with languages []
[26Sep2025 23:14:24.671] [main/DEBUG] [net.minecraftforge.fml.loading.moddiscovery.ModFile/LOADING]: Loading mod file  with languages []
[26Sep2025 23:14:24.671] [main/DEBUG] [net.minecraftforge.fml.loading.moddiscovery.ModFile/LOADING]: Loading mod file  with languages []
[26Sep2025 23:14:24.671] [main/DEBUG] [net.minecraftforge.fml.loading.moddiscovery.ModFile/LOADING]: Loading mod file  with languages []
[26Sep2025 23:14:24.672] [main/DEBUG] [net.minecraftforge.fml.loading.moddiscovery.ModFile/LOADING]: Loading mod file  with languages []
[26Sep2025 23:14:24.672] [main/DEBUG] [net.minecraftforge.fml.loading.moddiscovery.ModFile/LOADING]: Loading mod file  with languages []
[26Sep2025 23:14:24.672] [main/DEBUG] [net.minecraftforge.fml.loading.moddiscovery.ModFile/LOADING]: Loading mod file  with languages []
[26Sep2025 23:14:24.672] [main/DEBUG] [net.minecraftforge.fml.loading.moddiscovery.ModFile/LOADING]: Loading mod file  with languages []
[26Sep2025 23:14:24.672] [main/DEBUG] [net.minecraftforge.fml.loading.moddiscovery.ModFile/LOADING]: Loading mod file  with languages []
[26Sep2025 23:14:24.673] [main/DEBUG] [cpw.mods.modlauncher.TransformationServiceDecorator/MODLAUNCHER]: End scan trigger - transformation service fml
[26Sep2025 23:14:24.683] [main/DEBUG] [net.minecraftforge.fml.loading.LanguageLoadingProvider/CORE]: Found 3 language providers
[26Sep2025 23:14:24.684] [main/DEBUG] [net.minecraftforge.fml.loading.LanguageLoadingProvider/CORE]: Found language provider minecraft, version 1.0
[26Sep2025 23:14:24.685] [main/DEBUG] [net.minecraftforge.fml.loading.LanguageLoadingProvider/CORE]: Found language provider lowcodefml, version 47
[26Sep2025 23:14:24.685] [main/DEBUG] [net.minecraftforge.fml.loading.LanguageLoadingProvider/CORE]: Found language provider javafml, version 47
[26Sep2025 23:14:24.688] [main/DEBUG] [net.minecraftforge.fml.loading.UniqueModListBuilder/]: Found 2 mods for first modid mclib, selecting most recent based on version data
[26Sep2025 23:14:24.688] [main/DEBUG] [net.minecraftforge.fml.loading.UniqueModListBuilder/]: Selected file mclib-20.jar for modid mclib with version 0.0NONE
[26Sep2025 23:14:24.688] [main/DEBUG] [net.minecraftforge.fml.loading.UniqueModListBuilder/]: Found 2 mods for first modid NanoLiveConfig, selecting most recent based on version data
[26Sep2025 23:14:24.689] [main/DEBUG] [net.minecraftforge.fml.loading.UniqueModListBuilder/]: Selected file NanoLiveConfig-1.2.1.jar for modid NanoLiveConfig with version 0.0NONE
[26Sep2025 23:14:24.689] [main/DEBUG] [net.minecraftforge.fml.loading.UniqueModListBuilder/]: Found 2 mods for first modid mixinextras, selecting most recent based on version data
[26Sep2025 23:14:24.689] [main/DEBUG] [net.minecraftforge.fml.loading.UniqueModListBuilder/]: Selected file mixinextras-forge-0.5.0.jar for modid mixinextras with version 0.5.0
[26Sep2025 23:14:24.689] [main/DEBUG] [net.minecraftforge.fml.loading.UniqueModListBuilder/]: Found 2 mods for first modid org.yaml.snakeyaml, selecting most recent based on version data
[26Sep2025 23:14:24.689] [main/DEBUG] [net.minecraftforge.fml.loading.UniqueModListBuilder/]: Selected file snakeyaml-2.2.jar for modid org.yaml.snakeyaml with version 0.0NONE
[26Sep2025 23:14:24.689] [main/DEBUG] [net.minecraftforge.fml.loading.UniqueModListBuilder/]: Found 2 mods for first modid MixinExtras, selecting most recent based on version data
[26Sep2025 23:14:24.689] [main/DEBUG] [net.minecraftforge.fml.loading.UniqueModListBuilder/]: Selected file MixinExtras-0.5.0.jar for modid MixinExtras with version 0.5.0
[26Sep2025 23:14:24.691] [main/DEBUG] [net.minecraftforge.fml.loading.ModSorter/]: Configured system mods: [minecraft, forge]
[26Sep2025 23:14:24.691] [main/DEBUG] [net.minecraftforge.fml.loading.ModSorter/]: Found system mod: minecraft
[26Sep2025 23:14:24.691] [main/DEBUG] [net.minecraftforge.fml.loading.ModSorter/]: Found system mod: forge
[26Sep2025 23:14:24.693] [main/DEBUG] [net.minecraftforge.fml.loading.ModSorter/LOADING]: Found 140 mod requirements (126 mandatory, 14 optional)
[26Sep2025 23:14:24.695] [main/DEBUG] [net.minecraftforge.fml.loading.ModSorter/LOADING]: Found 0 mod requirements missing (0 mandatory, 0 optional)
[26Sep2025 23:14:25.325] [main/DEBUG] [cpw.mods.modlauncher.TransformationServicesHandler/MODLAUNCHER]: Transformation services loading transformers
[26Sep2025 23:14:25.325] [main/DEBUG] [cpw.mods.modlauncher.TransformationServiceDecorator/MODLAUNCHER]: Initializing transformers for transformation service mixin
[26Sep2025 23:14:25.326] [main/DEBUG] [cpw.mods.modlauncher.TransformationServiceDecorator/MODLAUNCHER]: Initialized transformers for transformation service mixin
[26Sep2025 23:14:25.329] [main/DEBUG] [cpw.mods.modlauncher.TransformationServiceDecorator/MODLAUNCHER]: Initializing transformers for transformation service fml
[26Sep2025 23:14:25.329] [main/DEBUG] [net.minecraftforge.fml.loading.FMLServiceProvider/CORE]: Loading coremod transformers
[26Sep2025 23:14:25.329] [main/DEBUG] [net.minecraftforge.coremod.CoreModEngine/COREMOD]: Loading CoreMod from particlerain.js
[26Sep2025 23:14:25.554] [main/DEBUG] [net.minecraftforge.coremod.CoreModEngine/COREMOD]: CoreMod loaded successfully
[26Sep2025 23:14:25.554] [main/DEBUG] [net.minecraftforge.coremod.CoreModEngine/COREMOD]: Loading CoreMod from coremods/field_to_method.js
[26Sep2025 23:14:25.623] [main/DEBUG] [net.minecraftforge.coremod.CoreModEngine/COREMOD]: CoreMod loaded successfully
[26Sep2025 23:14:25.629] [main/DEBUG] [net.minecraftforge.coremod.CoreModEngine/COREMOD]: Loading CoreMod from coremods/field_to_instanceof.js
[26Sep2025 23:14:25.737] [main/DEBUG] [net.minecraftforge.coremod.CoreModEngine/COREMOD]: CoreMod loaded successfully
[26Sep2025 23:14:25.737] [main/DEBUG] [net.minecraftforge.coremod.CoreModEngine/COREMOD]: Loading CoreMod from coremods/add_bouncer_method.js
[26Sep2025 23:14:25.797] [main/DEBUG] [net.minecraftforge.coremod.CoreModEngine/COREMOD]: CoreMod loaded successfully
[26Sep2025 23:14:25.800] [main/DEBUG] [net.minecraftforge.coremod.CoreModEngine/COREMOD]: Loading CoreMod from coremods/method_redirector.js
[26Sep2025 23:14:25.907] [main/DEBUG] [net.minecraftforge.coremod.CoreModEngine/COREMOD]: CoreMod loaded successfully
[26Sep2025 23:14:25.908] [main/DEBUG] [net.minecraftforge.coremod.CoreModEngine/COREMOD]: Loading CoreMod from META-INF/xaerohud_core.js
[26Sep2025 23:14:25.990] [main/DEBUG] [net.minecraftforge.coremod.CoreModEngine/COREMOD]: CoreMod loaded successfully
[26Sep2025 23:14:26.005] [main/DEBUG] [cpw.mods.modlauncher.TransformStore/MODLAUNCHER]: Adding transformer net.minecraftforge.coremod.transformer.CoreModClassTransformer@51fc862e to Target : CLASS {Lnet/minecraft/client/server/LanServerPinger;} {} {V}
[26Sep2025 23:14:26.013] [main/DEBUG] [cpw.mods.modlauncher.TransformStore/MODLAUNCHER]: Adding transformer net.minecraftforge.coremod.transformer.CoreModClassTransformer@7bdf61ad to Target : CLASS {Lnet/minecraft/world/level/biome/Biome;} {} {V}
[26Sep2025 23:14:26.013] [main/DEBUG] [cpw.mods.modlauncher.TransformStore/MODLAUNCHER]: Adding transformer net.minecraftforge.coremod.transformer.CoreModClassTransformer@54336976 to Target : CLASS {Lnet/minecraft/world/level/levelgen/structure/Structure;} {} {V}
[26Sep2025 23:14:26.013] [main/DEBUG] [cpw.mods.modlauncher.TransformStore/MODLAUNCHER]: Adding transformer net.minecraftforge.coremod.transformer.CoreModClassTransformer@f25f48a to Target : CLASS {Lnet/minecraft/world/effect/MobEffectInstance;} {} {V}
[26Sep2025 23:14:26.013] [main/DEBUG] [cpw.mods.modlauncher.TransformStore/MODLAUNCHER]: Adding transformer net.minecraftforge.coremod.transformer.CoreModClassTransformer@3b7c80c6 to Target : CLASS {Lnet/minecraft/world/level/block/LiquidBlock;} {} {V}
[26Sep2025 23:14:26.014] [main/DEBUG] [cpw.mods.modlauncher.TransformStore/MODLAUNCHER]: Adding transformer net.minecraftforge.coremod.transformer.CoreModClassTransformer@3b2e5c0d to Target : CLASS {Lnet/minecraft/world/item/BucketItem;} {} {V}
[26Sep2025 23:14:26.014] [main/DEBUG] [cpw.mods.modlauncher.TransformStore/MODLAUNCHER]: Adding transformer net.minecraftforge.coremod.transformer.CoreModClassTransformer@7499eac7 to Target : CLASS {Lnet/minecraft/world/level/block/StairBlock;} {} {V}
[26Sep2025 23:14:26.014] [main/DEBUG] [cpw.mods.modlauncher.TransformStore/MODLAUNCHER]: Adding transformer net.minecraftforge.coremod.transformer.CoreModClassTransformer@5438c17a to Target : CLASS {Lnet/minecraft/world/level/block/FlowerPotBlock;} {} {V}
[26Sep2025 23:14:26.014] [main/DEBUG] [cpw.mods.modlauncher.TransformStore/MODLAUNCHER]: Adding transformer net.minecraftforge.coremod.transformer.CoreModClassTransformer@b9d018b to Target : CLASS {Lnet/minecraft/world/item/ItemStack;} {} {V}
[26Sep2025 23:14:26.014] [main/DEBUG] [cpw.mods.modlauncher.TransformStore/MODLAUNCHER]: Adding transformer net.minecraftforge.coremod.transformer.CoreModClassTransformer@429aeac1 to Target : CLASS {Lnet/minecraft/network/play/client/CClientSettingsPacket;} {} {V}
[26Sep2025 23:14:26.014] [main/DEBUG] [cpw.mods.modlauncher.TransformStore/MODLAUNCHER]: Adding transformer net.minecraftforge.coremod.transformer.CoreModClassTransformer@79eeff87 to Target : CLASS {Lnet/minecraft/world/entity/animal/frog/Tadpole;} {} {V}
[26Sep2025 23:14:26.014] [main/DEBUG] [cpw.mods.modlauncher.TransformStore/MODLAUNCHER]: Adding transformer net.minecraftforge.coremod.transformer.CoreModClassTransformer@79eeff87 to Target : CLASS {Lnet/minecraft/world/entity/EntityType;} {} {V}
[26Sep2025 23:14:26.014] [main/DEBUG] [cpw.mods.modlauncher.TransformStore/MODLAUNCHER]: Adding transformer net.minecraftforge.coremod.transformer.CoreModClassTransformer@79eeff87 to Target : CLASS {Lnet/minecraft/world/level/levelgen/PhantomSpawner;} {} {V}
[26Sep2025 23:14:26.014] [main/DEBUG] [cpw.mods.modlauncher.TransformStore/MODLAUNCHER]: Adding transformer net.minecraftforge.coremod.transformer.CoreModClassTransformer@79eeff87 to Target : CLASS {Lnet/minecraft/world/entity/monster/Evoker$EvokerSummonSpellGoal;} {} {V}
[26Sep2025 23:14:26.018] [main/DEBUG] [cpw.mods.modlauncher.TransformStore/MODLAUNCHER]: Adding transformer net.minecraftforge.coremod.transformer.CoreModClassTransformer@79eeff87 to Target : CLASS {Lnet/minecraft/world/entity/npc/Villager;} {} {V}
[26Sep2025 23:14:26.018] [main/DEBUG] [cpw.mods.modlauncher.TransformStore/MODLAUNCHER]: Adding transformer net.minecraftforge.coremod.transformer.CoreModClassTransformer@79eeff87 to Target : CLASS {Lnet/minecraft/world/level/levelgen/structure/templatesystem/StructureTemplate;} {} {V}
[26Sep2025 23:14:26.018] [main/DEBUG] [cpw.mods.modlauncher.TransformStore/MODLAUNCHER]: Adding transformer net.minecraftforge.coremod.transformer.CoreModClassTransformer@79eeff87 to Target : CLASS {Lnet/minecraft/server/commands/SummonCommand;} {} {V}
[26Sep2025 23:14:26.018] [main/DEBUG] [cpw.mods.modlauncher.TransformStore/MODLAUNCHER]: Adding transformer net.minecraftforge.coremod.transformer.CoreModClassTransformer@79eeff87 to Target : CLASS {Lnet/minecraft/world/entity/raid/Raid;} {} {V}
[26Sep2025 23:14:26.019] [main/DEBUG] [cpw.mods.modlauncher.TransformStore/MODLAUNCHER]: Adding transformer net.minecraftforge.coremod.transformer.CoreModClassTransformer@79eeff87 to Target : CLASS {Lnet/minecraft/world/entity/monster/Spider;} {} {V}
[26Sep2025 23:14:26.019] [main/DEBUG] [cpw.mods.modlauncher.TransformStore/MODLAUNCHER]: Adding transformer net.minecraftforge.coremod.transformer.CoreModClassTransformer@79eeff87 to Target : CLASS {Lnet/minecraft/server/commands/RaidCommand;} {} {V}
[26Sep2025 23:14:26.019] [main/DEBUG] [cpw.mods.modlauncher.TransformStore/MODLAUNCHER]: Adding transformer net.minecraftforge.coremod.transformer.CoreModClassTransformer@79eeff87 to Target : CLASS {Lnet/minecraft/world/entity/npc/CatSpawner;} {} {V}
[26Sep2025 23:14:26.019] [main/DEBUG] [cpw.mods.modlauncher.TransformStore/MODLAUNCHER]: Adding transformer net.minecraftforge.coremod.transformer.CoreModClassTransformer@79eeff87 to Target : CLASS {Lnet/minecraft/world/entity/monster/Zombie;} {} {V}
[26Sep2025 23:14:26.021] [main/DEBUG] [cpw.mods.modlauncher.TransformStore/MODLAUNCHER]: Adding transformer net.minecraftforge.coremod.transformer.CoreModClassTransformer@79eeff87 to Target : CLASS {Lnet/minecraft/world/level/levelgen/structure/structures/WoodlandMansionPieces$WoodlandMansionPiece;} {} {V}
[26Sep2025 23:14:26.021] [main/DEBUG] [cpw.mods.modlauncher.TransformStore/MODLAUNCHER]: Adding transformer net.minecraftforge.coremod.transformer.CoreModClassTransformer@79eeff87 to Target : CLASS {Lnet/minecraft/world/entity/ai/village/VillageSiege;} {} {V}
[26Sep2025 23:14:26.021] [main/DEBUG] [cpw.mods.modlauncher.TransformStore/MODLAUNCHER]: Adding transformer net.minecraftforge.coremod.transformer.CoreModClassTransformer@79eeff87 to Target : CLASS {Lnet/minecraft/world/entity/animal/horse/SkeletonTrapGoal;} {} {V}
[26Sep2025 23:14:26.021] [main/DEBUG] [cpw.mods.modlauncher.TransformStore/MODLAUNCHER]: Adding transformer net.minecraftforge.coremod.transformer.CoreModClassTransformer@79eeff87 to Target : CLASS {Lnet/minecraft/world/entity/monster/ZombieVillager;} {} {V}
[26Sep2025 23:14:26.021] [main/DEBUG] [cpw.mods.modlauncher.TransformStore/MODLAUNCHER]: Adding transformer net.minecraftforge.coremod.transformer.CoreModClassTransformer@79eeff87 to Target : CLASS {Lnet/minecraft/world/level/levelgen/PatrolSpawner;} {} {V}
[26Sep2025 23:14:26.021] [main/DEBUG] [cpw.mods.modlauncher.TransformStore/MODLAUNCHER]: Adding transformer net.minecraftforge.coremod.transformer.CoreModClassTransformer@79eeff87 to Target : CLASS {Lnet/minecraft/world/entity/monster/Strider;} {} {V}
[26Sep2025 23:14:26.021] [main/DEBUG] [cpw.mods.modlauncher.TransformStore/MODLAUNCHER]: Adding transformer net.minecraftforge.coremod.transformer.CoreModClassTransformer@79eeff87 to Target : CLASS {Lnet/minecraft/world/level/NaturalSpawner;} {} {V}
[26Sep2025 23:14:26.022] [main/DEBUG] [cpw.mods.modlauncher.TransformStore/MODLAUNCHER]: Adding transformer net.minecraftforge.coremod.transformer.CoreModClassTransformer@79eeff87 to Target : CLASS {Lnet/minecraft/world/level/levelgen/structure/structures/SwampHutPiece;} {} {V}
[26Sep2025 23:14:26.022] [main/DEBUG] [cpw.mods.modlauncher.TransformStore/MODLAUNCHER]: Adding transformer net.minecraftforge.coremod.transformer.CoreModClassTransformer@79eeff87 to Target : CLASS {Lnet/minecraft/world/level/levelgen/structure/structures/OceanMonumentPieces$OceanMonumentPiece;} {} {V}
[26Sep2025 23:14:26.022] [main/DEBUG] [cpw.mods.modlauncher.TransformStore/MODLAUNCHER]: Adding transformer net.minecraftforge.coremod.transformer.CoreModClassTransformer@79eeff87 to Target : CLASS {Lnet/minecraft/world/level/levelgen/structure/structures/OceanRuinPieces$OceanRuinPiece;} {} {V}
[26Sep2025 23:14:26.022] [main/DEBUG] [cpw.mods.modlauncher.TransformStore/MODLAUNCHER]: Adding transformer net.minecraftforge.coremod.transformer.CoreModMethodTransformer@8bd076a to Target : METHOD {Lnet/minecraft/client/ToggleKeyMapping;} {m_90857_} {()Z}
[26Sep2025 23:14:26.022] [main/DEBUG] [cpw.mods.modlauncher.TransformationServiceDecorator/MODLAUNCHER]: Initialized transformers for transformation service fml
[26Sep2025 23:14:27.300] [main/DEBUG] [mixin/]: Processing prepare() for PlatformAgent[MixinPlatformAgentDefault:ModLauncher Root Container(ModLauncher:4f56a0a2)]
[26Sep2025 23:14:27.302] [main/DEBUG] [mixin/]: Processing launch tasks for PlatformAgent[MixinPlatformAgentDefault:ModLauncher Root Container(ModLauncher:4f56a0a2)]
[26Sep2025 23:14:27.302] [main/DEBUG] [mixin/]: Adding mixin platform agents for container SecureJarResource(gravecore)
[26Sep2025 23:14:27.303] [main/DEBUG] [mixin/]: Instancing new MixinPlatformAgentMinecraftForge for SecureJarResource(gravecore)
[26Sep2025 23:14:27.305] [main/DEBUG] [mixin/]: MixinPlatformAgentMinecraftForge rejected container SecureJarResource(gravecore)
[26Sep2025 23:14:27.305] [main/DEBUG] [mixin/]: Instancing new MixinPlatformAgentDefault for SecureJarResource(gravecore)
[26Sep2025 23:14:27.305] [main/DEBUG] [mixin/]: MixinPlatformAgentDefault accepted container SecureJarResource(gravecore)
[26Sep2025 23:14:27.305] [main/DEBUG] [mixin/]: Processing prepare() for PlatformAgent[MixinPlatformAgentDefault:SecureJarResource(gravecore)]
[26Sep2025 23:14:27.305] [main/DEBUG] [mixin/]: Adding mixin platform agents for container SecureJarResource(radium)
[26Sep2025 23:14:27.305] [main/DEBUG] [mixin/]: Instancing new MixinPlatformAgentMinecraftForge for SecureJarResource(radium)
[26Sep2025 23:14:27.305] [main/DEBUG] [mixin/]: MixinPlatformAgentMinecraftForge rejected container SecureJarResource(radium)
[26Sep2025 23:14:27.305] [main/DEBUG] [mixin/]: Instancing new MixinPlatformAgentDefault for SecureJarResource(radium)
[26Sep2025 23:14:27.305] [main/DEBUG] [mixin/]: MixinPlatformAgentDefault accepted container SecureJarResource(radium)
[26Sep2025 23:14:27.305] [main/DEBUG] [mixin/]: Processing prepare() for PlatformAgent[MixinPlatformAgentDefault:SecureJarResource(radium)]
[26Sep2025 23:14:27.305] [main/DEBUG] [mixin/]: Registering mixin config: lithium.mixins.json
[26Sep2025 23:14:27.325] [main/DEBUG] [mixin/]: Adding mixin platform agents for container SecureJarResource(rhino)
[26Sep2025 23:14:27.326] [main/DEBUG] [mixin/]: Instancing new MixinPlatformAgentMinecraftForge for SecureJarResource(rhino)
[26Sep2025 23:14:27.326] [main/DEBUG] [mixin/]: MixinPlatformAgentMinecraftForge rejected container SecureJarResource(rhino)
[26Sep2025 23:14:27.326] [main/DEBUG] [mixin/]: Instancing new MixinPlatformAgentDefault for SecureJarResource(rhino)
[26Sep2025 23:14:27.326] [main/DEBUG] [mixin/]: MixinPlatformAgentDefault accepted container SecureJarResource(rhino)
[26Sep2025 23:14:27.326] [main/DEBUG] [mixin/]: Processing prepare() for PlatformAgent[MixinPlatformAgentDefault:SecureJarResource(rhino)]
[26Sep2025 23:14:27.326] [main/DEBUG] [mixin/]: Registering mixin config: rhino-common.mixins.json
[26Sep2025 23:14:27.329] [main/DEBUG] [mixin/]: Compatibility level JAVA_17 specified by rhino-common.mixins.json is higher than the maximum level supported by this version of mixin (JAVA_13).
[26Sep2025 23:14:27.332] [main/INFO] [mixin/]: Compatibility level set to JAVA_17
[26Sep2025 23:14:27.332] [main/DEBUG] [mixin/]: Adding mixin platform agents for container SecureJarResource(mowziesmobs)
[26Sep2025 23:14:27.332] [main/DEBUG] [mixin/]: Instancing new MixinPlatformAgentMinecraftForge for SecureJarResource(mowziesmobs)
[26Sep2025 23:14:27.332] [main/DEBUG] [mixin/]: MixinPlatformAgentMinecraftForge rejected container SecureJarResource(mowziesmobs)
[26Sep2025 23:14:27.332] [main/DEBUG] [mixin/]: Instancing new MixinPlatformAgentDefault for SecureJarResource(mowziesmobs)
[26Sep2025 23:14:27.332] [main/DEBUG] [mixin/]: MixinPlatformAgentDefault accepted container SecureJarResource(mowziesmobs)
[26Sep2025 23:14:27.332] [main/DEBUG] [mixin/]: Processing prepare() for PlatformAgent[MixinPlatformAgentDefault:SecureJarResource(mowziesmobs)]
[26Sep2025 23:14:27.332] [main/DEBUG] [mixin/]: Registering mixin config: mowziesmobs.mixins.json
[26Sep2025 23:14:27.335] [main/DEBUG] [mixin/]: Adding mixin platform agents for container SecureJarResource(mcef)
[26Sep2025 23:14:27.335] [main/DEBUG] [mixin/]: Instancing new MixinPlatformAgentMinecraftForge for SecureJarResource(mcef)
[26Sep2025 23:14:27.335] [main/DEBUG] [mixin/]: MixinPlatformAgentMinecraftForge rejected container SecureJarResource(mcef)
[26Sep2025 23:14:27.335] [main/DEBUG] [mixin/]: Instancing new MixinPlatformAgentDefault for SecureJarResource(mcef)
[26Sep2025 23:14:27.335] [main/DEBUG] [mixin/]: MixinPlatformAgentDefault accepted container SecureJarResource(mcef)
[26Sep2025 23:14:27.335] [main/DEBUG] [mixin/]: Processing prepare() for PlatformAgent[MixinPlatformAgentDefault:SecureJarResource(mcef)]
[26Sep2025 23:14:27.336] [main/DEBUG] [mixin/]: Registering mixin config: mcef.mixins.json
[26Sep2025 23:14:27.338] [main/DEBUG] [mixin/]: Adding mixin platform agents for container SecureJarResource(mutantmonsters)
[26Sep2025 23:14:27.341] [main/DEBUG] [mixin/]: Instancing new MixinPlatformAgentMinecraftForge for SecureJarResource(mutantmonsters)
[26Sep2025 23:14:27.341] [main/DEBUG] [mixin/]: MixinPlatformAgentMinecraftForge rejected container SecureJarResource(mutantmonsters)
[26Sep2025 23:14:27.341] [main/DEBUG] [mixin/]: Instancing new MixinPlatformAgentDefault for SecureJarResource(mutantmonsters)
[26Sep2025 23:14:27.341] [main/DEBUG] [mixin/]: MixinPlatformAgentDefault accepted container SecureJarResource(mutantmonsters)
[26Sep2025 23:14:27.341] [main/DEBUG] [mixin/]: Processing prepare() for PlatformAgent[MixinPlatformAgentDefault:SecureJarResource(mutantmonsters)]
[26Sep2025 23:14:27.341] [main/DEBUG] [mixin/]: Registering mixin config: mutantmonsters.common.mixins.json
[26Sep2025 23:14:27.343] [main/DEBUG] [mixin/]: Adding mixin platform agents for container SecureJarResource(amendments)
[26Sep2025 23:14:27.343] [main/DEBUG] [mixin/]: Instancing new MixinPlatformAgentMinecraftForge for SecureJarResource(amendments)
[26Sep2025 23:14:27.344] [main/DEBUG] [mixin/]: MixinPlatformAgentMinecraftForge rejected container SecureJarResource(amendments)
[26Sep2025 23:14:27.344] [main/DEBUG] [mixin/]: Instancing new MixinPlatformAgentDefault for SecureJarResource(amendments)
[26Sep2025 23:14:27.344] [main/DEBUG] [mixin/]: MixinPlatformAgentDefault accepted container SecureJarResource(amendments)
[26Sep2025 23:14:27.344] [main/DEBUG] [mixin/]: Processing prepare() for PlatformAgent[MixinPlatformAgentDefault:SecureJarResource(amendments)]
[26Sep2025 23:14:27.345] [main/DEBUG] [mixin/]: Registering mixin config: amendments.mixins.json
[26Sep2025 23:14:27.346] [main/DEBUG] [mixin/]: Registering mixin config: amendments-common.mixins.json
[26Sep2025 23:14:27.348] [main/DEBUG] [mixin/]: Adding mixin platform agents for container SecureJarResource(geckolib)
[26Sep2025 23:14:27.349] [main/DEBUG] [mixin/]: Instancing new MixinPlatformAgentMinecraftForge for SecureJarResource(geckolib)
[26Sep2025 23:14:27.349] [main/DEBUG] [mixin/]: MixinPlatformAgentMinecraftForge rejected container SecureJarResource(geckolib)
[26Sep2025 23:14:27.349] [main/DEBUG] [mixin/]: Instancing new MixinPlatformAgentDefault for SecureJarResource(geckolib)
[26Sep2025 23:14:27.349] [main/DEBUG] [mixin/]: MixinPlatformAgentDefault accepted container SecureJarResource(geckolib)
[26Sep2025 23:14:27.349] [main/DEBUG] [mixin/]: Processing prepare() for PlatformAgent[MixinPlatformAgentDefault:SecureJarResource(geckolib)]
[26Sep2025 23:14:27.350] [main/DEBUG] [mixin/]: Registering mixin config: geckolib.mixins.json
[26Sep2025 23:14:27.351] [main/DEBUG] [mixin/]: Adding mixin platform agents for container SecureJarResource(playeranimator)
[26Sep2025 23:14:27.352] [main/DEBUG] [mixin/]: Instancing new MixinPlatformAgentMinecraftForge for SecureJarResource(playeranimator)
[26Sep2025 23:14:27.352] [main/DEBUG] [mixin/]: MixinPlatformAgentMinecraftForge rejected container SecureJarResource(playeranimator)
[26Sep2025 23:14:27.352] [main/DEBUG] [mixin/]: Instancing new MixinPlatformAgentDefault for SecureJarResource(playeranimator)
[26Sep2025 23:14:27.352] [main/DEBUG] [mixin/]: MixinPlatformAgentDefault accepted container SecureJarResource(playeranimator)
[26Sep2025 23:14:27.352] [main/DEBUG] [mixin/]: Processing prepare() for PlatformAgent[MixinPlatformAgentDefault:SecureJarResource(playeranimator)]
[26Sep2025 23:14:27.353] [main/DEBUG] [mixin/]: Registering mixin config: playerAnimator-common.mixins.json
[26Sep2025 23:14:27.354] [main/DEBUG] [mixin/]: Compatibility level JAVA_16 specified by playerAnimator-common.mixins.json is higher than the maximum level supported by this version of mixin (JAVA_13).
[26Sep2025 23:14:27.355] [main/DEBUG] [mixin/]: Adding mixin platform agents for container SecureJarResource(palladiumcore)
[26Sep2025 23:14:27.355] [main/DEBUG] [mixin/]: Instancing new MixinPlatformAgentMinecraftForge for SecureJarResource(palladiumcore)
[26Sep2025 23:14:27.355] [main/DEBUG] [mixin/]: MixinPlatformAgentMinecraftForge rejected container SecureJarResource(palladiumcore)
[26Sep2025 23:14:27.355] [main/DEBUG] [mixin/]: Instancing new MixinPlatformAgentDefault for SecureJarResource(palladiumcore)
[26Sep2025 23:14:27.356] [main/DEBUG] [mixin/]: MixinPlatformAgentDefault accepted container SecureJarResource(palladiumcore)
[26Sep2025 23:14:27.356] [main/DEBUG] [mixin/]: Processing prepare() for PlatformAgent[MixinPlatformAgentDefault:SecureJarResource(palladiumcore)]
[26Sep2025 23:14:27.356] [main/DEBUG] [mixin/]: Registering mixin config: palladiumcore-common.mixins.json
[26Sep2025 23:14:27.358] [main/ERROR] [mixin/]: Mixin config palladiumcore-common.mixins.json does not specify "minVersion" property
[26Sep2025 23:14:27.358] [main/DEBUG] [mixin/]: Registering mixin config: palladiumcore.mixins.json
[26Sep2025 23:14:27.360] [main/ERROR] [mixin/]: Mixin config palladiumcore.mixins.json does not specify "minVersion" property
[26Sep2025 23:14:27.361] [main/DEBUG] [mixin/]: Adding mixin platform agents for container SecureJarResource(jei)
[26Sep2025 23:14:27.361] [main/DEBUG] [mixin/]: Instancing new MixinPlatformAgentMinecraftForge for SecureJarResource(jei)
[26Sep2025 23:14:27.361] [main/DEBUG] [mixin/]: MixinPlatformAgentMinecraftForge rejected container SecureJarResource(jei)
[26Sep2025 23:14:27.361] [main/DEBUG] [mixin/]: Instancing new MixinPlatformAgentDefault for SecureJarResource(jei)
[26Sep2025 23:14:27.361] [main/DEBUG] [mixin/]: MixinPlatformAgentDefault accepted container SecureJarResource(jei)
[26Sep2025 23:14:27.362] [main/DEBUG] [mixin/]: Processing prepare() for PlatformAgent[MixinPlatformAgentDefault:SecureJarResource(jei)]
[26Sep2025 23:14:27.362] [main/DEBUG] [mixin/]: Adding mixin platform agents for container SecureJarResource(particlerain)
[26Sep2025 23:14:27.362] [main/DEBUG] [mixin/]: Instancing new MixinPlatformAgentMinecraftForge for SecureJarResource(particlerain)
[26Sep2025 23:14:27.362] [main/DEBUG] [mixin/]: MixinPlatformAgentMinecraftForge rejected container SecureJarResource(particlerain)
[26Sep2025 23:14:27.362] [main/DEBUG] [mixin/]: Instancing new MixinPlatformAgentDefault for SecureJarResource(particlerain)
[26Sep2025 23:14:27.363] [main/DEBUG] [mixin/]: MixinPlatformAgentDefault accepted container SecureJarResource(particlerain)
[26Sep2025 23:14:27.363] [main/DEBUG] [mixin/]: Processing prepare() for PlatformAgent[MixinPlatformAgentDefault:SecureJarResource(particlerain)]
[26Sep2025 23:14:27.363] [main/DEBUG] [mixin/]: Registering mixin config: particlerain.mixins.json
[26Sep2025 23:14:27.365] [main/DEBUG] [mixin/]: Adding mixin platform agents for container SecureJarResource(pehkui)
[26Sep2025 23:14:27.365] [main/DEBUG] [mixin/]: Instancing new MixinPlatformAgentMinecraftForge for SecureJarResource(pehkui)
[26Sep2025 23:14:27.366] [main/DEBUG] [mixin/]: MixinPlatformAgentMinecraftForge rejected container SecureJarResource(pehkui)
[26Sep2025 23:14:27.366] [main/DEBUG] [mixin/]: Instancing new MixinPlatformAgentDefault for SecureJarResource(pehkui)
[26Sep2025 23:14:27.366] [main/DEBUG] [mixin/]: MixinPlatformAgentDefault accepted container SecureJarResource(pehkui)
[26Sep2025 23:14:27.366] [main/DEBUG] [mixin/]: Processing prepare() for PlatformAgent[MixinPlatformAgentDefault:SecureJarResource(pehkui)]
[26Sep2025 23:14:27.366] [main/DEBUG] [mixin/]: Registering mixin config: pehkui.mixins.json
[26Sep2025 23:14:27.368] [main/DEBUG] [mixin/]: Adding mixin platform agents for container SecureJarResource(libraryferret)
[26Sep2025 23:14:27.369] [main/DEBUG] [mixin/]: Instancing new MixinPlatformAgentMinecraftForge for SecureJarResource(libraryferret)
[26Sep2025 23:14:27.369] [main/DEBUG] [mixin/]: MixinPlatformAgentMinecraftForge rejected container SecureJarResource(libraryferret)
[26Sep2025 23:14:27.369] [main/DEBUG] [mixin/]: Instancing new MixinPlatformAgentDefault for SecureJarResource(libraryferret)
[26Sep2025 23:14:27.370] [main/DEBUG] [mixin/]: MixinPlatformAgentDefault accepted container SecureJarResource(libraryferret)
[26Sep2025 23:14:27.373] [main/DEBUG] [mixin/]: Processing prepare() for PlatformAgent[MixinPlatformAgentDefault:SecureJarResource(libraryferret)]
[26Sep2025 23:14:27.373] [main/DEBUG] [mixin/]: Adding mixin platform agents for container SecureJarResource(trender)
[26Sep2025 23:14:27.374] [main/DEBUG] [mixin/]: Instancing new MixinPlatformAgentMinecraftForge for SecureJarResource(trender)
[26Sep2025 23:14:27.374] [main/DEBUG] [mixin/]: MixinPlatformAgentMinecraftForge rejected container SecureJarResource(trender)
[26Sep2025 23:14:27.374] [main/DEBUG] [mixin/]: Instancing new MixinPlatformAgentDefault for SecureJarResource(trender)
[26Sep2025 23:14:27.374] [main/DEBUG] [mixin/]: MixinPlatformAgentDefault accepted container SecureJarResource(trender)
[26Sep2025 23:14:27.374] [main/DEBUG] [mixin/]: Processing prepare() for PlatformAgent[MixinPlatformAgentDefault:SecureJarResource(trender)]
[26Sep2025 23:14:27.374] [main/DEBUG] [mixin/]: Registering mixin config: trender.mixins.json
[26Sep2025 23:14:27.378] [main/DEBUG] [mixin/]: Compatibility level JAVA_16 specified by trender.mixins.json is higher than the maximum level supported by this version of mixin (JAVA_13).
[26Sep2025 23:14:27.378] [main/DEBUG] [mixin/]: Adding mixin platform agents for container SecureJarResource(palladium)
[26Sep2025 23:14:27.378] [main/DEBUG] [mixin/]: Instancing new MixinPlatformAgentMinecraftForge for SecureJarResource(palladium)
[26Sep2025 23:14:27.378] [main/DEBUG] [mixin/]: MixinPlatformAgentMinecraftForge rejected container SecureJarResource(palladium)
[26Sep2025 23:14:27.378] [main/DEBUG] [mixin/]: Instancing new MixinPlatformAgentDefault for SecureJarResource(palladium)
[26Sep2025 23:14:27.378] [main/DEBUG] [mixin/]: MixinPlatformAgentDefault accepted container SecureJarResource(palladium)
[26Sep2025 23:14:27.379] [main/DEBUG] [mixin/]: Processing prepare() for PlatformAgent[MixinPlatformAgentDefault:SecureJarResource(palladium)]
[26Sep2025 23:14:27.379] [main/DEBUG] [mixin/]: Registering mixin config: palladium-common.mixins.json
[26Sep2025 23:14:27.380] [main/DEBUG] [mixin/]: Registering mixin config: palladium.mixins.json
[26Sep2025 23:14:27.385] [main/DEBUG] [mixin/]: Adding mixin platform agents for container SecureJarResource(betterendcities)
[26Sep2025 23:14:27.388] [main/DEBUG] [mixin/]: Instancing new MixinPlatformAgentMinecraftForge for SecureJarResource(betterendcities)
[26Sep2025 23:14:27.388] [main/DEBUG] [mixin/]: MixinPlatformAgentMinecraftForge rejected container SecureJarResource(betterendcities)
[26Sep2025 23:14:27.388] [main/DEBUG] [mixin/]: Instancing new MixinPlatformAgentDefault for SecureJarResource(betterendcities)
[26Sep2025 23:14:27.388] [main/DEBUG] [mixin/]: MixinPlatformAgentDefault accepted container SecureJarResource(betterendcities)
[26Sep2025 23:14:27.388] [main/DEBUG] [mixin/]: Processing prepare() for PlatformAgent[MixinPlatformAgentDefault:SecureJarResource(betterendcities)]
[26Sep2025 23:14:27.388] [main/DEBUG] [mixin/]: Adding mixin platform agents for container SecureJarResource(modernfix)
[26Sep2025 23:14:27.389] [main/DEBUG] [mixin/]: Instancing new MixinPlatformAgentMinecraftForge for SecureJarResource(modernfix)
[26Sep2025 23:14:27.389] [main/DEBUG] [mixin/]: MixinPlatformAgentMinecraftForge rejected container SecureJarResource(modernfix)
[26Sep2025 23:14:27.389] [main/DEBUG] [mixin/]: Instancing new MixinPlatformAgentDefault for SecureJarResource(modernfix)
[26Sep2025 23:14:27.389] [main/DEBUG] [mixin/]: MixinPlatformAgentDefault accepted container SecureJarResource(modernfix)
[26Sep2025 23:14:27.389] [main/DEBUG] [mixin/]: Processing prepare() for PlatformAgent[MixinPlatformAgentDefault:SecureJarResource(modernfix)]
[26Sep2025 23:14:27.389] [main/DEBUG] [mixin/]: Registering mixin config: modernfix-common.mixins.json
[26Sep2025 23:14:27.391] [main/DEBUG] [mixin/]: Registering mixin config: modernfix-forge.mixins.json
[26Sep2025 23:14:27.393] [main/DEBUG] [mixin/]: Adding mixin platform agents for container SecureJarResource(citadel)
[26Sep2025 23:14:27.396] [main/DEBUG] [mixin/]: Instancing new MixinPlatformAgentMinecraftForge for SecureJarResource(citadel)
[26Sep2025 23:14:27.396] [main/DEBUG] [mixin/]: MixinPlatformAgentMinecraftForge rejected container SecureJarResource(citadel)
[26Sep2025 23:14:27.396] [main/DEBUG] [mixin/]: Instancing new MixinPlatformAgentDefault for SecureJarResource(citadel)
[26Sep2025 23:14:27.396] [main/DEBUG] [mixin/]: MixinPlatformAgentDefault accepted container SecureJarResource(citadel)
[26Sep2025 23:14:27.396] [main/DEBUG] [mixin/]: Processing prepare() for PlatformAgent[MixinPlatformAgentDefault:SecureJarResource(citadel)]
[26Sep2025 23:14:27.396] [main/DEBUG] [mixin/]: Registering mixin config: citadel.mixins.json
[26Sep2025 23:14:27.398] [main/DEBUG] [mixin/]: Adding mixin platform agents for container SecureJarResource(alexsmobs)
[26Sep2025 23:14:27.400] [main/DEBUG] [mixin/]: Instancing new MixinPlatformAgentMinecraftForge for SecureJarResource(alexsmobs)
[26Sep2025 23:14:27.400] [main/DEBUG] [mixin/]: MixinPlatformAgentMinecraftForge rejected container SecureJarResource(alexsmobs)
[26Sep2025 23:14:27.400] [main/DEBUG] [mixin/]: Instancing new MixinPlatformAgentDefault for SecureJarResource(alexsmobs)
[26Sep2025 23:14:27.401] [main/DEBUG] [mixin/]: MixinPlatformAgentDefault accepted container SecureJarResource(alexsmobs)
[26Sep2025 23:14:27.401] [main/DEBUG] [mixin/]: Processing prepare() for PlatformAgent[MixinPlatformAgentDefault:SecureJarResource(alexsmobs)]
[26Sep2025 23:14:27.401] [main/DEBUG] [mixin/]: Registering mixin config: citadel.mixins.json
[26Sep2025 23:14:27.401] [main/DEBUG] [mixin/]: Adding mixin platform agents for container SecureJarResource(mypowers)
[26Sep2025 23:14:27.401] [main/DEBUG] [mixin/]: Instancing new MixinPlatformAgentMinecraftForge for SecureJarResource(mypowers)
[26Sep2025 23:14:27.401] [main/DEBUG] [mixin/]: MixinPlatformAgentMinecraftForge rejected container SecureJarResource(mypowers)
[26Sep2025 23:14:27.401] [main/DEBUG] [mixin/]: Instancing new MixinPlatformAgentDefault for SecureJarResource(mypowers)
[26Sep2025 23:14:27.401] [main/DEBUG] [mixin/]: MixinPlatformAgentDefault accepted container SecureJarResource(mypowers)
[26Sep2025 23:14:27.401] [main/DEBUG] [mixin/]: Processing prepare() for PlatformAgent[MixinPlatformAgentDefault:SecureJarResource(mypowers)]
[26Sep2025 23:14:27.402] [main/DEBUG] [mixin/]: Adding mixin platform agents for container SecureJarResource(travelersbackpack)
[26Sep2025 23:14:27.402] [main/DEBUG] [mixin/]: Instancing new MixinPlatformAgentMinecraftForge for SecureJarResource(travelersbackpack)
[26Sep2025 23:14:27.402] [main/DEBUG] [mixin/]: MixinPlatformAgentMinecraftForge rejected container SecureJarResource(travelersbackpack)
[26Sep2025 23:14:27.402] [main/DEBUG] [mixin/]: Instancing new MixinPlatformAgentDefault for SecureJarResource(travelersbackpack)
[26Sep2025 23:14:27.402] [main/DEBUG] [mixin/]: MixinPlatformAgentDefault accepted container SecureJarResource(travelersbackpack)
[26Sep2025 23:14:27.402] [main/DEBUG] [mixin/]: Processing prepare() for PlatformAgent[MixinPlatformAgentDefault:SecureJarResource(travelersbackpack)]
[26Sep2025 23:14:27.402] [main/DEBUG] [mixin/]: Registering mixin config: mixins.travelersbackpack.json
[26Sep2025 23:14:27.404] [main/DEBUG] [mixin/]: Adding mixin platform agents for container SecureJarResource(yungsapi)
[26Sep2025 23:14:27.407] [main/DEBUG] [mixin/]: Instancing new MixinPlatformAgentMinecraftForge for SecureJarResource(yungsapi)
[26Sep2025 23:14:27.407] [main/DEBUG] [mixin/]: MixinPlatformAgentMinecraftForge rejected container SecureJarResource(yungsapi)
[26Sep2025 23:14:27.407] [main/DEBUG] [mixin/]: Instancing new MixinPlatformAgentDefault for SecureJarResource(yungsapi)
[26Sep2025 23:14:27.407] [main/DEBUG] [mixin/]: MixinPlatformAgentDefault accepted container SecureJarResource(yungsapi)
[26Sep2025 23:14:27.407] [main/DEBUG] [mixin/]: Processing prepare() for PlatformAgent[MixinPlatformAgentDefault:SecureJarResource(yungsapi)]
[26Sep2025 23:14:27.407] [main/DEBUG] [mixin/]: Registering mixin config: yungsapi.mixins.json
[26Sep2025 23:14:27.410] [main/DEBUG] [mixin/]: Registering mixin config: yungsapi_forge.mixins.json
[26Sep2025 23:14:27.413] [main/DEBUG] [mixin/]: Adding mixin platform agents for container SecureJarResource(relics)
[26Sep2025 23:14:27.413] [main/DEBUG] [mixin/]: Instancing new MixinPlatformAgentMinecraftForge for SecureJarResource(relics)
[26Sep2025 23:14:27.413] [main/DEBUG] [mixin/]: MixinPlatformAgentMinecraftForge rejected container SecureJarResource(relics)
[26Sep2025 23:14:27.413] [main/DEBUG] [mixin/]: Instancing new MixinPlatformAgentDefault for SecureJarResource(relics)
[26Sep2025 23:14:27.414] [main/DEBUG] [mixin/]: MixinPlatformAgentDefault accepted container SecureJarResource(relics)
[26Sep2025 23:14:27.414] [main/DEBUG] [mixin/]: Processing prepare() for PlatformAgent[MixinPlatformAgentDefault:SecureJarResource(relics)]
[26Sep2025 23:14:27.414] [main/DEBUG] [mixin/]: Registering mixin config: relics.mixins.json
[26Sep2025 23:14:27.416] [main/DEBUG] [mixin/]: Compatibility level JAVA_8 specified by relics.mixins.json is lower than the default level supported by the current mixin service (JAVA_16).
[26Sep2025 23:14:27.418] [main/DEBUG] [mixin/]: Adding mixin platform agents for container SecureJarResource(iceandfire)
[26Sep2025 23:14:27.418] [main/DEBUG] [mixin/]: Instancing new MixinPlatformAgentMinecraftForge for SecureJarResource(iceandfire)
[26Sep2025 23:14:27.418] [main/DEBUG] [mixin/]: MixinPlatformAgentMinecraftForge rejected container SecureJarResource(iceandfire)
[26Sep2025 23:14:27.419] [main/DEBUG] [mixin/]: Instancing new MixinPlatformAgentDefault for SecureJarResource(iceandfire)
[26Sep2025 23:14:27.419] [main/DEBUG] [mixin/]: MixinPlatformAgentDefault accepted container SecureJarResource(iceandfire)
[26Sep2025 23:14:27.419] [main/DEBUG] [mixin/]: Processing prepare() for PlatformAgent[MixinPlatformAgentDefault:SecureJarResource(iceandfire)]
[26Sep2025 23:14:27.419] [main/DEBUG] [mixin/]: Registering mixin config: iceandfire.mixins.json
[26Sep2025 23:14:27.421] [main/DEBUG] [mixin/]: Adding mixin platform agents for container SecureJarResource(blueprint)
[26Sep2025 23:14:27.422] [main/DEBUG] [mixin/]: Instancing new MixinPlatformAgentMinecraftForge for SecureJarResource(blueprint)
[26Sep2025 23:14:27.422] [main/DEBUG] [mixin/]: MixinPlatformAgentMinecraftForge rejected container SecureJarResource(blueprint)
[26Sep2025 23:14:27.422] [main/DEBUG] [mixin/]: Instancing new MixinPlatformAgentDefault for SecureJarResource(blueprint)
[26Sep2025 23:14:27.422] [main/DEBUG] [mixin/]: MixinPlatformAgentDefault accepted container SecureJarResource(blueprint)
[26Sep2025 23:14:27.422] [main/DEBUG] [mixin/]: Processing prepare() for PlatformAgent[MixinPlatformAgentDefault:SecureJarResource(blueprint)]
[26Sep2025 23:14:27.423] [main/DEBUG] [mixin/]: Registering mixin config: blueprint.mixins.json
[26Sep2025 23:14:27.424] [main/DEBUG] [mixin/]: Adding mixin platform agents for container SecureJarResource(carryon)
[26Sep2025 23:14:27.424] [main/DEBUG] [mixin/]: Instancing new MixinPlatformAgentMinecraftForge for SecureJarResource(carryon)
[26Sep2025 23:14:27.424] [main/DEBUG] [mixin/]: MixinPlatformAgentMinecraftForge rejected container SecureJarResource(carryon)
[26Sep2025 23:14:27.424] [main/DEBUG] [mixin/]: Instancing new MixinPlatformAgentDefault for SecureJarResource(carryon)
[26Sep2025 23:14:27.424] [main/DEBUG] [mixin/]: MixinPlatformAgentDefault accepted container SecureJarResource(carryon)
[26Sep2025 23:14:27.424] [main/DEBUG] [mixin/]: Processing prepare() for PlatformAgent[MixinPlatformAgentDefault:SecureJarResource(carryon)]
[26Sep2025 23:14:27.425] [main/DEBUG] [mixin/]: Registering mixin config: carryon.mixins.json
[26Sep2025 23:14:27.430] [main/DEBUG] [mixin/]: Registering mixin config: carryon.forge.mixins.json
[26Sep2025 23:14:27.431] [main/DEBUG] [mixin/]: Adding mixin platform agents for container SecureJarResource(puzzlesaccessapi)
[26Sep2025 23:14:27.432] [main/DEBUG] [mixin/]: Instancing new MixinPlatformAgentMinecraftForge for SecureJarResource(puzzlesaccessapi)
[26Sep2025 23:14:27.432] [main/DEBUG] [mixin/]: MixinPlatformAgentMinecraftForge rejected container SecureJarResource(puzzlesaccessapi)
[26Sep2025 23:14:27.432] [main/DEBUG] [mixin/]: Instancing new MixinPlatformAgentDefault for SecureJarResource(puzzlesaccessapi)
[26Sep2025 23:14:27.432] [main/DEBUG] [mixin/]: MixinPlatformAgentDefault accepted container SecureJarResource(puzzlesaccessapi)
[26Sep2025 23:14:27.432] [main/DEBUG] [mixin/]: Processing prepare() for PlatformAgent[MixinPlatformAgentDefault:SecureJarResource(puzzlesaccessapi)]
[26Sep2025 23:14:27.432] [main/DEBUG] [mixin/]: Registering mixin config: puzzlesaccessapi.common.mixins.json
[26Sep2025 23:14:27.433] [main/DEBUG] [mixin/]: Registering mixin config: puzzlesaccessapi.forge.mixins.json
[26Sep2025 23:14:27.435] [main/DEBUG] [mixin/]: Adding mixin platform agents for container SecureJarResource(cloth_config)
[26Sep2025 23:14:27.435] [main/DEBUG] [mixin/]: Instancing new MixinPlatformAgentMinecraftForge for SecureJarResource(cloth_config)
[26Sep2025 23:14:27.435] [main/DEBUG] [mixin/]: MixinPlatformAgentMinecraftForge rejected container SecureJarResource(cloth_config)
[26Sep2025 23:14:27.435] [main/DEBUG] [mixin/]: Instancing new MixinPlatformAgentDefault for SecureJarResource(cloth_config)
[26Sep2025 23:14:27.436] [main/DEBUG] [mixin/]: MixinPlatformAgentDefault accepted container SecureJarResource(cloth_config)
[26Sep2025 23:14:27.436] [main/DEBUG] [mixin/]: Processing prepare() for PlatformAgent[MixinPlatformAgentDefault:SecureJarResource(cloth_config)]
[26Sep2025 23:14:27.436] [main/DEBUG] [mixin/]: Adding mixin platform agents for container SecureJarResource(forge)
[26Sep2025 23:14:27.436] [main/DEBUG] [mixin/]: Instancing new MixinPlatformAgentMinecraftForge for SecureJarResource(forge)
[26Sep2025 23:14:27.436] [main/DEBUG] [mixin/]: MixinPlatformAgentMinecraftForge rejected container SecureJarResource(forge)
[26Sep2025 23:14:27.437] [main/DEBUG] [mixin/]: Instancing new MixinPlatformAgentDefault for SecureJarResource(forge)
[26Sep2025 23:14:27.437] [main/DEBUG] [mixin/]: MixinPlatformAgentDefault accepted container SecureJarResource(forge)
[26Sep2025 23:14:27.437] [main/DEBUG] [mixin/]: Processing prepare() for PlatformAgent[MixinPlatformAgentDefault:SecureJarResource(forge)]
[26Sep2025 23:14:27.437] [main/DEBUG] [mixin/]: Adding mixin platform agents for container SecureJarResource(extensibleenums)
[26Sep2025 23:14:27.438] [main/DEBUG] [mixin/]: Instancing new MixinPlatformAgentMinecraftForge for SecureJarResource(extensibleenums)
[26Sep2025 23:14:27.438] [main/DEBUG] [mixin/]: MixinPlatformAgentMinecraftForge rejected container SecureJarResource(extensibleenums)
[26Sep2025 23:14:27.438] [main/DEBUG] [mixin/]: Instancing new MixinPlatformAgentDefault for SecureJarResource(extensibleenums)
[26Sep2025 23:14:27.438] [main/DEBUG] [mixin/]: MixinPlatformAgentDefault accepted container SecureJarResource(extensibleenums)
[26Sep2025 23:14:27.438] [main/DEBUG] [mixin/]: Processing prepare() for PlatformAgent[MixinPlatformAgentDefault:SecureJarResource(extensibleenums)]
[26Sep2025 23:14:27.439] [main/DEBUG] [mixin/]: Registering mixin config: extensibleenums.common.mixins.json
[26Sep2025 23:14:27.440] [main/DEBUG] [mixin/]: Registering mixin config: extensibleenums.forge.mixins.json
[26Sep2025 23:14:27.442] [main/DEBUG] [mixin/]: Adding mixin platform agents for container SecureJarResource(embeddium)
[26Sep2025 23:14:27.443] [main/DEBUG] [mixin/]: Instancing new MixinPlatformAgentMinecraftForge for SecureJarResource(embeddium)
[26Sep2025 23:14:27.443] [main/DEBUG] [mixin/]: MixinPlatformAgentMinecraftForge rejected container SecureJarResource(embeddium)
[26Sep2025 23:14:27.443] [main/DEBUG] [mixin/]: Instancing new MixinPlatformAgentDefault for SecureJarResource(embeddium)
[26Sep2025 23:14:27.443] [main/DEBUG] [mixin/]: MixinPlatformAgentDefault accepted container SecureJarResource(embeddium)
[26Sep2025 23:14:27.443] [main/DEBUG] [mixin/]: Processing prepare() for PlatformAgent[MixinPlatformAgentDefault:SecureJarResource(embeddium)]
[26Sep2025 23:14:27.444] [main/DEBUG] [mixin/]: Registering mixin config: embeddium.mixins.json
[26Sep2025 23:14:27.445] [main/DEBUG] [mixin/]: Adding mixin platform agents for container SecureJarResource(webdisplays)
[26Sep2025 23:14:27.445] [main/DEBUG] [mixin/]: Instancing new MixinPlatformAgentMinecraftForge for SecureJarResource(webdisplays)
[26Sep2025 23:14:27.446] [main/DEBUG] [mixin/]: MixinPlatformAgentMinecraftForge rejected container SecureJarResource(webdisplays)
[26Sep2025 23:14:27.446] [main/DEBUG] [mixin/]: Instancing new MixinPlatformAgentDefault for SecureJarResource(webdisplays)
[26Sep2025 23:14:27.446] [main/DEBUG] [mixin/]: MixinPlatformAgentDefault accepted container SecureJarResource(webdisplays)
[26Sep2025 23:14:27.446] [main/DEBUG] [mixin/]: Processing prepare() for PlatformAgent[MixinPlatformAgentDefault:SecureJarResource(webdisplays)]
[26Sep2025 23:14:27.446] [main/DEBUG] [mixin/]: Registering mixin config: webdisplays.mixins.json
[26Sep2025 23:14:27.448] [main/DEBUG] [mixin/]: Adding mixin platform agents for container SecureJarResource(dungeons_arise)
[26Sep2025 23:14:27.448] [main/DEBUG] [mixin/]: Instancing new MixinPlatformAgentMinecraftForge for SecureJarResource(dungeons_arise)
[26Sep2025 23:14:27.448] [main/DEBUG] [mixin/]: MixinPlatformAgentMinecraftForge rejected container SecureJarResource(dungeons_arise)
[26Sep2025 23:14:27.449] [main/DEBUG] [mixin/]: Instancing new MixinPlatformAgentDefault for SecureJarResource(dungeons_arise)
[26Sep2025 23:14:27.449] [main/DEBUG] [mixin/]: MixinPlatformAgentDefault accepted container SecureJarResource(dungeons_arise)
[26Sep2025 23:14:27.449] [main/DEBUG] [mixin/]: Processing prepare() for PlatformAgent[MixinPlatformAgentDefault:SecureJarResource(dungeons_arise)]
[26Sep2025 23:14:27.449] [main/DEBUG] [mixin/]: Adding mixin platform agents for container SecureJarResource(hoppergadgetry)
[26Sep2025 23:14:27.449] [main/DEBUG] [mixin/]: Instancing new MixinPlatformAgentMinecraftForge for SecureJarResource(hoppergadgetry)
[26Sep2025 23:14:27.450] [main/DEBUG] [mixin/]: MixinPlatformAgentMinecraftForge rejected container SecureJarResource(hoppergadgetry)
[26Sep2025 23:14:27.450] [main/DEBUG] [mixin/]: Instancing new MixinPlatformAgentDefault for SecureJarResource(hoppergadgetry)
[26Sep2025 23:14:27.450] [main/DEBUG] [mixin/]: MixinPlatformAgentDefault accepted container SecureJarResource(hoppergadgetry)
[26Sep2025 23:14:27.450] [main/DEBUG] [mixin/]: Processing prepare() for PlatformAgent[MixinPlatformAgentDefault:SecureJarResource(hoppergadgetry)]
[26Sep2025 23:14:27.450] [main/DEBUG] [mixin/]: Registering mixin config: hoppergadgetry.common.mixins.json
[26Sep2025 23:14:27.452] [main/DEBUG] [mixin/]: Registering mixin config: hoppergadgetry.forge.mixins.json
[26Sep2025 23:14:27.455] [main/DEBUG] [mixin/]: Adding mixin platform agents for container SecureJarResource(castle_in_the_sky)
[26Sep2025 23:14:27.456] [main/DEBUG] [mixin/]: Instancing new MixinPlatformAgentMinecraftForge for SecureJarResource(castle_in_the_sky)
[26Sep2025 23:14:27.456] [main/DEBUG] [mixin/]: MixinPlatformAgentMinecraftForge rejected container SecureJarResource(castle_in_the_sky)
[26Sep2025 23:14:27.456] [main/DEBUG] [mixin/]: Instancing new MixinPlatformAgentDefault for SecureJarResource(castle_in_the_sky)
[26Sep2025 23:14:27.456] [main/DEBUG] [mixin/]: MixinPlatformAgentDefault accepted container SecureJarResource(castle_in_the_sky)
[26Sep2025 23:14:27.457] [main/DEBUG] [mixin/]: Processing prepare() for PlatformAgent[MixinPlatformAgentDefault:SecureJarResource(castle_in_the_sky)]
[26Sep2025 23:14:27.457] [main/DEBUG] [mixin/]: Adding mixin platform agents for container SecureJarResource(minecraft)
[26Sep2025 23:14:27.457] [main/DEBUG] [mixin/]: Instancing new MixinPlatformAgentMinecraftForge for SecureJarResource(minecraft)
[26Sep2025 23:14:27.457] [main/DEBUG] [mixin/]: MixinPlatformAgentMinecraftForge rejected container SecureJarResource(minecraft)
[26Sep2025 23:14:27.457] [main/DEBUG] [mixin/]: Instancing new MixinPlatformAgentDefault for SecureJarResource(minecraft)
[26Sep2025 23:14:27.458] [main/DEBUG] [mixin/]: MixinPlatformAgentDefault accepted container SecureJarResource(minecraft)
[26Sep2025 23:14:27.458] [main/DEBUG] [mixin/]: Processing prepare() for PlatformAgent[MixinPlatformAgentDefault:SecureJarResource(minecraft)]
[26Sep2025 23:14:27.459] [main/DEBUG] [mixin/]: Adding mixin platform agents for container SecureJarResource(rustic_engineer)
[26Sep2025 23:14:27.459] [main/DEBUG] [mixin/]: Instancing new MixinPlatformAgentMinecraftForge for SecureJarResource(rustic_engineer)
[26Sep2025 23:14:27.459] [main/DEBUG] [mixin/]: MixinPlatformAgentMinecraftForge rejected container SecureJarResource(rustic_engineer)
[26Sep2025 23:14:27.460] [main/DEBUG] [mixin/]: Instancing new MixinPlatformAgentDefault for SecureJarResource(rustic_engineer)
[26Sep2025 23:14:27.460] [main/DEBUG] [mixin/]: MixinPlatformAgentDefault accepted container SecureJarResource(rustic_engineer)
[26Sep2025 23:14:27.460] [main/DEBUG] [mixin/]: Processing prepare() for PlatformAgent[MixinPlatformAgentDefault:SecureJarResource(rustic_engineer)]
[26Sep2025 23:14:27.460] [main/DEBUG] [mixin/]: Adding mixin platform agents for container SecureJarResource(brainrot)
[26Sep2025 23:14:27.460] [main/DEBUG] [mixin/]: Instancing new MixinPlatformAgentMinecraftForge for SecureJarResource(brainrot)
[26Sep2025 23:14:27.461] [main/DEBUG] [mixin/]: MixinPlatformAgentMinecraftForge rejected container SecureJarResource(brainrot)
[26Sep2025 23:14:27.461] [main/DEBUG] [mixin/]: Instancing new MixinPlatformAgentDefault for SecureJarResource(brainrot)
[26Sep2025 23:14:27.461] [main/DEBUG] [mixin/]: MixinPlatformAgentDefault accepted container SecureJarResource(brainrot)
[26Sep2025 23:14:27.461] [main/DEBUG] [mixin/]: Processing prepare() for PlatformAgent[MixinPlatformAgentDefault:SecureJarResource(brainrot)]
[26Sep2025 23:14:27.461] [main/DEBUG] [mixin/]: Adding mixin platform agents for container SecureJarResource(boiled_reimagined)
[26Sep2025 23:14:27.461] [main/DEBUG] [mixin/]: Instancing new MixinPlatformAgentMinecraftForge for SecureJarResource(boiled_reimagined)
[26Sep2025 23:14:27.461] [main/DEBUG] [mixin/]: MixinPlatformAgentMinecraftForge rejected container SecureJarResource(boiled_reimagined)
[26Sep2025 23:14:27.461] [main/DEBUG] [mixin/]: Instancing new MixinPlatformAgentDefault for SecureJarResource(boiled_reimagined)
[26Sep2025 23:14:27.461] [main/DEBUG] [mixin/]: MixinPlatformAgentDefault accepted container SecureJarResource(boiled_reimagined)
[26Sep2025 23:14:27.461] [main/DEBUG] [mixin/]: Processing prepare() for PlatformAgent[MixinPlatformAgentDefault:SecureJarResource(boiled_reimagined)]
[26Sep2025 23:14:27.461] [main/DEBUG] [mixin/]: Adding mixin platform agents for container SecureJarResource(moonlight)
[26Sep2025 23:14:27.461] [main/DEBUG] [mixin/]: Instancing new MixinPlatformAgentMinecraftForge for SecureJarResource(moonlight)
[26Sep2025 23:14:27.461] [main/DEBUG] [mixin/]: MixinPlatformAgentMinecraftForge rejected container SecureJarResource(moonlight)
[26Sep2025 23:14:27.461] [main/DEBUG] [mixin/]: Instancing new MixinPlatformAgentDefault for SecureJarResource(moonlight)
[26Sep2025 23:14:27.462] [main/DEBUG] [mixin/]: MixinPlatformAgentDefault accepted container SecureJarResource(moonlight)
[26Sep2025 23:14:27.462] [main/DEBUG] [mixin/]: Processing prepare() for PlatformAgent[MixinPlatformAgentDefault:SecureJarResource(moonlight)]
[26Sep2025 23:14:27.462] [main/DEBUG] [mixin/]: Registering mixin config: moonlight-common.mixins.json
[26Sep2025 23:14:27.463] [main/DEBUG] [mixin/]: Registering mixin config: moonlight.mixins.json
[26Sep2025 23:14:27.467] [main/DEBUG] [mixin/]: Adding mixin platform agents for container SecureJarResource(toolbelt)
[26Sep2025 23:14:27.468] [main/DEBUG] [mixin/]: Instancing new MixinPlatformAgentMinecraftForge for SecureJarResource(toolbelt)
[26Sep2025 23:14:27.468] [main/DEBUG] [mixin/]: MixinPlatformAgentMinecraftForge rejected container SecureJarResource(toolbelt)
[26Sep2025 23:14:27.468] [main/DEBUG] [mixin/]: Instancing new MixinPlatformAgentDefault for SecureJarResource(toolbelt)
[26Sep2025 23:14:27.468] [main/DEBUG] [mixin/]: MixinPlatformAgentDefault accepted container SecureJarResource(toolbelt)
[26Sep2025 23:14:27.468] [main/DEBUG] [mixin/]: Processing prepare() for PlatformAgent[MixinPlatformAgentDefault:SecureJarResource(toolbelt)]
[26Sep2025 23:14:27.469] [main/DEBUG] [mixin/]: Adding mixin platform agents for container SecureJarResource(mr_serversleep)
[26Sep2025 23:14:27.469] [main/DEBUG] [mixin/]: Instancing new MixinPlatformAgentMinecraftForge for SecureJarResource(mr_serversleep)
[26Sep2025 23:14:27.469] [main/DEBUG] [mixin/]: MixinPlatformAgentMinecraftForge rejected container SecureJarResource(mr_serversleep)
[26Sep2025 23:14:27.469] [main/DEBUG] [mixin/]: Instancing new MixinPlatformAgentDefault for SecureJarResource(mr_serversleep)
[26Sep2025 23:14:27.469] [main/DEBUG] [mixin/]: MixinPlatformAgentDefault accepted container SecureJarResource(mr_serversleep)
[26Sep2025 23:14:27.470] [main/DEBUG] [mixin/]: Processing prepare() for PlatformAgent[MixinPlatformAgentDefault:SecureJarResource(mr_serversleep)]
[26Sep2025 23:14:27.470] [main/DEBUG] [mixin/]: Adding mixin platform agents for container SecureJarResource(mofus_better_end_)
[26Sep2025 23:14:27.470] [main/DEBUG] [mixin/]: Instancing new MixinPlatformAgentMinecraftForge for SecureJarResource(mofus_better_end_)
[26Sep2025 23:14:27.470] [main/DEBUG] [mixin/]: MixinPlatformAgentMinecraftForge rejected container SecureJarResource(mofus_better_end_)
[26Sep2025 23:14:27.470] [main/DEBUG] [mixin/]: Instancing new MixinPlatformAgentDefault for SecureJarResource(mofus_better_end_)
[26Sep2025 23:14:27.471] [main/DEBUG] [mixin/]: MixinPlatformAgentDefault accepted container SecureJarResource(mofus_better_end_)
[26Sep2025 23:14:27.471] [main/DEBUG] [mixin/]: Processing prepare() for PlatformAgent[MixinPlatformAgentDefault:SecureJarResource(mofus_better_end_)]
[26Sep2025 23:14:27.471] [main/DEBUG] [mixin/]: Registering mixin config: mixins.mofus_better_end_.json
[26Sep2025 23:14:27.473] [main/DEBUG] [mixin/]: Adding mixin platform agents for container SecureJarResource(creativecore)
[26Sep2025 23:14:27.473] [main/DEBUG] [mixin/]: Instancing new MixinPlatformAgentMinecraftForge for SecureJarResource(creativecore)
[26Sep2025 23:14:27.473] [main/DEBUG] [mixin/]: MixinPlatformAgentMinecraftForge rejected container SecureJarResource(creativecore)
[26Sep2025 23:14:27.473] [main/DEBUG] [mixin/]: Instancing new MixinPlatformAgentDefault for SecureJarResource(creativecore)
[26Sep2025 23:14:27.474] [main/DEBUG] [mixin/]: MixinPlatformAgentDefault accepted container SecureJarResource(creativecore)
[26Sep2025 23:14:27.474] [main/DEBUG] [mixin/]: Processing prepare() for PlatformAgent[MixinPlatformAgentDefault:SecureJarResource(creativecore)]
[26Sep2025 23:14:27.474] [main/DEBUG] [mixin/]: Registering mixin config: creativecore.mixins.json
[26Sep2025 23:14:27.476] [main/DEBUG] [mixin/]: Registering mixin config: creativecore.forge.mixins.json
[26Sep2025 23:14:27.477] [main/DEBUG] [mixin/]: Adding mixin platform agents for container SecureJarResource(alienevo)
[26Sep2025 23:14:27.478] [main/DEBUG] [mixin/]: Instancing new MixinPlatformAgentMinecraftForge for SecureJarResource(alienevo)
[26Sep2025 23:14:27.478] [main/DEBUG] [mixin/]: MixinPlatformAgentMinecraftForge rejected container SecureJarResource(alienevo)
[26Sep2025 23:14:27.478] [main/DEBUG] [mixin/]: Instancing new MixinPlatformAgentDefault for SecureJarResource(alienevo)
[26Sep2025 23:14:27.478] [main/DEBUG] [mixin/]: MixinPlatformAgentDefault accepted container SecureJarResource(alienevo)
[26Sep2025 23:14:27.478] [main/DEBUG] [mixin/]: Processing prepare() for PlatformAgent[MixinPlatformAgentDefault:SecureJarResource(alienevo)]
[26Sep2025 23:14:27.479] [main/DEBUG] [mixin/]: Registering mixin config: alienevo-common.mixins.json
[26Sep2025 23:14:27.480] [main/ERROR] [mixin/]: Mixin config alienevo-common.mixins.json does not specify "minVersion" property
[26Sep2025 23:14:27.481] [main/DEBUG] [mixin/]: Registering mixin config: alienevo.mixins.json
[26Sep2025 23:14:27.482] [main/ERROR] [mixin/]: Mixin config alienevo.mixins.json does not specify "minVersion" property
[26Sep2025 23:14:27.483] [main/DEBUG] [mixin/]: Adding mixin platform agents for container SecureJarResource(notenoughanimations)
[26Sep2025 23:14:27.483] [main/DEBUG] [mixin/]: Instancing new MixinPlatformAgentMinecraftForge for SecureJarResource(notenoughanimations)
[26Sep2025 23:14:27.483] [main/DEBUG] [mixin/]: MixinPlatformAgentMinecraftForge rejected container SecureJarResource(notenoughanimations)
[26Sep2025 23:14:27.484] [main/DEBUG] [mixin/]: Instancing new MixinPlatformAgentDefault for SecureJarResource(notenoughanimations)
[26Sep2025 23:14:27.484] [main/DEBUG] [mixin/]: MixinPlatformAgentDefault accepted container SecureJarResource(notenoughanimations)
[26Sep2025 23:14:27.484] [main/DEBUG] [mixin/]: Processing prepare() for PlatformAgent[MixinPlatformAgentDefault:SecureJarResource(notenoughanimations)]
[26Sep2025 23:14:27.484] [main/DEBUG] [mixin/]: Registering mixin config: notenoughanimations.mixins.json
[26Sep2025 23:14:27.487] [main/DEBUG] [mixin/]: Compatibility level JAVA_8 specified by notenoughanimations.mixins.json is lower than the default level supported by the current mixin service (JAVA_16).
[26Sep2025 23:14:27.487] [main/DEBUG] [mixin/]: Adding mixin platform agents for container SecureJarResource(curios)
[26Sep2025 23:14:27.487] [main/DEBUG] [mixin/]: Instancing new MixinPlatformAgentMinecraftForge for SecureJarResource(curios)
[26Sep2025 23:14:27.488] [main/DEBUG] [mixin/]: MixinPlatformAgentMinecraftForge rejected container SecureJarResource(curios)
[26Sep2025 23:14:27.488] [main/DEBUG] [mixin/]: Instancing new MixinPlatformAgentDefault for SecureJarResource(curios)
[26Sep2025 23:14:27.488] [main/DEBUG] [mixin/]: MixinPlatformAgentDefault accepted container SecureJarResource(curios)
[26Sep2025 23:14:27.488] [main/DEBUG] [mixin/]: Processing prepare() for PlatformAgent[MixinPlatformAgentDefault:SecureJarResource(curios)]
[26Sep2025 23:14:27.488] [main/DEBUG] [mixin/]: Registering mixin config: curios.mixins.json
[26Sep2025 23:14:27.491] [main/DEBUG] [mixin/]: Adding mixin platform agents for container SecureJarResource(xaerominimap)
[26Sep2025 23:14:27.492] [main/DEBUG] [mixin/]: Instancing new MixinPlatformAgentMinecraftForge for SecureJarResource(xaerominimap)
[26Sep2025 23:14:27.492] [main/DEBUG] [mixin/]: MixinPlatformAgentMinecraftForge rejected container SecureJarResource(xaerominimap)
[26Sep2025 23:14:27.492] [main/DEBUG] [mixin/]: Instancing new MixinPlatformAgentDefault for SecureJarResource(xaerominimap)
[26Sep2025 23:14:27.492] [main/DEBUG] [mixin/]: MixinPlatformAgentDefault accepted container SecureJarResource(xaerominimap)
[26Sep2025 23:14:27.492] [main/DEBUG] [mixin/]: Processing prepare() for PlatformAgent[MixinPlatformAgentDefault:SecureJarResource(xaerominimap)]
[26Sep2025 23:14:27.492] [main/DEBUG] [mixin/]: Registering mixin config: xaerohud.mixins.json
[26Sep2025 23:14:27.494] [main/DEBUG] [mixin/]: Registering mixin config: xaerohud.forge.mixins.json
[26Sep2025 23:14:27.496] [main/DEBUG] [mixin/]: Registering mixin config: xaerominimap.mixins.json
[26Sep2025 23:14:27.498] [main/DEBUG] [mixin/]: Registering mixin config: xaerominimap.forge.mixins.json
[26Sep2025 23:14:27.500] [main/DEBUG] [mixin/]: Adding mixin platform agents for container SecureJarResource(gravestone)
[26Sep2025 23:14:27.500] [main/DEBUG] [mixin/]: Instancing new MixinPlatformAgentMinecraftForge for SecureJarResource(gravestone)
[26Sep2025 23:14:27.500] [main/DEBUG] [mixin/]: MixinPlatformAgentMinecraftForge rejected container SecureJarResource(gravestone)
[26Sep2025 23:14:27.500] [main/DEBUG] [mixin/]: Instancing new MixinPlatformAgentDefault for SecureJarResource(gravestone)
[26Sep2025 23:14:27.501] [main/DEBUG] [mixin/]: MixinPlatformAgentDefault accepted container SecureJarResource(gravestone)
[26Sep2025 23:14:27.501] [main/DEBUG] [mixin/]: Processing prepare() for PlatformAgent[MixinPlatformAgentDefault:SecureJarResource(gravestone)]
[26Sep2025 23:14:27.501] [main/DEBUG] [mixin/]: Adding mixin platform agents for container SecureJarResource(pet_cemetery)
[26Sep2025 23:14:27.501] [main/DEBUG] [mixin/]: Instancing new MixinPlatformAgentMinecraftForge for SecureJarResource(pet_cemetery)
[26Sep2025 23:14:27.502] [main/DEBUG] [mixin/]: MixinPlatformAgentMinecraftForge rejected container SecureJarResource(pet_cemetery)
[26Sep2025 23:14:27.502] [main/DEBUG] [mixin/]: Instancing new MixinPlatformAgentDefault for SecureJarResource(pet_cemetery)
[26Sep2025 23:14:27.502] [main/DEBUG] [mixin/]: MixinPlatformAgentDefault accepted container SecureJarResource(pet_cemetery)
[26Sep2025 23:14:27.502] [main/DEBUG] [mixin/]: Processing prepare() for PlatformAgent[MixinPlatformAgentDefault:SecureJarResource(pet_cemetery)]
[26Sep2025 23:14:27.502] [main/DEBUG] [mixin/]: Registering mixin config: pet_cemetery.mixins.json
[26Sep2025 23:14:27.506] [main/DEBUG] [mixin/]: Adding mixin platform agents for container SecureJarResource(mr_dungeons_andtaverns)
[26Sep2025 23:14:27.506] [main/DEBUG] [mixin/]: Instancing new MixinPlatformAgentMinecraftForge for SecureJarResource(mr_dungeons_andtaverns)
[26Sep2025 23:14:27.506] [main/DEBUG] [mixin/]: MixinPlatformAgentMinecraftForge rejected container SecureJarResource(mr_dungeons_andtaverns)
[26Sep2025 23:14:27.507] [main/DEBUG] [mixin/]: Instancing new MixinPlatformAgentDefault for SecureJarResource(mr_dungeons_andtaverns)
[26Sep2025 23:14:27.507] [main/DEBUG] [mixin/]: MixinPlatformAgentDefault accepted container SecureJarResource(mr_dungeons_andtaverns)
[26Sep2025 23:14:27.507] [main/DEBUG] [mixin/]: Processing prepare() for PlatformAgent[MixinPlatformAgentDefault:SecureJarResource(mr_dungeons_andtaverns)]
[26Sep2025 23:14:27.507] [main/DEBUG] [mixin/]: Adding mixin platform agents for container SecureJarResource(loafcats)
[26Sep2025 23:14:27.507] [main/DEBUG] [mixin/]: Instancing new MixinPlatformAgentMinecraftForge for SecureJarResource(loafcats)
[26Sep2025 23:14:27.507] [main/DEBUG] [mixin/]: MixinPlatformAgentMinecraftForge rejected container SecureJarResource(loafcats)
[26Sep2025 23:14:27.507] [main/DEBUG] [mixin/]: Instancing new MixinPlatformAgentDefault for SecureJarResource(loafcats)
[26Sep2025 23:14:27.507] [main/DEBUG] [mixin/]: MixinPlatformAgentDefault accepted container SecureJarResource(loafcats)
[26Sep2025 23:14:27.508] [main/DEBUG] [mixin/]: Processing prepare() for PlatformAgent[MixinPlatformAgentDefault:SecureJarResource(loafcats)]
[26Sep2025 23:14:27.508] [main/DEBUG] [mixin/]: Adding mixin platform agents for container SecureJarResource(bettervillage)
[26Sep2025 23:14:27.508] [main/DEBUG] [mixin/]: Instancing new MixinPlatformAgentMinecraftForge for SecureJarResource(bettervillage)
[26Sep2025 23:14:27.509] [main/DEBUG] [mixin/]: MixinPlatformAgentMinecraftForge rejected container SecureJarResource(bettervillage)
[26Sep2025 23:14:27.509] [main/DEBUG] [mixin/]: Instancing new MixinPlatformAgentDefault for SecureJarResource(bettervillage)
[26Sep2025 23:14:27.509] [main/DEBUG] [mixin/]: MixinPlatformAgentDefault accepted container SecureJarResource(bettervillage)
[26Sep2025 23:14:27.509] [main/DEBUG] [mixin/]: Processing prepare() for PlatformAgent[MixinPlatformAgentDefault:SecureJarResource(bettervillage)]
[26Sep2025 23:14:27.510] [main/DEBUG] [mixin/]: Registering mixin config: bettervillage.mixins.json
[26Sep2025 23:14:27.513] [main/DEBUG] [mixin/]: Adding mixin platform agents for container SecureJarResource(cfm)
[26Sep2025 23:14:27.513] [main/DEBUG] [mixin/]: Instancing new MixinPlatformAgentMinecraftForge for SecureJarResource(cfm)
[26Sep2025 23:14:27.513] [main/DEBUG] [mixin/]: MixinPlatformAgentMinecraftForge rejected container SecureJarResource(cfm)
[26Sep2025 23:14:27.513] [main/DEBUG] [mixin/]: Instancing new MixinPlatformAgentDefault for SecureJarResource(cfm)
[26Sep2025 23:14:27.513] [main/DEBUG] [mixin/]: MixinPlatformAgentDefault accepted container SecureJarResource(cfm)
[26Sep2025 23:14:27.514] [main/DEBUG] [mixin/]: Processing prepare() for PlatformAgent[MixinPlatformAgentDefault:SecureJarResource(cfm)]
[26Sep2025 23:14:27.514] [main/DEBUG] [mixin/]: Registering mixin config: cfm.mixins.json
[26Sep2025 23:14:27.515] [main/DEBUG] [mixin/]: Adding mixin platform agents for container SecureJarResource(architectury)
[26Sep2025 23:14:27.516] [main/DEBUG] [mixin/]: Instancing new MixinPlatformAgentMinecraftForge for SecureJarResource(architectury)
[26Sep2025 23:14:27.517] [main/DEBUG] [mixin/]: MixinPlatformAgentMinecraftForge rejected container SecureJarResource(architectury)
[26Sep2025 23:14:27.517] [main/DEBUG] [mixin/]: Instancing new MixinPlatformAgentDefault for SecureJarResource(architectury)
[26Sep2025 23:14:27.517] [main/DEBUG] [mixin/]: MixinPlatformAgentDefault accepted container SecureJarResource(architectury)
[26Sep2025 23:14:27.517] [main/DEBUG] [mixin/]: Processing prepare() for PlatformAgent[MixinPlatformAgentDefault:SecureJarResource(architectury)]
[26Sep2025 23:14:27.518] [main/DEBUG] [mixin/]: Registering mixin config: architectury.mixins.json
[26Sep2025 23:14:27.519] [main/DEBUG] [mixin/]: Compatibility level JAVA_16 specified by architectury.mixins.json is higher than the maximum level supported by this version of mixin (JAVA_13).
[26Sep2025 23:14:27.520] [main/DEBUG] [mixin/]: Registering mixin config: architectury-common.mixins.json
[26Sep2025 23:14:27.521] [main/DEBUG] [mixin/]: Compatibility level JAVA_16 specified by architectury-common.mixins.json is higher than the maximum level supported by this version of mixin (JAVA_13).
[26Sep2025 23:14:27.523] [main/DEBUG] [mixin/]: Adding mixin platform agents for container SecureJarResource(kubejs)
[26Sep2025 23:14:27.523] [main/DEBUG] [mixin/]: Instancing new MixinPlatformAgentMinecraftForge for SecureJarResource(kubejs)
[26Sep2025 23:14:27.523] [main/DEBUG] [mixin/]: MixinPlatformAgentMinecraftForge rejected container SecureJarResource(kubejs)
[26Sep2025 23:14:27.523] [main/DEBUG] [mixin/]: Instancing new MixinPlatformAgentDefault for SecureJarResource(kubejs)
[26Sep2025 23:14:27.523] [main/DEBUG] [mixin/]: MixinPlatformAgentDefault accepted container SecureJarResource(kubejs)
[26Sep2025 23:14:27.523] [main/DEBUG] [mixin/]: Processing prepare() for PlatformAgent[MixinPlatformAgentDefault:SecureJarResource(kubejs)]
[26Sep2025 23:14:27.524] [main/DEBUG] [mixin/]: Registering mixin config: kubejs-forge.mixins.json
[26Sep2025 23:14:27.525] [main/DEBUG] [mixin/]: Registering mixin config: kubejs-common.mixins.json
[26Sep2025 23:14:27.527] [main/DEBUG] [mixin/]: Adding mixin platform agents for container SecureJarResource(octolib)
[26Sep2025 23:14:27.528] [main/DEBUG] [mixin/]: Instancing new MixinPlatformAgentMinecraftForge for SecureJarResource(octolib)
[26Sep2025 23:14:27.528] [main/DEBUG] [mixin/]: MixinPlatformAgentMinecraftForge rejected container SecureJarResource(octolib)
[26Sep2025 23:14:27.528] [main/DEBUG] [mixin/]: Instancing new MixinPlatformAgentDefault for SecureJarResource(octolib)
[26Sep2025 23:14:27.529] [main/DEBUG] [mixin/]: MixinPlatformAgentDefault accepted container SecureJarResource(octolib)
[26Sep2025 23:14:27.529] [main/DEBUG] [mixin/]: Processing prepare() for PlatformAgent[MixinPlatformAgentDefault:SecureJarResource(octolib)]
[26Sep2025 23:14:27.529] [main/DEBUG] [mixin/]: Adding mixin platform agents for container SecureJarResource(mr_limesplatus_ending)
[26Sep2025 23:14:27.529] [main/DEBUG] [mixin/]: Instancing new MixinPlatformAgentMinecraftForge for SecureJarResource(mr_limesplatus_ending)
[26Sep2025 23:14:27.530] [main/DEBUG] [mixin/]: MixinPlatformAgentMinecraftForge rejected container SecureJarResource(mr_limesplatus_ending)
[26Sep2025 23:14:27.530] [main/DEBUG] [mixin/]: Instancing new MixinPlatformAgentDefault for SecureJarResource(mr_limesplatus_ending)
[26Sep2025 23:14:27.530] [main/DEBUG] [mixin/]: MixinPlatformAgentDefault accepted container SecureJarResource(mr_limesplatus_ending)
[26Sep2025 23:14:27.530] [main/DEBUG] [mixin/]: Processing prepare() for PlatformAgent[MixinPlatformAgentDefault:SecureJarResource(mr_limesplatus_ending)]
[26Sep2025 23:14:27.530] [main/DEBUG] [mixin/]: Adding mixin platform agents for container SecureJarResource(ferritecore)
[26Sep2025 23:14:27.531] [main/DEBUG] [mixin/]: Instancing new MixinPlatformAgentMinecraftForge for SecureJarResource(ferritecore)
[26Sep2025 23:14:27.531] [main/DEBUG] [mixin/]: MixinPlatformAgentMinecraftForge rejected container SecureJarResource(ferritecore)
[26Sep2025 23:14:27.531] [main/DEBUG] [mixin/]: Instancing new MixinPlatformAgentDefault for SecureJarResource(ferritecore)
[26Sep2025 23:14:27.531] [main/DEBUG] [mixin/]: MixinPlatformAgentDefault accepted container SecureJarResource(ferritecore)
[26Sep2025 23:14:27.531] [main/DEBUG] [mixin/]: Processing prepare() for PlatformAgent[MixinPlatformAgentDefault:SecureJarResource(ferritecore)]
[26Sep2025 23:14:27.531] [main/DEBUG] [mixin/]: Registering mixin config: ferritecore.predicates.mixin.json
[26Sep2025 23:14:27.533] [main/DEBUG] [mixin/]: Registering mixin config: ferritecore.fastmap.mixin.json
[26Sep2025 23:14:27.536] [main/DEBUG] [mixin/]: Registering mixin config: ferritecore.mrl.mixin.json
[26Sep2025 23:14:27.538] [main/DEBUG] [mixin/]: Registering mixin config: ferritecore.dedupmultipart.mixin.json
[26Sep2025 23:14:27.541] [main/DEBUG] [mixin/]: Registering mixin config: ferritecore.blockstatecache.mixin.json
[26Sep2025 23:14:27.543] [main/DEBUG] [mixin/]: Registering mixin config: ferritecore.dedupbakedquad.mixin.json
[26Sep2025 23:14:27.545] [main/DEBUG] [mixin/]: Registering mixin config: ferritecore.threaddetec.mixin.json
[26Sep2025 23:14:27.548] [main/DEBUG] [mixin/]: Registering mixin config: ferritecore.modelsides.mixin.json
[26Sep2025 23:14:27.549] [main/DEBUG] [mixin/]: Adding mixin platform agents for container SecureJarResource(transition)
[26Sep2025 23:14:27.549] [main/DEBUG] [mixin/]: Instancing new MixinPlatformAgentMinecraftForge for SecureJarResource(transition)
[26Sep2025 23:14:27.549] [main/DEBUG] [mixin/]: MixinPlatformAgentMinecraftForge rejected container SecureJarResource(transition)
[26Sep2025 23:14:27.550] [main/DEBUG] [mixin/]: Instancing new MixinPlatformAgentDefault for SecureJarResource(transition)
[26Sep2025 23:14:27.550] [main/DEBUG] [mixin/]: MixinPlatformAgentDefault accepted container SecureJarResource(transition)
[26Sep2025 23:14:27.550] [main/DEBUG] [mixin/]: Processing prepare() for PlatformAgent[MixinPlatformAgentDefault:SecureJarResource(transition)]
[26Sep2025 23:14:27.550] [main/DEBUG] [mixin/]: Registering mixin config: transition.mixins.json
[26Sep2025 23:14:27.552] [main/DEBUG] [mixin/]: Compatibility level JAVA_16 specified by transition.mixins.json is higher than the maximum level supported by this version of mixin (JAVA_13).
[26Sep2025 23:14:27.552] [main/DEBUG] [mixin/]: Adding mixin platform agents for container SecureJarResource(betterendisland)
[26Sep2025 23:14:27.552] [main/DEBUG] [mixin/]: Instancing new MixinPlatformAgentMinecraftForge for SecureJarResource(betterendisland)
[26Sep2025 23:14:27.553] [main/DEBUG] [mixin/]: MixinPlatformAgentMinecraftForge rejected container SecureJarResource(betterendisland)
[26Sep2025 23:14:27.553] [main/DEBUG] [mixin/]: Instancing new MixinPlatformAgentDefault for SecureJarResource(betterendisland)
[26Sep2025 23:14:27.553] [main/DEBUG] [mixin/]: MixinPlatformAgentDefault accepted container SecureJarResource(betterendisland)
[26Sep2025 23:14:27.553] [main/DEBUG] [mixin/]: Processing prepare() for PlatformAgent[MixinPlatformAgentDefault:SecureJarResource(betterendisland)]
[26Sep2025 23:14:27.553] [main/DEBUG] [mixin/]: Registering mixin config: betterendisland.mixins.json
[26Sep2025 23:14:27.555] [main/DEBUG] [mixin/]: Registering mixin config: betterendisland_forge.mixins.json
[26Sep2025 23:14:27.557] [main/DEBUG] [mixin/]: Adding mixin platform agents for container SecureJarResource(puzzleslib)
[26Sep2025 23:14:27.557] [main/DEBUG] [mixin/]: Instancing new MixinPlatformAgentMinecraftForge for SecureJarResource(puzzleslib)
[26Sep2025 23:14:27.557] [main/DEBUG] [mixin/]: MixinPlatformAgentMinecraftForge rejected container SecureJarResource(puzzleslib)
[26Sep2025 23:14:27.557] [main/DEBUG] [mixin/]: Instancing new MixinPlatformAgentDefault for SecureJarResource(puzzleslib)
[26Sep2025 23:14:27.557] [main/DEBUG] [mixin/]: MixinPlatformAgentDefault accepted container SecureJarResource(puzzleslib)
[26Sep2025 23:14:27.557] [main/DEBUG] [mixin/]: Processing prepare() for PlatformAgent[MixinPlatformAgentDefault:SecureJarResource(puzzleslib)]
[26Sep2025 23:14:27.557] [main/DEBUG] [mixin/]: Registering mixin config: puzzleslib.common.mixins.json
[26Sep2025 23:14:27.558] [main/DEBUG] [mixin/]: Registering mixin config: puzzleslib.forge.mixins.json
[26Sep2025 23:14:27.562] [main/DEBUG] [mixin/]: Adding mixin platform agents for container SecureJarResource(the_knocker)
[26Sep2025 23:14:27.562] [main/DEBUG] [mixin/]: Instancing new MixinPlatformAgentMinecraftForge for SecureJarResource(the_knocker)
[26Sep2025 23:14:27.562] [main/DEBUG] [mixin/]: MixinPlatformAgentMinecraftForge rejected container SecureJarResource(the_knocker)
[26Sep2025 23:14:27.562] [main/DEBUG] [mixin/]: Instancing new MixinPlatformAgentDefault for SecureJarResource(the_knocker)
[26Sep2025 23:14:27.562] [main/DEBUG] [mixin/]: MixinPlatformAgentDefault accepted container SecureJarResource(the_knocker)
[26Sep2025 23:14:27.562] [main/DEBUG] [mixin/]: Processing prepare() for PlatformAgent[MixinPlatformAgentDefault:SecureJarResource(the_knocker)]
[26Sep2025 23:14:27.562] [main/DEBUG] [mixin/]: Adding mixin platform agents for container SecureJarResource(fallingtree)
[26Sep2025 23:14:27.562] [main/DEBUG] [mixin/]: Instancing new MixinPlatformAgentMinecraftForge for SecureJarResource(fallingtree)
[26Sep2025 23:14:27.562] [main/DEBUG] [mixin/]: MixinPlatformAgentMinecraftForge rejected container SecureJarResource(fallingtree)
[26Sep2025 23:14:27.562] [main/DEBUG] [mixin/]: Instancing new MixinPlatformAgentDefault for SecureJarResource(fallingtree)
[26Sep2025 23:14:27.562] [main/DEBUG] [mixin/]: MixinPlatformAgentDefault accepted container SecureJarResource(fallingtree)
[26Sep2025 23:14:27.562] [main/DEBUG] [mixin/]: Processing prepare() for PlatformAgent[MixinPlatformAgentDefault:SecureJarResource(fallingtree)]
[26Sep2025 23:14:27.563] [main/DEBUG] [mixin/]: Adding mixin platform agents for container SecureJarResource(lodestone)
[26Sep2025 23:14:27.563] [main/DEBUG] [mixin/]: Instancing new MixinPlatformAgentMinecraftForge for SecureJarResource(lodestone)
[26Sep2025 23:14:27.563] [main/DEBUG] [mixin/]: MixinPlatformAgentMinecraftForge rejected container SecureJarResource(lodestone)
[26Sep2025 23:14:27.563] [main/DEBUG] [mixin/]: Instancing new MixinPlatformAgentDefault for SecureJarResource(lodestone)
[26Sep2025 23:14:27.563] [main/DEBUG] [mixin/]: MixinPlatformAgentDefault accepted container SecureJarResource(lodestone)
[26Sep2025 23:14:27.563] [main/DEBUG] [mixin/]: Processing prepare() for PlatformAgent[MixinPlatformAgentDefault:SecureJarResource(lodestone)]
[26Sep2025 23:14:27.563] [main/DEBUG] [mixin/]: Registering mixin config: lodestone.mixins.json
[26Sep2025 23:14:27.564] [main/DEBUG] [mixin/]: Adding mixin platform agents for container SecureJarResource(toms_storage)
[26Sep2025 23:14:27.565] [main/DEBUG] [mixin/]: Instancing new MixinPlatformAgentMinecraftForge for SecureJarResource(toms_storage)
[26Sep2025 23:14:27.565] [main/DEBUG] [mixin/]: MixinPlatformAgentMinecraftForge rejected container SecureJarResource(toms_storage)
[26Sep2025 23:14:27.565] [main/DEBUG] [mixin/]: Instancing new MixinPlatformAgentDefault for SecureJarResource(toms_storage)
[26Sep2025 23:14:27.565] [main/DEBUG] [mixin/]: MixinPlatformAgentDefault accepted container SecureJarResource(toms_storage)
[26Sep2025 23:14:27.565] [main/DEBUG] [mixin/]: Processing prepare() for PlatformAgent[MixinPlatformAgentDefault:SecureJarResource(toms_storage)]
[26Sep2025 23:14:27.565] [main/DEBUG] [mixin/]: Adding mixin platform agents for container SecureJarResource(hopo)
[26Sep2025 23:14:27.565] [main/DEBUG] [mixin/]: Instancing new MixinPlatformAgentMinecraftForge for SecureJarResource(hopo)
[26Sep2025 23:14:27.565] [main/DEBUG] [mixin/]: MixinPlatformAgentMinecraftForge rejected container SecureJarResource(hopo)
[26Sep2025 23:14:27.566] [main/DEBUG] [mixin/]: Instancing new MixinPlatformAgentDefault for SecureJarResource(hopo)
[26Sep2025 23:14:27.566] [main/DEBUG] [mixin/]: MixinPlatformAgentDefault accepted container SecureJarResource(hopo)
[26Sep2025 23:14:27.566] [main/DEBUG] [mixin/]: Processing prepare() for PlatformAgent[MixinPlatformAgentDefault:SecureJarResource(hopo)]
[26Sep2025 23:14:27.566] [main/DEBUG] [mixin/]: Adding mixin platform agents for container SecureJarResource(packetfixer)
[26Sep2025 23:14:27.566] [main/DEBUG] [mixin/]: Instancing new MixinPlatformAgentMinecraftForge for SecureJarResource(packetfixer)
[26Sep2025 23:14:27.566] [main/DEBUG] [mixin/]: MixinPlatformAgentMinecraftForge rejected container SecureJarResource(packetfixer)
[26Sep2025 23:14:27.566] [main/DEBUG] [mixin/]: Instancing new MixinPlatformAgentDefault for SecureJarResource(packetfixer)
[26Sep2025 23:14:27.566] [main/DEBUG] [mixin/]: MixinPlatformAgentDefault accepted container SecureJarResource(packetfixer)
[26Sep2025 23:14:27.566] [main/DEBUG] [mixin/]: Processing prepare() for PlatformAgent[MixinPlatformAgentDefault:SecureJarResource(packetfixer)]
[26Sep2025 23:14:27.567] [main/DEBUG] [mixin/]: Registering mixin config: packetfixer.v1_18.forge.mixins.json
[26Sep2025 23:14:27.568] [main/DEBUG] [mixin/]: Registering mixin config: packetfixer.v1_19.forge.mixins.json
[26Sep2025 23:14:27.570] [main/DEBUG] [mixin/]: Registering mixin config: packetfixer.v1_19_3.forge.mixins.json
[26Sep2025 23:14:27.571] [main/DEBUG] [mixin/]: Registering mixin config: packetfixer.v1_19_4.forge.mixins.json
[26Sep2025 23:14:27.573] [main/DEBUG] [mixin/]: Registering mixin config: packetfixer.v1_20_2.forge.mixins.json
[26Sep2025 23:14:27.574] [main/DEBUG] [mixin/]: Adding mixin platform agents for container SecureJarResource(playerrevive)
[26Sep2025 23:14:27.574] [main/DEBUG] [mixin/]: Instancing new MixinPlatformAgentMinecraftForge for SecureJarResource(playerrevive)
[26Sep2025 23:14:27.574] [main/DEBUG] [mixin/]: MixinPlatformAgentMinecraftForge rejected container SecureJarResource(playerrevive)
[26Sep2025 23:14:27.574] [main/DEBUG] [mixin/]: Instancing new MixinPlatformAgentDefault for SecureJarResource(playerrevive)
[26Sep2025 23:14:27.575] [main/DEBUG] [mixin/]: MixinPlatformAgentDefault accepted container SecureJarResource(playerrevive)
[26Sep2025 23:14:27.575] [main/DEBUG] [mixin/]: Processing prepare() for PlatformAgent[MixinPlatformAgentDefault:SecureJarResource(playerrevive)]
[26Sep2025 23:14:27.575] [main/DEBUG] [mixin/]: Registering mixin config: playerrevive.mixins.json
[26Sep2025 23:14:27.576] [main/DEBUG] [mixin/]: Adding mixin platform agents for container SecureJarResource(presencefootsteps)
[26Sep2025 23:14:27.577] [main/DEBUG] [mixin/]: Instancing new MixinPlatformAgentMinecraftForge for SecureJarResource(presencefootsteps)
[26Sep2025 23:14:27.577] [main/DEBUG] [mixin/]: MixinPlatformAgentMinecraftForge rejected container SecureJarResource(presencefootsteps)
[26Sep2025 23:14:27.577] [main/DEBUG] [mixin/]: Instancing new MixinPlatformAgentDefault for SecureJarResource(presencefootsteps)
[26Sep2025 23:14:27.577] [main/DEBUG] [mixin/]: MixinPlatformAgentDefault accepted container SecureJarResource(presencefootsteps)
[26Sep2025 23:14:27.577] [main/DEBUG] [mixin/]: Processing prepare() for PlatformAgent[MixinPlatformAgentDefault:SecureJarResource(presencefootsteps)]
[26Sep2025 23:14:27.577] [main/DEBUG] [mixin/]: Registering mixin config: presencefootsteps.mixin.json
[26Sep2025 23:14:27.579] [main/DEBUG] [mixin/]: Adding mixin platform agents for container SecureJarResource(mclib)
[26Sep2025 23:14:27.579] [main/DEBUG] [mixin/]: Instancing new MixinPlatformAgentMinecraftForge for SecureJarResource(mclib)
[26Sep2025 23:14:27.579] [main/DEBUG] [mixin/]: MixinPlatformAgentMinecraftForge rejected container SecureJarResource(mclib)
[26Sep2025 23:14:27.579] [main/DEBUG] [mixin/]: Instancing new MixinPlatformAgentDefault for SecureJarResource(mclib)
[26Sep2025 23:14:27.579] [main/DEBUG] [mixin/]: MixinPlatformAgentDefault accepted container SecureJarResource(mclib)
[26Sep2025 23:14:27.579] [main/DEBUG] [mixin/]: Processing prepare() for PlatformAgent[MixinPlatformAgentDefault:SecureJarResource(mclib)]
[26Sep2025 23:14:27.579] [main/DEBUG] [mixin/]: Adding mixin platform agents for container SecureJarResource(NanoLiveConfig)
[26Sep2025 23:14:27.579] [main/DEBUG] [mixin/]: Instancing new MixinPlatformAgentMinecraftForge for SecureJarResource(NanoLiveConfig)
[26Sep2025 23:14:27.580] [main/DEBUG] [mixin/]: MixinPlatformAgentMinecraftForge rejected container SecureJarResource(NanoLiveConfig)
[26Sep2025 23:14:27.580] [main/DEBUG] [mixin/]: Instancing new MixinPlatformAgentDefault for SecureJarResource(NanoLiveConfig)
[26Sep2025 23:14:27.580] [main/DEBUG] [mixin/]: MixinPlatformAgentDefault accepted container SecureJarResource(NanoLiveConfig)
[26Sep2025 23:14:27.580] [main/DEBUG] [mixin/]: Processing prepare() for PlatformAgent[MixinPlatformAgentDefault:SecureJarResource(NanoLiveConfig)]
[26Sep2025 23:14:27.580] [main/DEBUG] [mixin/]: Adding mixin platform agents for container SecureJarResource(mixinextras)
[26Sep2025 23:14:27.580] [main/DEBUG] [mixin/]: Instancing new MixinPlatformAgentMinecraftForge for SecureJarResource(mixinextras)
[26Sep2025 23:14:27.580] [main/DEBUG] [mixin/]: MixinPlatformAgentMinecraftForge rejected container SecureJarResource(mixinextras)
[26Sep2025 23:14:27.580] [main/DEBUG] [mixin/]: Instancing new MixinPlatformAgentDefault for SecureJarResource(mixinextras)
[26Sep2025 23:14:27.580] [main/DEBUG] [mixin/]: MixinPlatformAgentDefault accepted container SecureJarResource(mixinextras)
[26Sep2025 23:14:27.580] [main/DEBUG] [mixin/]: Processing prepare() for PlatformAgent[MixinPlatformAgentDefault:SecureJarResource(mixinextras)]
[26Sep2025 23:14:27.580] [main/DEBUG] [mixin/]: Registering mixin config: mixinextras.init.mixins.json
[26Sep2025 23:14:27.581] [main/DEBUG] [mixin/]: Adding mixin platform agents for container SecureJarResource(org.yaml.snakeyaml)
[26Sep2025 23:14:27.582] [main/DEBUG] [mixin/]: Instancing new MixinPlatformAgentMinecraftForge for SecureJarResource(org.yaml.snakeyaml)
[26Sep2025 23:14:27.582] [main/DEBUG] [mixin/]: MixinPlatformAgentMinecraftForge rejected container SecureJarResource(org.yaml.snakeyaml)
[26Sep2025 23:14:27.582] [main/DEBUG] [mixin/]: Instancing new MixinPlatformAgentDefault for SecureJarResource(org.yaml.snakeyaml)
[26Sep2025 23:14:27.582] [main/DEBUG] [mixin/]: MixinPlatformAgentDefault accepted container SecureJarResource(org.yaml.snakeyaml)
[26Sep2025 23:14:27.582] [main/DEBUG] [mixin/]: Processing prepare() for PlatformAgent[MixinPlatformAgentDefault:SecureJarResource(org.yaml.snakeyaml)]
[26Sep2025 23:14:27.582] [main/DEBUG] [mixin/]: Adding mixin platform agents for container SecureJarResource(MixinExtras)
[26Sep2025 23:14:27.582] [main/DEBUG] [mixin/]: Instancing new MixinPlatformAgentMinecraftForge for SecureJarResource(MixinExtras)
[26Sep2025 23:14:27.582] [main/DEBUG] [mixin/]: MixinPlatformAgentMinecraftForge rejected container SecureJarResource(MixinExtras)
[26Sep2025 23:14:27.582] [main/DEBUG] [mixin/]: Instancing new MixinPlatformAgentDefault for SecureJarResource(MixinExtras)
[26Sep2025 23:14:27.582] [main/DEBUG] [mixin/]: MixinPlatformAgentDefault accepted container SecureJarResource(MixinExtras)
[26Sep2025 23:14:27.582] [main/DEBUG] [mixin/]: Processing prepare() for PlatformAgent[MixinPlatformAgentDefault:SecureJarResource(MixinExtras)]
[26Sep2025 23:14:27.582] [main/DEBUG] [mixin/]: inject() running with 77 agents
[26Sep2025 23:14:27.582] [main/DEBUG] [mixin/]: Processing inject() for PlatformAgent[MixinPlatformAgentDefault:ModLauncher Root Container(ModLauncher:4f56a0a2)]
[26Sep2025 23:14:27.582] [main/DEBUG] [mixin/]: Processing inject() for PlatformAgent[MixinPlatformAgentDefault:SecureJarResource(gravecore)]
[26Sep2025 23:14:27.582] [main/DEBUG] [mixin/]: Processing inject() for PlatformAgent[MixinPlatformAgentDefault:SecureJarResource(radium)]
[26Sep2025 23:14:27.582] [main/DEBUG] [mixin/]: Processing inject() for PlatformAgent[MixinPlatformAgentDefault:SecureJarResource(rhino)]
[26Sep2025 23:14:27.582] [main/DEBUG] [mixin/]: Processing inject() for PlatformAgent[MixinPlatformAgentDefault:SecureJarResource(mowziesmobs)]
[26Sep2025 23:14:27.582] [main/DEBUG] [mixin/]: Processing inject() for PlatformAgent[MixinPlatformAgentDefault:SecureJarResource(mcef)]
[26Sep2025 23:14:27.582] [main/DEBUG] [mixin/]: Processing inject() for PlatformAgent[MixinPlatformAgentDefault:SecureJarResource(mutantmonsters)]
[26Sep2025 23:14:27.582] [main/DEBUG] [mixin/]: Processing inject() for PlatformAgent[MixinPlatformAgentDefault:SecureJarResource(amendments)]
[26Sep2025 23:14:27.582] [main/DEBUG] [mixin/]: Processing inject() for PlatformAgent[MixinPlatformAgentDefault:SecureJarResource(geckolib)]
[26Sep2025 23:14:27.582] [main/DEBUG] [mixin/]: Processing inject() for PlatformAgent[MixinPlatformAgentDefault:SecureJarResource(playeranimator)]
[26Sep2025 23:14:27.582] [main/DEBUG] [mixin/]: Processing inject() for PlatformAgent[MixinPlatformAgentDefault:SecureJarResource(palladiumcore)]
[26Sep2025 23:14:27.582] [main/DEBUG] [mixin/]: Processing inject() for PlatformAgent[MixinPlatformAgentDefault:SecureJarResource(jei)]
[26Sep2025 23:14:27.582] [main/DEBUG] [mixin/]: Processing inject() for PlatformAgent[MixinPlatformAgentDefault:SecureJarResource(particlerain)]
[26Sep2025 23:14:27.582] [main/DEBUG] [mixin/]: Processing inject() for PlatformAgent[MixinPlatformAgentDefault:SecureJarResource(pehkui)]
[26Sep2025 23:14:27.582] [main/DEBUG] [mixin/]: Processing inject() for PlatformAgent[MixinPlatformAgentDefault:SecureJarResource(libraryferret)]
[26Sep2025 23:14:27.583] [main/DEBUG] [mixin/]: Processing inject() for PlatformAgent[MixinPlatformAgentDefault:SecureJarResource(trender)]
[26Sep2025 23:14:27.583] [main/DEBUG] [mixin/]: Processing inject() for PlatformAgent[MixinPlatformAgentDefault:SecureJarResource(palladium)]
[26Sep2025 23:14:27.583] [main/DEBUG] [mixin/]: Processing inject() for PlatformAgent[MixinPlatformAgentDefault:SecureJarResource(betterendcities)]
[26Sep2025 23:14:27.583] [main/DEBUG] [mixin/]: Processing inject() for PlatformAgent[MixinPlatformAgentDefault:SecureJarResource(modernfix)]
[26Sep2025 23:14:27.583] [main/DEBUG] [mixin/]: Processing inject() for PlatformAgent[MixinPlatformAgentDefault:SecureJarResource(citadel)]
[26Sep2025 23:14:27.583] [main/DEBUG] [mixin/]: Processing inject() for PlatformAgent[MixinPlatformAgentDefault:SecureJarResource(alexsmobs)]
[26Sep2025 23:14:27.583] [main/DEBUG] [mixin/]: Processing inject() for PlatformAgent[MixinPlatformAgentDefault:SecureJarResource(mypowers)]
[26Sep2025 23:14:27.583] [main/DEBUG] [mixin/]: Processing inject() for PlatformAgent[MixinPlatformAgentDefault:SecureJarResource(travelersbackpack)]
[26Sep2025 23:14:27.583] [main/DEBUG] [mixin/]: Processing inject() for PlatformAgent[MixinPlatformAgentDefault:SecureJarResource(yungsapi)]
[26Sep2025 23:14:27.583] [main/DEBUG] [mixin/]: Processing inject() for PlatformAgent[MixinPlatformAgentDefault:SecureJarResource(relics)]
[26Sep2025 23:14:27.583] [main/DEBUG] [mixin/]: Processing inject() for PlatformAgent[MixinPlatformAgentDefault:SecureJarResource(iceandfire)]
[26Sep2025 23:14:27.583] [main/DEBUG] [mixin/]: Processing inject() for PlatformAgent[MixinPlatformAgentDefault:SecureJarResource(blueprint)]
[26Sep2025 23:14:27.583] [main/DEBUG] [mixin/]: Processing inject() for PlatformAgent[MixinPlatformAgentDefault:SecureJarResource(carryon)]
[26Sep2025 23:14:27.583] [main/DEBUG] [mixin/]: Processing inject() for PlatformAgent[MixinPlatformAgentDefault:SecureJarResource(puzzlesaccessapi)]
[26Sep2025 23:14:27.583] [main/DEBUG] [mixin/]: Processing inject() for PlatformAgent[MixinPlatformAgentDefault:SecureJarResource(cloth_config)]
[26Sep2025 23:14:27.583] [main/DEBUG] [mixin/]: Processing inject() for PlatformAgent[MixinPlatformAgentDefault:SecureJarResource(forge)]
[26Sep2025 23:14:27.584] [main/DEBUG] [mixin/]: Processing inject() for PlatformAgent[MixinPlatformAgentDefault:SecureJarResource(extensibleenums)]
[26Sep2025 23:14:27.584] [main/DEBUG] [mixin/]: Processing inject() for PlatformAgent[MixinPlatformAgentDefault:SecureJarResource(embeddium)]
[26Sep2025 23:14:27.584] [main/DEBUG] [mixin/]: Processing inject() for PlatformAgent[MixinPlatformAgentDefault:SecureJarResource(webdisplays)]
[26Sep2025 23:14:27.584] [main/DEBUG] [mixin/]: Processing inject() for PlatformAgent[MixinPlatformAgentDefault:SecureJarResource(dungeons_arise)]
[26Sep2025 23:14:27.584] [main/DEBUG] [mixin/]: Processing inject() for PlatformAgent[MixinPlatformAgentDefault:SecureJarResource(hoppergadgetry)]
[26Sep2025 23:14:27.584] [main/DEBUG] [mixin/]: Processing inject() for PlatformAgent[MixinPlatformAgentDefault:SecureJarResource(castle_in_the_sky)]
[26Sep2025 23:14:27.584] [main/DEBUG] [mixin/]: Processing inject() for PlatformAgent[MixinPlatformAgentDefault:SecureJarResource(minecraft)]
[26Sep2025 23:14:27.584] [main/DEBUG] [mixin/]: Processing inject() for PlatformAgent[MixinPlatformAgentDefault:SecureJarResource(rustic_engineer)]
[26Sep2025 23:14:27.585] [main/DEBUG] [mixin/]: Processing inject() for PlatformAgent[MixinPlatformAgentDefault:SecureJarResource(brainrot)]
[26Sep2025 23:14:27.585] [main/DEBUG] [mixin/]: Processing inject() for PlatformAgent[MixinPlatformAgentDefault:SecureJarResource(boiled_reimagined)]
[26Sep2025 23:14:27.585] [main/DEBUG] [mixin/]: Processing inject() for PlatformAgent[MixinPlatformAgentDefault:SecureJarResource(moonlight)]
[26Sep2025 23:14:27.585] [main/DEBUG] [mixin/]: Processing inject() for PlatformAgent[MixinPlatformAgentDefault:SecureJarResource(toolbelt)]
[26Sep2025 23:14:27.585] [main/DEBUG] [mixin/]: Processing inject() for PlatformAgent[MixinPlatformAgentDefault:SecureJarResource(mr_serversleep)]
[26Sep2025 23:14:27.585] [main/DEBUG] [mixin/]: Processing inject() for PlatformAgent[MixinPlatformAgentDefault:SecureJarResource(mofus_better_end_)]
[26Sep2025 23:14:27.585] [main/DEBUG] [mixin/]: Processing inject() for PlatformAgent[MixinPlatformAgentDefault:SecureJarResource(creativecore)]
[26Sep2025 23:14:27.585] [main/DEBUG] [mixin/]: Processing inject() for PlatformAgent[MixinPlatformAgentDefault:SecureJarResource(alienevo)]
[26Sep2025 23:14:27.585] [main/DEBUG] [mixin/]: Processing inject() for PlatformAgent[MixinPlatformAgentDefault:SecureJarResource(notenoughanimations)]
[26Sep2025 23:14:27.586] [main/DEBUG] [mixin/]: Processing inject() for PlatformAgent[MixinPlatformAgentDefault:SecureJarResource(curios)]
[26Sep2025 23:14:27.586] [main/DEBUG] [mixin/]: Processing inject() for PlatformAgent[MixinPlatformAgentDefault:SecureJarResource(xaerominimap)]
[26Sep2025 23:14:27.586] [main/DEBUG] [mixin/]: Processing inject() for PlatformAgent[MixinPlatformAgentDefault:SecureJarResource(gravestone)]
[26Sep2025 23:14:27.586] [main/DEBUG] [mixin/]: Processing inject() for PlatformAgent[MixinPlatformAgentDefault:SecureJarResource(pet_cemetery)]
[26Sep2025 23:14:27.586] [main/DEBUG] [mixin/]: Processing inject() for PlatformAgent[MixinPlatformAgentDefault:SecureJarResource(mr_dungeons_andtaverns)]
[26Sep2025 23:14:27.586] [main/DEBUG] [mixin/]: Processing inject() for PlatformAgent[MixinPlatformAgentDefault:SecureJarResource(loafcats)]
[26Sep2025 23:14:27.586] [main/DEBUG] [mixin/]: Processing inject() for PlatformAgent[MixinPlatformAgentDefault:SecureJarResource(bettervillage)]
[26Sep2025 23:14:27.586] [main/DEBUG] [mixin/]: Processing inject() for PlatformAgent[MixinPlatformAgentDefault:SecureJarResource(cfm)]
[26Sep2025 23:14:27.586] [main/DEBUG] [mixin/]: Processing inject() for PlatformAgent[MixinPlatformAgentDefault:SecureJarResource(architectury)]
[26Sep2025 23:14:27.587] [main/DEBUG] [mixin/]: Processing inject() for PlatformAgent[MixinPlatformAgentDefault:SecureJarResource(kubejs)]
[26Sep2025 23:14:27.587] [main/DEBUG] [mixin/]: Processing inject() for PlatformAgent[MixinPlatformAgentDefault:SecureJarResource(octolib)]
[26Sep2025 23:14:27.587] [main/DEBUG] [mixin/]: Processing inject() for PlatformAgent[MixinPlatformAgentDefault:SecureJarResource(mr_limesplatus_ending)]
[26Sep2025 23:14:27.587] [main/DEBUG] [mixin/]: Processing inject() for PlatformAgent[MixinPlatformAgentDefault:SecureJarResource(ferritecore)]
[26Sep2025 23:14:27.587] [main/DEBUG] [mixin/]: Processing inject() for PlatformAgent[MixinPlatformAgentDefault:SecureJarResource(transition)]
[26Sep2025 23:14:27.587] [main/DEBUG] [mixin/]: Processing inject() for PlatformAgent[MixinPlatformAgentDefault:SecureJarResource(betterendisland)]
[26Sep2025 23:14:27.587] [main/DEBUG] [mixin/]: Processing inject() for PlatformAgent[MixinPlatformAgentDefault:SecureJarResource(puzzleslib)]
[26Sep2025 23:14:27.587] [main/DEBUG] [mixin/]: Processing inject() for PlatformAgent[MixinPlatformAgentDefault:SecureJarResource(the_knocker)]
[26Sep2025 23:14:27.587] [main/DEBUG] [mixin/]: Processing inject() for PlatformAgent[MixinPlatformAgentDefault:SecureJarResource(fallingtree)]
[26Sep2025 23:14:27.588] [main/DEBUG] [mixin/]: Processing inject() for PlatformAgent[MixinPlatformAgentDefault:SecureJarResource(lodestone)]
[26Sep2025 23:14:27.588] [main/DEBUG] [mixin/]: Processing inject() for PlatformAgent[MixinPlatformAgentDefault:SecureJarResource(toms_storage)]
[26Sep2025 23:14:27.588] [main/DEBUG] [mixin/]: Processing inject() for PlatformAgent[MixinPlatformAgentDefault:SecureJarResource(hopo)]
[26Sep2025 23:14:27.588] [main/DEBUG] [mixin/]: Processing inject() for PlatformAgent[MixinPlatformAgentDefault:SecureJarResource(packetfixer)]
[26Sep2025 23:14:27.588] [main/DEBUG] [mixin/]: Processing inject() for PlatformAgent[MixinPlatformAgentDefault:SecureJarResource(playerrevive)]
[26Sep2025 23:14:27.588] [main/DEBUG] [mixin/]: Processing inject() for PlatformAgent[MixinPlatformAgentDefault:SecureJarResource(presencefootsteps)]
[26Sep2025 23:14:27.588] [main/DEBUG] [mixin/]: Processing inject() for PlatformAgent[MixinPlatformAgentDefault:SecureJarResource(mclib)]
[26Sep2025 23:14:27.588] [main/DEBUG] [mixin/]: Processing inject() for PlatformAgent[MixinPlatformAgentDefault:SecureJarResource(NanoLiveConfig)]
[26Sep2025 23:14:27.588] [main/DEBUG] [mixin/]: Processing inject() for PlatformAgent[MixinPlatformAgentDefault:SecureJarResource(mixinextras)]
[26Sep2025 23:14:27.588] [main/DEBUG] [mixin/]: Processing inject() for PlatformAgent[MixinPlatformAgentDefault:SecureJarResource(org.yaml.snakeyaml)]
[26Sep2025 23:14:27.588] [main/DEBUG] [mixin/]: Processing inject() for PlatformAgent[MixinPlatformAgentDefault:SecureJarResource(MixinExtras)]
[26Sep2025 23:14:27.588] [main/INFO] [cpw.mods.modlauncher.LaunchServiceHandler/MODLAUNCHER]: Launching target 'forgeserver' with arguments [nogui]
[26Sep2025 23:14:27.617] [main/DEBUG] [mixin/]: Error cleaning class output directory: .mixin.out
[26Sep2025 23:14:27.620] [main/DEBUG] [mixin/]: Preparing mixins for MixinEnvironment[DEFAULT]
[26Sep2025 23:14:27.620] [main/DEBUG] [mixin/]: Selecting config lithium.mixins.json
[26Sep2025 23:14:27.693] [main/INFO] [Radium Config/]: Loaded configuration file for Radium: 125 options available, 2 override(s) found
[26Sep2025 23:14:27.703] [main/DEBUG] [mixin/]: Selecting config rhino-common.mixins.json
[26Sep2025 23:14:27.706] [main/DEBUG] [mixin/]: Selecting config mowziesmobs.mixins.json
[26Sep2025 23:14:27.707] [main/DEBUG] [mixin/]: Selecting config mcef.mixins.json
[26Sep2025 23:14:27.709] [main/DEBUG] [mixin/]: Selecting config mutantmonsters.common.mixins.json
[26Sep2025 23:14:27.712] [main/DEBUG] [mixin/]: Selecting config amendments.mixins.json
[26Sep2025 23:14:27.717] [main/DEBUG] [mixin/]: Selecting config amendments-common.mixins.json
[26Sep2025 23:14:27.720] [main/DEBUG] [mixin/]: Selecting config geckolib.mixins.json
[26Sep2025 23:14:27.722] [main/DEBUG] [mixin/]: Selecting config playerAnimator-common.mixins.json
[26Sep2025 23:14:27.725] [main/DEBUG] [mixin/]: Selecting config palladiumcore-common.mixins.json
[26Sep2025 23:14:27.726] [main/DEBUG] [mixin/]: Selecting config palladiumcore.mixins.json
[26Sep2025 23:14:27.728] [main/DEBUG] [mixin/]: Selecting config particlerain.mixins.json
[26Sep2025 23:14:27.729] [main/DEBUG] [mixin/]: Selecting config pehkui.mixins.json
[26Sep2025 23:14:27.739] [main/DEBUG] [mixin/]: Selecting config trender.mixins.json
[26Sep2025 23:14:27.742] [main/DEBUG] [mixin/]: Selecting config palladium-common.mixins.json
[26Sep2025 23:14:27.760] [main/DEBUG] [mixin/]: Selecting config palladium.mixins.json
[26Sep2025 23:14:27.763] [main/DEBUG] [mixin/]: Selecting config modernfix-common.mixins.json
[26Sep2025 23:14:27.851] [main/INFO] [ModernFix/]: Loaded configuration file for ModernFix 5.24.4+mc1.20.1: 96 options available, 0 override(s) found
[26Sep2025 23:14:27.852] [main/INFO] [ModernFix/]: Applying Nashorn fix
[26Sep2025 23:14:27.871] [main/INFO] [ModernFix/]: Applied Forge config corruption patch
[26Sep2025 23:14:27.882] [main/DEBUG] [mixin/]: Selecting config modernfix-forge.mixins.json
[26Sep2025 23:14:27.885] [main/DEBUG] [mixin/]: Selecting config citadel.mixins.json
[26Sep2025 23:14:27.888] [main/DEBUG] [mixin/]: Selecting config mixins.travelersbackpack.json
[26Sep2025 23:14:27.889] [main/DEBUG] [mixin/]: Selecting config yungsapi.mixins.json
[26Sep2025 23:14:27.892] [main/DEBUG] [mixin/]: Selecting config yungsapi_forge.mixins.json
[26Sep2025 23:14:27.894] [main/DEBUG] [mixin/]: Selecting config relics.mixins.json
[26Sep2025 23:14:27.895] [main/DEBUG] [mixin/]: Selecting config iceandfire.mixins.json
[26Sep2025 23:14:27.896] [main/DEBUG] [mixin/]: Selecting config blueprint.mixins.json
[26Sep2025 23:14:27.898] [main/DEBUG] [mixin/]: Selecting config carryon.mixins.json
[26Sep2025 23:14:27.938] [main/DEBUG] [MixinExtras|Service/]: com.llamalad7.mixinextras.service.MixinExtrasServiceImpl(version=0.5.0) is taking over from null
[26Sep2025 23:14:27.974] [main/DEBUG] [mixin/]: Registering new injector for @Inject with org.spongepowered.asm.mixin.injection.struct.CallbackInjectionInfo
[26Sep2025 23:14:27.978] [main/DEBUG] [mixin/]: Registering new injector for @ModifyArg with org.spongepowered.asm.mixin.injection.struct.ModifyArgInjectionInfo
[26Sep2025 23:14:27.979] [main/DEBUG] [mixin/]: Registering new injector for @ModifyArgs with org.spongepowered.asm.mixin.injection.struct.ModifyArgsInjectionInfo
[26Sep2025 23:14:27.981] [main/DEBUG] [mixin/]: Registering new injector for @Redirect with org.spongepowered.asm.mixin.injection.struct.RedirectInjectionInfo
[26Sep2025 23:14:27.982] [main/DEBUG] [mixin/]: Registering new injector for @ModifyVariable with org.spongepowered.asm.mixin.injection.struct.ModifyVariableInjectionInfo
[26Sep2025 23:14:27.983] [main/DEBUG] [mixin/]: Registering new injector for @ModifyConstant with org.spongepowered.asm.mixin.injection.struct.ModifyConstantInjectionInfo
[26Sep2025 23:14:27.993] [main/DEBUG] [mixin/]: Selecting config carryon.forge.mixins.json
[26Sep2025 23:14:27.994] [main/DEBUG] [mixin/]: Selecting config puzzlesaccessapi.common.mixins.json
[26Sep2025 23:14:27.996] [main/WARN] [mixin/]: Reference map 'puzzlesaccessapi.common.refmap.json' for puzzlesaccessapi.common.mixins.json could not be read. If this is a development environment you can ignore this message
[26Sep2025 23:14:27.997] [main/DEBUG] [mixin/]: Selecting config puzzlesaccessapi.forge.mixins.json
[26Sep2025 23:14:27.998] [main/DEBUG] [mixin/]: Selecting config extensibleenums.common.mixins.json
[26Sep2025 23:14:28.000] [main/WARN] [mixin/]: Reference map 'extensibleenums.common.refmap.json' for extensibleenums.common.mixins.json could not be read. If this is a development environment you can ignore this message
[26Sep2025 23:14:28.001] [main/DEBUG] [mixin/]: Selecting config extensibleenums.forge.mixins.json
[26Sep2025 23:14:28.003] [main/WARN] [mixin/]: Reference map 'extensibleenums.forge.refmap.json' for extensibleenums.forge.mixins.json could not be read. If this is a development environment you can ignore this message
[26Sep2025 23:14:28.004] [main/DEBUG] [mixin/]: Selecting config embeddium.mixins.json
[26Sep2025 23:14:28.013] [main/INFO] [Embeddium/]: Loaded configuration file for Embeddium: 116 options available, 0 override(s) found
[26Sep2025 23:14:28.018] [main/DEBUG] [mixin/]: Selecting config webdisplays.mixins.json
[26Sep2025 23:14:28.020] [main/DEBUG] [mixin/]: Selecting config hoppergadgetry.common.mixins.json
[26Sep2025 23:14:28.021] [main/DEBUG] [mixin/]: Selecting config hoppergadgetry.forge.mixins.json
[26Sep2025 23:14:28.023] [main/WARN] [mixin/]: Reference map 'hoppergadgetry.forge.refmap.json' for hoppergadgetry.forge.mixins.json could not be read. If this is a development environment you can ignore this message
[26Sep2025 23:14:28.024] [main/DEBUG] [mixin/]: Selecting config moonlight-common.mixins.json
[26Sep2025 23:14:28.026] [main/DEBUG] [mixin/]: Selecting config moonlight.mixins.json
[26Sep2025 23:14:28.027] [main/DEBUG] [mixin/]: Selecting config mixins.mofus_better_end_.json
[26Sep2025 23:14:28.029] [main/DEBUG] [mixin/]: Selecting config creativecore.mixins.json
[26Sep2025 23:14:28.032] [main/DEBUG] [mixin/]: Selecting config creativecore.forge.mixins.json
[26Sep2025 23:14:28.034] [main/DEBUG] [mixin/]: Selecting config alienevo-common.mixins.json
[26Sep2025 23:14:28.035] [main/DEBUG] [mixin/]: Selecting config alienevo.mixins.json
[26Sep2025 23:14:28.037] [main/DEBUG] [mixin/]: Selecting config notenoughanimations.mixins.json
[26Sep2025 23:14:28.038] [main/DEBUG] [mixin/]: Selecting config curios.mixins.json
[26Sep2025 23:14:28.040] [main/DEBUG] [mixin/]: Selecting config xaerohud.mixins.json
[26Sep2025 23:14:28.041] [main/DEBUG] [mixin/]: Selecting config xaerohud.forge.mixins.json
[26Sep2025 23:14:28.043] [main/DEBUG] [mixin/]: Selecting config xaerominimap.mixins.json
[26Sep2025 23:14:28.045] [main/DEBUG] [mixin/]: Selecting config xaerominimap.forge.mixins.json
[26Sep2025 23:14:28.047] [main/DEBUG] [mixin/]: Selecting config pet_cemetery.mixins.json
[26Sep2025 23:14:28.049] [main/DEBUG] [mixin/]: Selecting config bettervillage.mixins.json
[26Sep2025 23:14:28.051] [main/DEBUG] [mixin/]: Selecting config cfm.mixins.json
[26Sep2025 23:14:28.054] [main/DEBUG] [mixin/]: Selecting config architectury.mixins.json
[26Sep2025 23:14:28.056] [main/DEBUG] [mixin/]: Selecting config architectury-common.mixins.json
[26Sep2025 23:14:28.057] [main/DEBUG] [mixin/]: Selecting config kubejs-forge.mixins.json
[26Sep2025 23:14:28.059] [main/DEBUG] [mixin/]: Selecting config kubejs-common.mixins.json
[26Sep2025 23:14:28.061] [main/DEBUG] [mixin/]: Selecting config ferritecore.predicates.mixin.json
[26Sep2025 23:14:28.078] [main/DEBUG] [mixin/]: Selecting config ferritecore.fastmap.mixin.json
[26Sep2025 23:14:28.084] [main/DEBUG] [mixin/]: Selecting config ferritecore.mrl.mixin.json
[26Sep2025 23:14:28.091] [main/DEBUG] [mixin/]: Selecting config ferritecore.dedupmultipart.mixin.json
[26Sep2025 23:14:28.095] [main/DEBUG] [mixin/]: Selecting config ferritecore.blockstatecache.mixin.json
[26Sep2025 23:14:28.101] [main/DEBUG] [mixin/]: Selecting config ferritecore.dedupbakedquad.mixin.json
[26Sep2025 23:14:28.103] [main/DEBUG] [mixin/]: Selecting config ferritecore.threaddetec.mixin.json
[26Sep2025 23:14:28.107] [main/DEBUG] [mixin/]: Selecting config ferritecore.modelsides.mixin.json
[26Sep2025 23:14:28.111] [main/DEBUG] [mixin/]: Selecting config transition.mixins.json
[26Sep2025 23:14:28.112] [main/DEBUG] [mixin/]: Selecting config betterendisland.mixins.json
[26Sep2025 23:14:28.116] [main/DEBUG] [mixin/]: Selecting config betterendisland_forge.mixins.json
[26Sep2025 23:14:28.118] [main/DEBUG] [mixin/]: Selecting config puzzleslib.common.mixins.json
[26Sep2025 23:14:28.143] [main/INFO] [Puzzles Lib/]: Loading 71 mods:
	- alexsmobs 1.22.9
	- alienevo 1.1.0
	- amendments 1.20-2.2.1
	- architectury 9.2.14
	- betterendcities 1.0.0-1.20.1
	- betterendisland 1.20-Forge-2.0.6
	- bettervillage 3.3.1
	- blueprint 7.1.3
	- boiled_reimagined 1.0.12
	- brainrot 1.0.0
	- carryon 2.1.2.7
	- castle_in_the_sky 1.20.1
	- cfm 7.0.0-pre36
	- citadel 2.6.2
	- cloth_config 11.1.136
	- creativecore 2.12.32
	- dungeons_arise 2.1.58-1.20.x
	- embeddium 0.3.31+mc1.20.1
		\-- rubidium 0.7.1
	- fallingtree 4.3.4
	- ferritecore 6.0.1
	- forge 47.3.7
	- geckolib 4.7.4
	- gravecore 1.2.0
		|-- curios 5.9.1+1.20.1
		\-- lodestone 1.20.1-1.6.2.1
	- gravestone 1.20.1-1.0.32
	- hopo 1.2.2
	- hoppergadgetry 20.1.2
		\-- extensibleenums 20.1.1
	- iceandfire 2.1.13-1.20.1
	- jei 15.20.0.112
	- kubejs 2001.6.5-build.16
	- libraryferret 4.0.0
	- loafcats 1.2-1.20.1
	- mcef 2.1.6-1.20.1
	- minecraft 1.20.1
	- modernfix 5.24.4+mc1.20.1
	- mofus_better_end_ 1.0.0
	- moonlight 1.20-2.16.8
	- mowziesmobs 1.7.3
	- mr_dungeons_andtaverns 3.0.3.f
	- mr_limesplatus_ending 1-v1.1.0c
	- mr_serversleep 1-datapack
	- mutantmonsters 8.0.7
	- mypowers 1.0.5
	- notenoughanimations 1.10.1
		|-- transition 1.0.3
		\-- trender 1.0.5
	- octolib 0.5.0.1
	- packetfixer 3.1.4
	- palladium 4.2.8
		|-- palladiumcore 1.0.1
		\-- playeranimator 1.0.2-rc1+1.20
	- particlerain 1.1.3
	- pehkui 3.8.2+1.20.1-forge
	- pet_cemetery 2.0.0
	- playerrevive 2.0.31
	- presencefootsteps 1.20.1-1.9.1-beta.1
	- puzzleslib 8.1.33
		\-- puzzlesaccessapi 20.1.1
	- radium 0.12.4+git.26c9d8e
	- relics 0.8.0.7
	- rhino 2001.2.3-build.10
	- rustic_engineer 1.1.3
	- the_knocker 1.5.0
	- toms_storage 1.7.1
	- toolbelt 1.20.02
	- travelersbackpack 9.1.40
	- webdisplays 2.0.1-1.20.1
	- xaerominimap 25.2.10
	- yungsapi 1.20-Forge-4.0.6
[26Sep2025 23:14:28.147] [main/DEBUG] [mixin/]: Selecting config puzzleslib.forge.mixins.json
[26Sep2025 23:14:28.150] [main/DEBUG] [mixin/]: Selecting config lodestone.mixins.json
[26Sep2025 23:14:28.153] [main/DEBUG] [mixin/]: Selecting config packetfixer.v1_18.forge.mixins.json
[26Sep2025 23:14:28.155] [main/DEBUG] [mixin/]: Selecting config packetfixer.v1_19.forge.mixins.json
[26Sep2025 23:14:28.158] [main/DEBUG] [mixin/]: Selecting config packetfixer.v1_19_3.forge.mixins.json
[26Sep2025 23:14:28.159] [main/DEBUG] [mixin/]: Selecting config packetfixer.v1_19_4.forge.mixins.json
[26Sep2025 23:14:28.168] [main/INFO] [dev.tonimatas.packetfixer.mixins.v1_19_4_forge.MixinPlugin/]: Packet Fixer forge 1.19.4-1.20.1 has been applied successfully.
[26Sep2025 23:14:28.170] [main/DEBUG] [mixin/]: Selecting config packetfixer.v1_20_2.forge.mixins.json
[26Sep2025 23:14:28.172] [main/DEBUG] [mixin/]: Selecting config playerrevive.mixins.json
[26Sep2025 23:14:28.173] [main/DEBUG] [mixin/]: Selecting config presencefootsteps.mixin.json
[26Sep2025 23:14:28.176] [main/DEBUG] [mixin/]: Selecting config mixinextras.init.mixins.json
[26Sep2025 23:14:28.179] [main/DEBUG] [mixin/]: Preparing lithium.mixins.json (220)
[26Sep2025 23:14:28.210] [main/WARN] [Radium Config/]: Force-disabling mixin 'ai.poi.fast_portals.PointOfInterestStorageMixin' as option 'mixin.ai.poi.fast_portals' (added by user configuration) disables it and children
[26Sep2025 23:14:28.212] [main/WARN] [Radium Config/]: Force-disabling mixin 'ai.poi.fast_portals.PortalForcerMixin' as option 'mixin.ai.poi.fast_portals' (added by user configuration) disables it and children
[26Sep2025 23:14:28.224] [main/WARN] [Radium Config/]: Force-disabling mixin 'alloc.blockstate.StateMixin' as option 'mixin.alloc.blockstate' (added by mods [ferritecore]) disables it and children
[26Sep2025 23:14:28.423] [main/DEBUG] [net.minecraftforge.coremod.transformer.CoreModBaseTransformer/COREMOD]: Transforming net/minecraft/world/entity/raid/Raid
[26Sep2025 23:14:28.902] [main/DEBUG] [mixin/]: @Mixin target net/minecraft/nbt/CompoundTag$1 is public in lithium.mixins.json:alloc.nbt.NbtCompoundMixin$Type and should be specified in value
[26Sep2025 23:14:28.985] [main/DEBUG] [net.minecraftforge.coremod.transformer.CoreModBaseTransformer/COREMOD]: Transforming net/minecraft/world/level/biome/Biome
[26Sep2025 23:14:29.012] [main/DEBUG] [mixin/]: Preparing rhino-common.mixins.json (8)
[26Sep2025 23:14:29.021] [main/DEBUG] [mixin/]: Preparing mowziesmobs.mixins.json (1)
[26Sep2025 23:14:29.024] [main/DEBUG] [mixin/]: Preparing mcef.mixins.json (4)
[26Sep2025 23:14:29.024] [main/DEBUG] [mixin/]: Preparing mutantmonsters.common.mixins.json (2)
[26Sep2025 23:14:29.026] [main/DEBUG] [mixin/]: Preparing amendments.mixins.json (6)
[26Sep2025 23:14:29.031] [main/WARN] [mixin/]: Error loading class: vectorwing/farmersdelight/common/block/StandingCanvasSignBlock (java.lang.ClassNotFoundException: vectorwing.farmersdelight.common.block.StandingCanvasSignBlock)
[26Sep2025 23:14:29.031] [main/DEBUG] [mixin/]: Skipping virtual target vectorwing.farmersdelight.common.block.StandingCanvasSignBlock for amendments.mixins.json:CompatFDSignBlockEntityMixin
[26Sep2025 23:14:29.034] [main/WARN] [mixin/]: Error loading class: vectorwing/farmersdelight/common/block/WallCanvasSignBlock (java.lang.ClassNotFoundException: vectorwing.farmersdelight.common.block.WallCanvasSignBlock)
[26Sep2025 23:14:29.034] [main/DEBUG] [mixin/]: Skipping virtual target vectorwing.farmersdelight.common.block.WallCanvasSignBlock for amendments.mixins.json:CompatFDWallSignBlockEntityMixin
[26Sep2025 23:14:29.035] [main/DEBUG] [mixin/]: Preparing amendments-common.mixins.json (46)
[26Sep2025 23:14:29.123] [main/DEBUG] [mixin/]: @Mixin target net/minecraft/world/level/block/WallHangingSignBlock is public in amendments-common.mixins.json:CeilingHangingSignBlockMixin and should be specified in value
[26Sep2025 23:14:29.123] [main/DEBUG] [mixin/]: @Mixin target net/minecraft/world/level/block/CeilingHangingSignBlock is public in amendments-common.mixins.json:CeilingHangingSignBlockMixin and should be specified in value
[26Sep2025 23:14:29.127] [main/DEBUG] [net.minecraftforge.coremod.transformer.CoreModBaseTransformer/COREMOD]: Transforming net/minecraft/world/level/block/FlowerPotBlock
[26Sep2025 23:14:29.148] [main/DEBUG] [mixin/]: @Mixin target net/minecraft/world/level/block/SkullBlock is public in amendments-common.mixins.json:SkullBlockMixin and should be specified in value
[26Sep2025 23:14:29.149] [main/DEBUG] [mixin/]: @Mixin target net/minecraft/world/level/block/WallSkullBlock is public in amendments-common.mixins.json:SkullBlockMixin and should be specified in value
[26Sep2025 23:14:29.151] [main/WARN] [mixin/]: Error loading class: net/mehvahdjukaar/supplementaries/common/entities/SlimeBallEntity (java.lang.ClassNotFoundException: net.mehvahdjukaar.supplementaries.common.entities.SlimeBallEntity)
[26Sep2025 23:14:29.151] [main/DEBUG] [mixin/]: Skipping virtual target net.mehvahdjukaar.supplementaries.common.entities.SlimeBallEntity for amendments-common.mixins.json:SlimeBallMixin
[26Sep2025 23:14:29.154] [main/DEBUG] [mixin/]: Preparing geckolib.mixins.json (1)
[26Sep2025 23:14:29.154] [main/DEBUG] [mixin/]: Preparing playerAnimator-common.mixins.json (14)
[26Sep2025 23:14:29.154] [main/DEBUG] [mixin/]: Preparing palladiumcore-common.mixins.json (1)
[26Sep2025 23:14:29.155] [main/DEBUG] [mixin/]: Preparing palladiumcore.mixins.json (3)
[26Sep2025 23:14:29.156] [main/DEBUG] [mixin/]: Preparing particlerain.mixins.json (6)
[26Sep2025 23:14:29.156] [main/DEBUG] [mixin/]: Preparing pehkui.mixins.json (280)
[26Sep2025 23:14:29.161] [main/DEBUG] [net.minecraftforge.versions.mcp.MCPVersion/CORE]: MCP Version package package net.minecraftforge.versions.mcp, Minecraft, version 1.20.1 from cpw.mods.modlauncher.TransformingClassLoader@26865482
[26Sep2025 23:14:29.162] [main/DEBUG] [net.minecraftforge.versions.mcp.MCPVersion/CORE]: Found MC version information 1.20.1
[26Sep2025 23:14:29.162] [main/DEBUG] [net.minecraftforge.versions.mcp.MCPVersion/CORE]: Found MCP version information 20230612.114412
[26Sep2025 23:14:29.323] [main/DEBUG] [net.minecraftforge.coremod.transformer.CoreModBaseTransformer/COREMOD]: Transforming net/minecraft/world/entity/monster/Evoker$EvokerSummonSpellGoal
[26Sep2025 23:14:29.341] [main/DEBUG] [net.minecraftforge.coremod.transformer.CoreModBaseTransformer/COREMOD]: Transforming net/minecraft/world/entity/npc/Villager
[26Sep2025 23:14:29.548] [main/DEBUG] [net.minecraftforge.coremod.transformer.CoreModBaseTransformer/COREMOD]: Transforming net/minecraft/world/entity/monster/Zombie
[26Sep2025 23:14:29.762] [main/DEBUG] [mixin/]: Preparing trender.mixins.json (3)
[26Sep2025 23:14:29.762] [main/DEBUG] [mixin/]: Preparing palladium-common.mixins.json (45)
[26Sep2025 23:14:29.792] [main/DEBUG] [mixin/]: Preparing palladium.mixins.json (5)
[26Sep2025 23:14:29.808] [main/DEBUG] [mixin/]: Preparing modernfix-common.mixins.json (109)
[26Sep2025 23:14:29.815] [main/DEBUG] [ModernFix/]: No rules matched mixin 'perf.compact_mojang_registries.MappedRegistryMixin', treating as foreign and disabling!
[26Sep2025 23:14:29.882] [main/DEBUG] [mixin/]: Preparing modernfix-forge.mixins.json (60)
[26Sep2025 23:14:29.925] [main/DEBUG] [mixin/]: Preparing citadel.mixins.json (16)
[26Sep2025 23:14:29.934] [main/DEBUG] [mixin/]: Preparing mixins.travelersbackpack.json (1)
[26Sep2025 23:14:29.934] [main/DEBUG] [mixin/]: Preparing yungsapi.mixins.json (11)
[26Sep2025 23:14:29.938] [main/DEBUG] [yungsapi/]: Loaded com.yungnickyoung.minecraft.yungsapi.services.ForgePlatformHelper@69fe7090 for service interface com.yungnickyoung.minecraft.yungsapi.services.IPlatformHelper
[26Sep2025 23:14:29.939] [main/DEBUG] [yungsapi/]: Loaded com.yungnickyoung.minecraft.yungsapi.services.ForgeAutoRegisterHelper@347123dc for service interface com.yungnickyoung.minecraft.yungsapi.services.IAutoRegisterHelper
[26Sep2025 23:14:29.940] [main/DEBUG] [yungsapi/]: Loaded com.yungnickyoung.minecraft.yungsapi.services.ForgeBlockEntityTypeHelper@618f627b for service interface com.yungnickyoung.minecraft.yungsapi.services.IBlockEntityTypeHelper
[26Sep2025 23:14:29.941] [main/DEBUG] [yungsapi/]: Loaded com.yungnickyoung.minecraft.yungsapi.services.ForgeParticleTypeHelper@70d5d96b for service interface com.yungnickyoung.minecraft.yungsapi.services.IParticleTypeHelper
[26Sep2025 23:14:29.951] [main/DEBUG] [mixin/]: Preparing yungsapi_forge.mixins.json (1)
[26Sep2025 23:14:29.953] [main/DEBUG] [mixin/]: Preparing relics.mixins.json (15)
[26Sep2025 23:14:29.962] [main/DEBUG] [net.minecraftforge.coremod.transformer.CoreModBaseTransformer/COREMOD]: Transforming net/minecraft/world/item/ItemStack
[26Sep2025 23:14:29.984] [main/ERROR] [net.minecraftforge.fml.loading.RuntimeDistCleaner/DISTXFORM]: Attempted to load class net/minecraft/client/gui/screens/Screen for invalid dist DEDICATED_SERVER
[26Sep2025 23:14:29.986] [main/WARN] [mixin/]: Error loading class: net/minecraft/client/gui/screens/Screen (java.lang.RuntimeException: Attempted to load class net/minecraft/client/gui/screens/Screen for invalid dist DEDICATED_SERVER)
[26Sep2025 23:14:29.987] [main/WARN] [mixin/]: @Mixin target net.minecraft.client.gui.screens.Screen was not found relics.mixins.json:ScreenMixin
[26Sep2025 23:14:29.987] [main/DEBUG] [mixin/]: Preparing iceandfire.mixins.json (2)
[26Sep2025 23:14:29.988] [main/DEBUG] [mixin/]: Preparing blueprint.mixins.json (34)
[26Sep2025 23:14:30.005] [main/DEBUG] [net.minecraftforge.coremod.transformer.CoreModBaseTransformer/COREMOD]: Transforming net/minecraft/world/level/levelgen/structure/templatesystem/StructureTemplate
[26Sep2025 23:14:30.155] [main/DEBUG] [mixin/]: Preparing carryon.mixins.json (5)
[26Sep2025 23:14:30.157] [main/DEBUG] [mixin/]: Preparing carryon.forge.mixins.json (0)
[26Sep2025 23:14:30.158] [main/DEBUG] [mixin/]: Preparing puzzlesaccessapi.common.mixins.json (0)
[26Sep2025 23:14:30.158] [main/DEBUG] [mixin/]: Preparing puzzlesaccessapi.forge.mixins.json (0)
[26Sep2025 23:14:30.158] [main/DEBUG] [mixin/]: Preparing extensibleenums.common.mixins.json (0)
[26Sep2025 23:14:30.158] [main/DEBUG] [mixin/]: Preparing extensibleenums.forge.mixins.json (0)
[26Sep2025 23:14:30.158] [main/DEBUG] [mixin/]: Preparing embeddium.mixins.json (0)
[26Sep2025 23:14:30.159] [main/DEBUG] [mixin/]: Preparing webdisplays.mixins.json (2)
[26Sep2025 23:14:30.159] [main/DEBUG] [mixin/]: Preparing hoppergadgetry.common.mixins.json (1)
[26Sep2025 23:14:30.159] [main/DEBUG] [mixin/]: Preparing hoppergadgetry.forge.mixins.json (0)
[26Sep2025 23:14:30.159] [main/DEBUG] [mixin/]: Preparing moonlight-common.mixins.json (38)
[26Sep2025 23:14:30.193] [main/DEBUG] [mixin/]: Preparing moonlight.mixins.json (12)
[26Sep2025 23:14:30.200] [main/DEBUG] [mixin/]: Preparing mixins.mofus_better_end_.json (6)
[26Sep2025 23:14:30.206] [main/DEBUG] [mixin/]: Preparing creativecore.mixins.json (8)
[26Sep2025 23:14:30.210] [main/DEBUG] [mixin/]: Preparing creativecore.forge.mixins.json (3)
[26Sep2025 23:14:30.211] [main/DEBUG] [mixin/]: Preparing alienevo-common.mixins.json (2)
[26Sep2025 23:14:30.211] [main/DEBUG] [mixin/]: Preparing alienevo.mixins.json (0)
[26Sep2025 23:14:30.211] [main/DEBUG] [mixin/]: Preparing notenoughanimations.mixins.json (12)
[26Sep2025 23:14:30.211] [main/DEBUG] [mixin/]: Preparing curios.mixins.json (13)
[26Sep2025 23:14:30.217] [main/DEBUG] [mixin/]: Preparing xaerohud.mixins.json (22)
[26Sep2025 23:14:30.218] [main/DEBUG] [mixin/]: Preparing xaerohud.forge.mixins.json (0)
[26Sep2025 23:14:30.218] [main/DEBUG] [mixin/]: Preparing xaerominimap.mixins.json (0)
[26Sep2025 23:14:30.218] [main/DEBUG] [mixin/]: Preparing xaerominimap.forge.mixins.json (0)
[26Sep2025 23:14:30.218] [main/DEBUG] [mixin/]: Preparing pet_cemetery.mixins.json (2)
[26Sep2025 23:14:30.220] [main/DEBUG] [mixin/]: Preparing bettervillage.mixins.json (2)
[26Sep2025 23:14:30.221] [main/DEBUG] [mixin/]: Preparing cfm.mixins.json (2)
[26Sep2025 23:14:30.222] [main/DEBUG] [mixin/]: Preparing architectury.mixins.json (9)
[26Sep2025 23:14:30.226] [main/DEBUG] [mixin/]: Preparing architectury-common.mixins.json (10)
[26Sep2025 23:14:30.228] [main/DEBUG] [net.minecraftforge.coremod.transformer.CoreModBaseTransformer/COREMOD]: Transforming net/minecraft/world/item/BucketItem
[26Sep2025 23:14:30.237] [main/DEBUG] [net.minecraftforge.coremod.transformer.CoreModBaseTransformer/COREMOD]: Transforming net/minecraft/world/entity/EntityType
[26Sep2025 23:14:30.307] [main/DEBUG] [net.minecraftforge.coremod.transformer.CoreModBaseTransformer/COREMOD]: Transforming net/minecraft/world/level/block/LiquidBlock
[26Sep2025 23:14:30.311] [main/DEBUG] [mixin/]: Preparing kubejs-forge.mixins.json (7)
[26Sep2025 23:14:30.315] [main/DEBUG] [mixin/]: Preparing kubejs-common.mixins.json (55)
[26Sep2025 23:14:30.331] [main/DEBUG] [mixin/]: @Mixin target net/minecraft/world/item/crafting/Ingredient$TagValue is public in kubejs-common.mixins.json:IngredientTagValueMixin and should be specified in value
[26Sep2025 23:14:30.335] [main/DEBUG] [mixin/]: Preparing ferritecore.predicates.mixin.json (3)
[26Sep2025 23:14:30.336] [main/DEBUG] [mixin/]: Preparing ferritecore.fastmap.mixin.json (1)
[26Sep2025 23:14:30.337] [main/DEBUG] [mixin/]: Preparing ferritecore.mrl.mixin.json (2)
[26Sep2025 23:14:30.337] [main/DEBUG] [mixin/]: Preparing ferritecore.dedupmultipart.mixin.json (2)
[26Sep2025 23:14:30.337] [main/DEBUG] [mixin/]: Preparing ferritecore.blockstatecache.mixin.json (8)
[26Sep2025 23:14:30.340] [main/DEBUG] [mixin/]: @Mixin target net/minecraft/world/level/block/state/BlockBehaviour$BlockStateBase$Cache is public in ferritecore.blockstatecache.mixin.json:BlockStateCacheMixin and should be specified in value
[26Sep2025 23:14:30.341] [main/DEBUG] [mixin/]: Preparing ferritecore.dedupbakedquad.mixin.json (2)
[26Sep2025 23:14:30.341] [main/DEBUG] [mixin/]: Preparing ferritecore.threaddetec.mixin.json (1)
[26Sep2025 23:14:30.341] [main/DEBUG] [mixin/]: Preparing ferritecore.modelsides.mixin.json (1)
[26Sep2025 23:14:30.341] [main/DEBUG] [mixin/]: Preparing transition.mixins.json (3)
[26Sep2025 23:14:30.341] [main/DEBUG] [mixin/]: Preparing betterendisland.mixins.json (9)
[26Sep2025 23:14:30.349] [main/DEBUG] [mixin/]: Preparing betterendisland_forge.mixins.json (0)
[26Sep2025 23:14:30.349] [main/DEBUG] [mixin/]: Preparing puzzleslib.common.mixins.json (7)
[26Sep2025 23:14:30.350] [main/DEBUG] [mixin/]: Preparing puzzleslib.forge.mixins.json (13)
[26Sep2025 23:14:30.356] [main/DEBUG] [mixin/]: Preparing lodestone.mixins.json (16)
[26Sep2025 23:14:30.357] [main/DEBUG] [mixin/]: Preparing packetfixer.v1_18.forge.mixins.json (13)
[26Sep2025 23:14:30.360] [main/DEBUG] [mixin/]: Preparing packetfixer.v1_19.forge.mixins.json (13)
[26Sep2025 23:14:30.363] [main/DEBUG] [mixin/]: Preparing packetfixer.v1_19_3.forge.mixins.json (13)
[26Sep2025 23:14:30.365] [main/DEBUG] [mixin/]: Preparing packetfixer.v1_19_4.forge.mixins.json (13)
[26Sep2025 23:14:30.377] [main/DEBUG] [mixin/]: Preparing packetfixer.v1_20_2.forge.mixins.json (15)
[26Sep2025 23:14:30.380] [main/DEBUG] [mixin/]: Preparing playerrevive.mixins.json (5)
[26Sep2025 23:14:30.382] [main/DEBUG] [mixin/]: Preparing presencefootsteps.mixin.json (5)
[26Sep2025 23:14:30.382] [main/DEBUG] [mixin/]: Preparing mixinextras.init.mixins.json (0)
[26Sep2025 23:14:30.397] [main/DEBUG] [mixin/]: Inner class me/jellysquid/mods/lithium/mixin/ai/poi/SerializingRegionBasedStorageMixin$1 in me/jellysquid/mods/lithium/mixin/ai/poi/SerializingRegionBasedStorageMixin on net/minecraft/world/level/chunk/storage/SectionStorage gets unique name net/minecraft/world/level/chunk/storage/SectionStorage$Anonymous$f3fa654173164a068779c462c19bb539
[26Sep2025 23:14:30.406] [main/DEBUG] [mixin/]: Inner class me/jellysquid/mods/lithium/mixin/chunk/palette/PalettedContainerMixin$2 in me/jellysquid/mods/lithium/mixin/chunk/palette/PalettedContainerMixin on net/minecraft/world/level/chunk/PalettedContainer$Strategy gets unique name net/minecraft/world/level/chunk/PalettedContainer$Strategy$Anonymous$4d4dd7db82d0452197f35bedbb4b65b9
[26Sep2025 23:14:30.407] [main/DEBUG] [mixin/]: Inner class me/jellysquid/mods/lithium/mixin/chunk/palette/PalettedContainerMixin$1 in me/jellysquid/mods/lithium/mixin/chunk/palette/PalettedContainerMixin on net/minecraft/world/level/chunk/PalettedContainer$Strategy gets unique name net/minecraft/world/level/chunk/PalettedContainer$Strategy$Anonymous$6f40347955894a32ba4bd38d51dee79e
[26Sep2025 23:14:30.458] [main/DEBUG] [mixin/]: Inner class net/threetag/palladium/mixin/AbstractContainerMenuMixin$1 in net/threetag/palladium/mixin/AbstractContainerMenuMixin on net/minecraft/world/inventory/AbstractContainerMenu gets unique name net/minecraft/world/inventory/AbstractContainerMenu$Anonymous$a75b7fcb4b1d4124af5da1ef558b0feb
[26Sep2025 23:14:30.532] [main/DEBUG] [mixin/]: Inner class dev/latvian/mods/kubejs/core/mixin/common/GameRulesMixin$1 in dev/latvian/mods/kubejs/core/mixin/common/GameRulesMixin on net/minecraft/world/level/GameRules gets unique name net/minecraft/world/level/GameRules$Anonymous$13aceadab9f54ca383ab3ac7958a812b
[26Sep2025 23:14:30.549] [main/DEBUG] [mixin/]: Prepared 668 mixins in 2.928 sec (4.4ms avg) (0ms load, 0ms transform, 0ms plugin)
[26Sep2025 23:14:30.558] [main/INFO] [MixinExtras|Service/]: Initializing MixinExtras via com.llamalad7.mixinextras.service.MixinExtrasServiceImpl(version=0.5.0).
[26Sep2025 23:14:30.559] [main/DEBUG] [mixin/]: Registering new injector for @SugarWrapper with com.llamalad7.mixinextras.sugar.impl.SugarWrapperInjectionInfo
[26Sep2025 23:14:30.560] [main/DEBUG] [mixin/]: Registering new injector for @FactoryRedirectWrapper with com.llamalad7.mixinextras.wrapper.factory.FactoryRedirectWrapperInjectionInfo
[26Sep2025 23:14:30.560] [main/DEBUG] [mixin/]: Registering new injector for @ExpressionInjectorWrapper with com.llamalad7.mixinextras.expression.impl.wrapper.ExpressionInjectorWrapperInjectionInfo
[26Sep2025 23:14:30.573] [main/DEBUG] [mixin/]: Mixing perf.fix_loop_spin_waiting.MinecraftServerMixin from modernfix-common.mixins.json into net.minecraft.server.MinecraftServer
[26Sep2025 23:14:30.587] [main/DEBUG] [mixin/]: Mixing core.MinecraftServerMixin from modernfix-common.mixins.json into net.minecraft.server.MinecraftServer
[26Sep2025 23:14:30.591] [main/DEBUG] [mixin/]: Mixing perf.dedicated_reload_executor.MinecraftServerMixin from modernfix-common.mixins.json into net.minecraft.server.MinecraftServer
[26Sep2025 23:14:30.595] [main/DEBUG] [mixin/]: Mixing core.MinecraftServerMixin from modernfix-forge.mixins.json into net.minecraft.server.MinecraftServer
[26Sep2025 23:14:30.595] [main/DEBUG] [mixin/]: Renaming synthetic method lambda$mfix$endReloadTrack$0(Ljava/lang/Void;)V to md139335$lambda$mfix$endReloadTrack$0$0 in modernfix-forge.mixins.json:core.MinecraftServerMixin
[26Sep2025 23:14:30.600] [main/DEBUG] [mixin/]: Mixing MinecraftServerMixin from citadel.mixins.json into net.minecraft.server.MinecraftServer
[26Sep2025 23:14:30.605] [main/DEBUG] [mixin/]: Mixing MinecraftServerMixin from blueprint.mixins.json into net.minecraft.server.MinecraftServer
[26Sep2025 23:14:30.609] [main/DEBUG] [mixin/]: Mixing MixinMinecraftServer from xaerohud.mixins.json into net.minecraft.server.MinecraftServer
[26Sep2025 23:14:30.611] [main/DEBUG] [mixin/]: Mixing MinecraftServerMixin from kubejs-common.mixins.json into net.minecraft.server.MinecraftServer
[26Sep2025 23:14:30.625] [main/DEBUG] [mixin/]: Renaming synthetic method lambda$kjs$endResourceReload$1()V to md139335$lambda$kjs$endResourceReload$1$1 in kubejs-common.mixins.json:MinecraftServerMixin
[26Sep2025 23:14:30.626] [main/DEBUG] [mixin/]: Renaming synthetic method lambda$kjs$init$0()V to md139335$lambda$kjs$init$0$2 in kubejs-common.mixins.json:MinecraftServerMixin
[26Sep2025 23:14:30.650] [main/DEBUG] [mixin/]: Mixing inject_resources.MinecraftServerMixin from kubejs-common.mixins.json into net.minecraft.server.MinecraftServer
[26Sep2025 23:14:30.756] [main/DEBUG] [net.minecraftforge.coremod.transformer.CoreModBaseTransformer/COREMOD]: Transforming net/minecraft/world/level/levelgen/PhantomSpawner
[26Sep2025 23:14:30.777] [main/DEBUG] [net.minecraftforge.coremod.transformer.CoreModBaseTransformer/COREMOD]: Transforming net/minecraft/world/level/levelgen/PatrolSpawner
[26Sep2025 23:14:30.798] [main/DEBUG] [net.minecraftforge.coremod.transformer.CoreModBaseTransformer/COREMOD]: Transforming net/minecraft/world/entity/npc/CatSpawner
[26Sep2025 23:14:30.812] [main/DEBUG] [net.minecraftforge.coremod.transformer.CoreModBaseTransformer/COREMOD]: Transforming net/minecraft/world/entity/ai/village/VillageSiege
[26Sep2025 23:14:30.974] [main/DEBUG] [mixin/]: Mixing GameTestServerMixin from blueprint.mixins.json into net.minecraft.gametest.framework.GameTestServer
[26Sep2025 23:14:30.980] [main/DEBUG] [mixin/]: Mixing DedicatedServerMixin from blueprint.mixins.json into net.minecraft.server.dedicated.DedicatedServer
[26Sep2025 23:14:30.990] [main/DEBUG] [io.netty.util.internal.logging.InternalLoggerFactory/]: Using SLF4J as the default logging framework
[26Sep2025 23:14:30.992] [main/DEBUG] [io.netty.util.ResourceLeakDetector/]: -Dio.netty.leakDetection.level: simple
[26Sep2025 23:14:30.992] [main/DEBUG] [io.netty.util.ResourceLeakDetector/]: -Dio.netty.leakDetection.targetRecords: 4
[26Sep2025 23:14:31.005] [main/DEBUG] [mixin/]: Mixing components.MutableComponentMixin from kubejs-common.mixins.json into net.minecraft.network.chat.MutableComponent
[26Sep2025 23:14:31.017] [main/DEBUG] [mixin/]: Mixing TextColorMixin from rhino-common.mixins.json into net.minecraft.network.chat.TextColor
[26Sep2025 23:14:31.035] [main/DEBUG] [mixin/]: Mixing ChatFormattingMixin from rhino-common.mixins.json into net.minecraft.ChatFormatting
[26Sep2025 23:14:31.081] [main/DEBUG] [mixin/]: Mixing perf.tag_id_caching.TagOrElementLocationMixin from modernfix-forge.mixins.json into net.minecraft.util.ExtraCodecs$TagOrElementLocation
[26Sep2025 23:14:31.082] [main/WARN] [mixin/]: Static binding violation: PRIVATE @Overwrite method m_216202_ in modernfix-forge.mixins.json:perf.tag_id_caching.TagOrElementLocationMixin cannot reduce visibiliy of PUBLIC target method, visibility will be upgraded.
[26Sep2025 23:14:31.146] [main/DEBUG] [mixin/]: Mixing ResourceLocationMixin from rhino-common.mixins.json into net.minecraft.resources.ResourceLocation
[26Sep2025 23:14:31.188] [main/DEBUG] [oshi.util.FileUtil/]: No oshi.properties file found from ClassLoader cpw.mods.modlauncher.TransformingClassLoader@26865482
[26Sep2025 23:14:31.189] [main/DEBUG] [oshi.util.FileUtil/]: No oshi.properties file found from ClassLoader jdk.internal.loader.ClassLoaders$AppClassLoader@76ed5528
[26Sep2025 23:14:31.229] [main/DEBUG] [oshi.util.FileUtil/]: Reading file /proc/self/auxv
[26Sep2025 23:14:31.230] [main/DEBUG] [oshi.util.FileUtil/]: Reading file /proc/self/auxv
[26Sep2025 23:14:31.235] [main/DEBUG] [oshi.util.FileUtil/]: Reading file /proc/stat
[26Sep2025 23:14:31.242] [main/DEBUG] [oshi.util.FileUtil/]: Reading file /sys/devices/system/cpu/cpu0/topology/core_id
[26Sep2025 23:14:31.243] [main/DEBUG] [oshi.util.FileUtil/]: Reading file /sys/devices/system/cpu/cpu0/topology/core_id
[26Sep2025 23:14:31.243] [main/DEBUG] [oshi.util.FileUtil/]: Reading file /sys/devices/system/cpu/cpu0/topology/physical_package_id
[26Sep2025 23:14:31.243] [main/DEBUG] [oshi.util.FileUtil/]: Reading file /sys/devices/system/cpu/cpu0/topology/physical_package_id
[26Sep2025 23:14:31.243] [main/DEBUG] [oshi.util.FileUtil/]: Reading file /sys/devices/system/cpu/cpu0/cpu_capacity
[26Sep2025 23:14:31.245] [main/DEBUG] [oshi.util.FileUtil/]: Reading file /sys/devices/system/cpu/cpu1/topology/core_id
[26Sep2025 23:14:31.245] [main/DEBUG] [oshi.util.FileUtil/]: Reading file /sys/devices/system/cpu/cpu1/topology/core_id
[26Sep2025 23:14:31.245] [main/DEBUG] [oshi.util.FileUtil/]: Reading file /sys/devices/system/cpu/cpu1/topology/physical_package_id
[26Sep2025 23:14:31.245] [main/DEBUG] [oshi.util.FileUtil/]: Reading file /sys/devices/system/cpu/cpu1/topology/physical_package_id
[26Sep2025 23:14:31.245] [main/DEBUG] [oshi.util.FileUtil/]: Reading file /sys/devices/system/cpu/cpu1/cpu_capacity
[26Sep2025 23:14:31.246] [main/DEBUG] [oshi.util.FileUtil/]: Reading file /sys/devices/system/cpu/cpu2/topology/core_id
[26Sep2025 23:14:31.246] [main/DEBUG] [oshi.util.FileUtil/]: Reading file /sys/devices/system/cpu/cpu2/topology/core_id
[26Sep2025 23:14:31.246] [main/DEBUG] [oshi.util.FileUtil/]: Reading file /sys/devices/system/cpu/cpu2/topology/physical_package_id
[26Sep2025 23:14:31.246] [main/DEBUG] [oshi.util.FileUtil/]: Reading file /sys/devices/system/cpu/cpu2/topology/physical_package_id
[26Sep2025 23:14:31.246] [main/DEBUG] [oshi.util.FileUtil/]: Reading file /sys/devices/system/cpu/cpu2/cpu_capacity
[26Sep2025 23:14:31.248] [main/DEBUG] [oshi.util.FileUtil/]: Reading file /sys/devices/system/cpu/cpu3/topology/core_id
[26Sep2025 23:14:31.248] [main/DEBUG] [oshi.util.FileUtil/]: Reading file /sys/devices/system/cpu/cpu3/topology/core_id
[26Sep2025 23:14:31.248] [main/DEBUG] [oshi.util.FileUtil/]: Reading file /sys/devices/system/cpu/cpu3/topology/physical_package_id
[26Sep2025 23:14:31.249] [main/DEBUG] [oshi.util.FileUtil/]: Reading file /sys/devices/system/cpu/cpu3/topology/physical_package_id
[26Sep2025 23:14:31.249] [main/DEBUG] [oshi.util.FileUtil/]: Reading file /sys/devices/system/cpu/cpu3/cpu_capacity
[26Sep2025 23:14:31.250] [main/DEBUG] [oshi.util.FileUtil/]: Reading file /proc/cpuinfo
[26Sep2025 23:14:31.261] [main/DEBUG] [oshi.util.FileUtil/]: Reading file /proc/self/auxv
[26Sep2025 23:14:31.265] [main/DEBUG] [oshi.util.FileUtil/]: No oshi.architecture.properties file found from ClassLoader cpw.mods.modlauncher.TransformingClassLoader@26865482
[26Sep2025 23:14:31.265] [main/DEBUG] [oshi.util.FileUtil/]: No oshi.architecture.properties file found from ClassLoader jdk.internal.loader.ClassLoaders$AppClassLoader@76ed5528
[26Sep2025 23:14:31.284] [main/DEBUG] [oshi.util.FileUtil/]: Reading file /proc/meminfo
[26Sep2025 23:14:31.285] [main/DEBUG] [oshi.util.FileUtil/]: Reading file /proc/meminfo
[26Sep2025 23:14:31.291] [main/DEBUG] [mixin/]: Mixing perf.thread_priorities.UtilMixin from modernfix-common.mixins.json into net.minecraft.Util
[26Sep2025 23:14:31.291] [main/DEBUG] [mixin/]: Renaming synthetic method lambda$adjustPriorityOfThreadFactory$0(Ljava/util/concurrent/ForkJoinPool$ForkJoinWorkerThreadFactory;Ljava/util/concurrent/ForkJoinPool;)Ljava/util/concurrent/ForkJoinWorkerThread; to md139335$lambda$adjustPriorityOfThreadFactory$0$0 in modernfix-common.mixins.json:perf.thread_priorities.UtilMixin
[26Sep2025 23:14:31.293] [main/DEBUG] [mixin/]: Mixing UtilMixin from kubejs-common.mixins.json into net.minecraft.Util
[26Sep2025 23:14:31.313] [main/DEBUG] [mixin/]: Mixing math.sine_lut.MixinMathHelper from lithium.mixins.json into net.minecraft.util.Mth
[26Sep2025 23:14:31.313] [main/DEBUG] [mixin/]: lithium.mixins.json:math.sine_lut.MixinMathHelper: Class version 61 required is higher than the class version supported by the current version of Mixin (JAVA_16 supports class version 60)
[26Sep2025 23:14:31.350] [main/DEBUG] [mixin/]: Mixing feature.measure_time.BootstrapMixin from modernfix-common.mixins.json into net.minecraft.server.Bootstrap
[26Sep2025 23:14:31.355] [main/DEBUG] [mixin/]: Mixing core.BootstrapMixin from modernfix-forge.mixins.json into net.minecraft.server.Bootstrap
[26Sep2025 23:14:31.372] [main/INFO] [net.minecraft.server.Bootstrap/]: ModernFix reached bootstrap stage (10.37 s after launch)
[26Sep2025 23:14:31.381] [main/DEBUG] [mixin/]: Mixing bugfix.concurrency.MappedRegistryMixin from modernfix-common.mixins.json into net.minecraft.core.MappedRegistry
[26Sep2025 23:14:31.385] [main/DEBUG] [mixin/]: Mixing perf.mojang_registry_size.MappedRegistryMixin from modernfix-common.mixins.json into net.minecraft.core.MappedRegistry
[26Sep2025 23:14:31.413] [main/DEBUG] [mixin/]: Mixing perf.mojang_registry_size.ResourceKeyMixin from modernfix-common.mixins.json into net.minecraft.resources.ResourceKey
[26Sep2025 23:14:31.413] [main/DEBUG] [mixin/]: Renaming synthetic method lambda$createEfficient$0(Lnet/minecraft/resources/ResourceLocation;)Ljava/util/Map; to md139335$lambda$createEfficient$0$0 in modernfix-common.mixins.json:perf.mojang_registry_size.ResourceKeyMixin
[26Sep2025 23:14:31.420] [main/DEBUG] [mixin/]: Mixing ResourceKeyMixin from rhino-common.mixins.json into net.minecraft.resources.ResourceKey
[26Sep2025 23:14:31.452] [main/DEBUG] [mixin/]: Mixing inject.MixinGameEvent from architectury-common.mixins.json into net.minecraft.world.level.gameevent.GameEvent
[26Sep2025 23:14:31.467] [main/DEBUG] [mixin/]: Mixing perf.reduce_blockstate_cache_rebuilds.GameDataMixin from modernfix-forge.mixins.json into net.minecraftforge.registries.GameData
[26Sep2025 23:14:31.483] [main/DEBUG] [mixin/]: Mixing perf.fast_registry_validation.ForgeRegistryMixin from modernfix-forge.mixins.json into net.minecraftforge.registries.ForgeRegistry
[26Sep2025 23:14:31.487] [main/DEBUG] [mixin/]: Mixing perf.forge_registry_alloc.ForgeRegistryMixin from modernfix-forge.mixins.json into net.minecraftforge.registries.ForgeRegistry
[26Sep2025 23:14:31.496] [main/DEBUG] [mixin/]: Mixing accessor.ForgeRegistryForgeAccessor from puzzleslib.forge.mixins.json into net.minecraftforge.registries.ForgeRegistry
[26Sep2025 23:14:31.505] [main/WARN] [mixin/]: @Final field delegatesByName:Ljava/util/Map; in modernfix-forge.mixins.json:perf.forge_registry_alloc.ForgeRegistryMixin should be final
[26Sep2025 23:14:31.506] [main/WARN] [mixin/]: @Final field delegatesByValue:Ljava/util/Map; in modernfix-forge.mixins.json:perf.forge_registry_alloc.ForgeRegistryMixin should be final
[26Sep2025 23:14:31.529] [main/DEBUG] [mixin/]: Mixing perf.reduce_blockstate_cache_rebuilds.BlockCallbacksMixin from modernfix-forge.mixins.json into net.minecraftforge.registries.GameData$BlockCallbacks
[26Sep2025 23:14:31.536] [main/DEBUG] [mixin/]: Mixing ai.pathing.MixinBlock from lithium.mixins.json into net.minecraft.world.level.block.Block
[26Sep2025 23:14:31.536] [main/DEBUG] [mixin/]: lithium.mixins.json:ai.pathing.MixinBlock: Class version 61 required is higher than the class version supported by the current version of Mixin (JAVA_16 supports class version 60)
[26Sep2025 23:14:31.537] [main/DEBUG] [mixin/]: Mixing shapes.blockstate_cache.BlockMixin from lithium.mixins.json into net.minecraft.world.level.block.Block
[26Sep2025 23:14:31.538] [main/DEBUG] [mixin/]: lithium.mixins.json:shapes.blockstate_cache.BlockMixin: Class version 61 required is higher than the class version supported by the current version of Mixin (JAVA_16 supports class version 60)
[26Sep2025 23:14:31.538] [main/DEBUG] [mixin/]: Renaming synthetic method lambda$static$0(Lnet/minecraft/world/phys/shapes/VoxelShape;)Z to md139335$lambda$static$0$0 in lithium.mixins.json:shapes.blockstate_cache.BlockMixin
[26Sep2025 23:14:31.539] [main/DEBUG] [mixin/]: Mixing perf.forge_registry_alloc.DelegateHolderMixin from modernfix-forge.mixins.json into net.minecraft.world.level.block.Block
[26Sep2025 23:14:31.540] [main/DEBUG] [mixin/]: Mixing inject.MixinBlock from architectury-common.mixins.json into net.minecraft.world.level.block.Block
[26Sep2025 23:14:31.541] [main/DEBUG] [mixin/]: Mixing BlockMixin from kubejs-common.mixins.json into net.minecraft.world.level.block.Block
[26Sep2025 23:14:31.541] [main/DEBUG] [mixin/]: Mixing accessor.BlockAccessor from puzzleslib.common.mixins.json into net.minecraft.world.level.block.Block
[26Sep2025 23:14:31.561] [main/DEBUG] [mixin/]: Mixing BlockBehaviourMixin from kubejs-common.mixins.json into net.minecraft.world.level.block.state.BlockBehaviour
[26Sep2025 23:14:31.589] [main/DEBUG] [mixin/]: Mixing alloc.chunk_random.WorldMixin from lithium.mixins.json into net.minecraft.world.level.Level
[26Sep2025 23:14:31.590] [main/DEBUG] [mixin/]: lithium.mixins.json:alloc.chunk_random.WorldMixin: Class version 61 required is higher than the class version supported by the current version of Mixin (JAVA_16 supports class version 60)
[26Sep2025 23:14:31.591] [main/DEBUG] [mixin/]: Mixing entity.collisions.intersection.WorldMixin from lithium.mixins.json into net.minecraft.world.level.Level
[26Sep2025 23:14:31.591] [main/DEBUG] [mixin/]: lithium.mixins.json:entity.collisions.intersection.WorldMixin: Class version 61 required is higher than the class version supported by the current version of Mixin (JAVA_16 supports class version 60)
[26Sep2025 23:14:31.596] [main/DEBUG] [mixin/]: Mixing util.block_entity_retrieval.WorldMixin from lithium.mixins.json into net.minecraft.world.level.Level
[26Sep2025 23:14:31.597] [main/DEBUG] [mixin/]: lithium.mixins.json:util.block_entity_retrieval.WorldMixin: Class version 61 required is higher than the class version supported by the current version of Mixin (JAVA_16 supports class version 60)
[26Sep2025 23:14:31.603] [main/DEBUG] [mixin/]: Mixing util.block_tracking.block_listening.WorldMixin from lithium.mixins.json into net.minecraft.world.level.Level
[26Sep2025 23:14:31.603] [main/DEBUG] [mixin/]: lithium.mixins.json:util.block_tracking.block_listening.WorldMixin: Class version 61 required is higher than the class version supported by the current version of Mixin (JAVA_16 supports class version 60)
[26Sep2025 23:14:31.605] [main/DEBUG] [mixin/]: Mixing world.chunk_access.WorldMixin from lithium.mixins.json into net.minecraft.world.level.Level
[26Sep2025 23:14:31.605] [main/DEBUG] [mixin/]: lithium.mixins.json:world.chunk_access.WorldMixin: Class version 61 required is higher than the class version supported by the current version of Mixin (JAVA_16 supports class version 60)
[26Sep2025 23:14:31.607] [main/DEBUG] [mixin/]: Mixing world.inline_block_access.WorldMixin from lithium.mixins.json into net.minecraft.world.level.Level
[26Sep2025 23:14:31.607] [main/DEBUG] [mixin/]: lithium.mixins.json:world.inline_block_access.WorldMixin: Class version 61 required is higher than the class version supported by the current version of Mixin (JAVA_16 supports class version 60)
[26Sep2025 23:14:31.610] [main/DEBUG] [mixin/]: Mixing world.inline_height.WorldMixin from lithium.mixins.json into net.minecraft.world.level.Level
[26Sep2025 23:14:31.610] [main/DEBUG] [mixin/]: lithium.mixins.json:world.inline_height.WorldMixin: Class version 61 required is higher than the class version supported by the current version of Mixin (JAVA_16 supports class version 60)
[26Sep2025 23:14:31.615] [main/DEBUG] [mixin/]: Mixing LevelMixin from citadel.mixins.json into net.minecraft.world.level.Level
[26Sep2025 23:14:31.617] [main/DEBUG] [mixin/]: Mixing LevelMixin from kubejs-common.mixins.json into net.minecraft.world.level.Level
[26Sep2025 23:14:31.649] [main/DEBUG] [mixin/]: Mixing util.chunk_access.WorldViewMixin from lithium.mixins.json into net.minecraft.world.level.LevelReader
[26Sep2025 23:14:31.650] [main/DEBUG] [mixin/]: lithium.mixins.json:util.chunk_access.WorldViewMixin: Class version 61 required is higher than the class version supported by the current version of Mixin (JAVA_16 supports class version 60)
[26Sep2025 23:14:31.661] [main/DEBUG] [mixin/]: Mixing CapabilityProviderMixin from palladium.mixins.json into net.minecraftforge.common.capabilities.CapabilityProvider
[26Sep2025 23:14:31.661] [main/DEBUG] [mixin/]: Renaming synthetic method lambda$getCapability$0(Lnet/threetag/palladium/energy/IEnergyStorage;)Lnet/minecraftforge/energy/IEnergyStorage; to md139335$lambda$getCapability$0$0 in palladium.mixins.json:CapabilityProviderMixin
[26Sep2025 23:14:31.670] [main/DEBUG] [mixin/]: Mixing ServerLevelMixin from betterendisland.mixins.json into net.minecraft.server.level.ServerLevel
[26Sep2025 23:14:31.680] [main/DEBUG] [mixin/]: Mixing alloc.chunk_random.ServerWorldMixin from lithium.mixins.json into net.minecraft.server.level.ServerLevel
[26Sep2025 23:14:31.681] [main/DEBUG] [mixin/]: lithium.mixins.json:alloc.chunk_random.ServerWorldMixin: Class version 61 required is higher than the class version supported by the current version of Mixin (JAVA_16 supports class version 60)
[26Sep2025 23:14:31.682] [main/DEBUG] [mixin/]: Mixing chunk.entity_class_groups.ServerWorldAccessor from lithium.mixins.json into net.minecraft.server.level.ServerLevel
[26Sep2025 23:14:31.682] [main/DEBUG] [mixin/]: lithium.mixins.json:chunk.entity_class_groups.ServerWorldAccessor: Class version 61 required is higher than the class version supported by the current version of Mixin (JAVA_16 supports class version 60)
[26Sep2025 23:14:31.683] [main/DEBUG] [mixin/]: Mixing entity.inactive_navigations.ServerWorldMixin from lithium.mixins.json into net.minecraft.server.level.ServerLevel
[26Sep2025 23:14:31.683] [main/DEBUG] [mixin/]: lithium.mixins.json:entity.inactive_navigations.ServerWorldMixin: Class version 61 required is higher than the class version supported by the current version of Mixin (JAVA_16 supports class version 60)
[26Sep2025 23:14:31.691] [main/DEBUG] [mixin/]: Mixing profiler.ServerWorldMixin from lithium.mixins.json into net.minecraft.server.level.ServerLevel
[26Sep2025 23:14:31.691] [main/DEBUG] [mixin/]: lithium.mixins.json:profiler.ServerWorldMixin: Class version 61 required is higher than the class version supported by the current version of Mixin (JAVA_16 supports class version 60)
[26Sep2025 23:14:31.692] [main/DEBUG] [mixin/]: Mixing util.entity_movement_tracking.ServerWorldAccessor from lithium.mixins.json into net.minecraft.server.level.ServerLevel
[26Sep2025 23:14:31.692] [main/DEBUG] [mixin/]: lithium.mixins.json:util.entity_movement_tracking.ServerWorldAccessor: Class version 61 required is higher than the class version supported by the current version of Mixin (JAVA_16 supports class version 60)
[26Sep2025 23:14:31.692] [main/DEBUG] [mixin/]: Mixing compat117plus.ServerWorldMixin from pehkui.mixins.json into net.minecraft.server.level.ServerLevel
[26Sep2025 23:14:31.697] [main/DEBUG] [mixin/]: Mixing bugfix.chunk_deadlock.ServerLevelMixin from modernfix-common.mixins.json into net.minecraft.server.level.ServerLevel
[26Sep2025 23:14:31.699] [main/DEBUG] [mixin/]: Mixing perf.faster_structure_location.ServerLevelMixin from modernfix-common.mixins.json into net.minecraft.server.level.ServerLevel
[26Sep2025 23:14:31.701] [main/DEBUG] [mixin/]: Mixing perf.cache_strongholds.ServerLevelMixin from modernfix-common.mixins.json into net.minecraft.server.level.ServerLevel
[26Sep2025 23:14:31.705] [main/DEBUG] [mixin/]: Mixing ServerLevelMixin from citadel.mixins.json into net.minecraft.server.level.ServerLevel
[26Sep2025 23:14:31.706] [main/DEBUG] [mixin/]: Mixing ServerLevelMixin from blueprint.mixins.json into net.minecraft.server.level.ServerLevel
[26Sep2025 23:14:31.708] [main/DEBUG] [mixin/]: Mixing ServerLevelMixin from moonlight-common.mixins.json into net.minecraft.server.level.ServerLevel
[26Sep2025 23:14:31.708] [main/DEBUG] [mixin/]: Discarding sythetic bridge method synthetic in m_6325_ because existing method in moonlight-common.mixins.json:ServerLevelMixin is compatible
[26Sep2025 23:14:31.712] [main/DEBUG] [mixin/]: Mixing ServerLevelMixin from kubejs-common.mixins.json into net.minecraft.server.level.ServerLevel
[26Sep2025 23:14:31.714] [main/DEBUG] [mixin/]: Mixing EndergeticExpansionMixins from betterendisland.mixins.json into net.minecraft.server.level.ServerLevel
[26Sep2025 23:14:31.758] [main/DEBUG] [mixin/]: Unexpected: Registered method getEntityManager()Lnet/minecraft/world/level/entity/PersistentEntitySectionManager; in net.minecraft.server.level.ServerLevel was not merged
[26Sep2025 23:14:31.781] [main/DEBUG] [mixin/]: Mixing math.fast_blockpos.BlockPosMixin from lithium.mixins.json into net.minecraft.core.BlockPos
[26Sep2025 23:14:31.781] [main/DEBUG] [mixin/]: lithium.mixins.json:math.fast_blockpos.BlockPosMixin: Class version 61 required is higher than the class version supported by the current version of Mixin (JAVA_16 supports class version 60)
[26Sep2025 23:14:31.800] [main/DEBUG] [mixin/]: Mixing bugfix.chunk_deadlock.BlockStateBaseMixin from modernfix-common.mixins.json into net.minecraft.world.level.block.state.BlockBehaviour$BlockStateBase
[26Sep2025 23:14:31.801] [main/DEBUG] [mixin/]: Mixing ai.pathing.AbstractBlockStateMixin from lithium.mixins.json into net.minecraft.world.level.block.state.BlockBehaviour$BlockStateBase
[26Sep2025 23:14:31.801] [main/DEBUG] [mixin/]: lithium.mixins.json:ai.pathing.AbstractBlockStateMixin: Class version 61 required is higher than the class version supported by the current version of Mixin (JAVA_16 supports class version 60)
[26Sep2025 23:14:31.807] [main/DEBUG] [mixin/]: Mixing util.block_tracking.AbstractBlockStateMixin from lithium.mixins.json into net.minecraft.world.level.block.state.BlockBehaviour$BlockStateBase
[26Sep2025 23:14:31.807] [main/DEBUG] [mixin/]: lithium.mixins.json:util.block_tracking.AbstractBlockStateMixin: Class version 61 required is higher than the class version supported by the current version of Mixin (JAVA_16 supports class version 60)
[26Sep2025 23:14:31.810] [main/DEBUG] [mixin/]: Mixing compat116plus.AbstractBlockStateMixin from pehkui.mixins.json into net.minecraft.world.level.block.state.BlockBehaviour$BlockStateBase
[26Sep2025 23:14:31.811] [main/DEBUG] [mixin/]: Mixing BlockBehaviourMixin from palladium-common.mixins.json into net.minecraft.world.level.block.state.BlockBehaviour$BlockStateBase
[26Sep2025 23:14:31.811] [main/DEBUG] [mixin/]: Renaming synthetic method lambda$getCollisionShape$1(Ljava/lang/Integer;)Lnet/minecraft/world/phys/shapes/VoxelShape; to md139335$lambda$getCollisionShape$1$0 in palladium-common.mixins.json:BlockBehaviourMixin
[26Sep2025 23:14:31.811] [main/DEBUG] [mixin/]: Renaming synthetic method lambda$getCollisionShape$0(Ljava/lang/Integer;)Lnet/minecraft/world/phys/shapes/VoxelShape; to md139335$lambda$getCollisionShape$0$1 in palladium-common.mixins.json:BlockBehaviourMixin
[26Sep2025 23:14:31.816] [main/DEBUG] [mixin/]: Mixing BlockStateBaseMixin from palladium-common.mixins.json into net.minecraft.world.level.block.state.BlockBehaviour$BlockStateBase
[26Sep2025 23:14:31.820] [main/DEBUG] [mixin/]: Mixing perf.reduce_blockstate_cache_rebuilds.BlockStateBaseMixin from modernfix-common.mixins.json into net.minecraft.world.level.block.state.BlockBehaviour$BlockStateBase
[26Sep2025 23:14:31.825] [main/DEBUG] [mixin/]: Mixing BlockStateBaseMixin from kubejs-common.mixins.json into net.minecraft.world.level.block.state.BlockBehaviour$BlockStateBase
[26Sep2025 23:14:31.825] [main/DEBUG] [mixin/]: Mixing BlockStateBaseMixin from ferritecore.blockstatecache.mixin.json into net.minecraft.world.level.block.state.BlockBehaviour$BlockStateBase
[26Sep2025 23:14:31.852] [main/INFO] [ModernFix/]: Injecting BlockStateBase cache population hook into getNeighborPathNodeType from me.jellysquid.mods.lithium.mixin.ai.pathing.AbstractBlockStateMixin
[26Sep2025 23:14:31.853] [main/INFO] [ModernFix/]: Injecting BlockStateBase cache population hook into getPathNodeType from me.jellysquid.mods.lithium.mixin.ai.pathing.AbstractBlockStateMixin
[26Sep2025 23:14:31.853] [main/INFO] [ModernFix/]: Injecting BlockStateBase cache population hook into getAllFlags from me.jellysquid.mods.lithium.mixin.util.block_tracking.AbstractBlockStateMixin
[26Sep2025 23:14:31.858] [main/DEBUG] [mixin/]: Mixing FastMapStateHolderMixin from ferritecore.fastmap.mixin.json into net.minecraft.world.level.block.state.StateHolder
[26Sep2025 23:14:31.867] [main/DEBUG] [mixin/]: Mixing perf.model_optimizations.PropertyMixin from modernfix-common.mixins.json into net.minecraft.world.level.block.state.properties.Property
[26Sep2025 23:14:31.874] [main/DEBUG] [mixin/]: Mixing entity.collisions.fluid.EntityMixin from lithium.mixins.json into net.minecraft.world.entity.Entity
[26Sep2025 23:14:31.874] [main/DEBUG] [mixin/]: lithium.mixins.json:entity.collisions.fluid.EntityMixin: Class version 61 required is higher than the class version supported by the current version of Mixin (JAVA_16 supports class version 60)
[26Sep2025 23:14:31.881] [main/DEBUG] [mixin/]: Mixing alloc.deep_passengers.EntityMixin from lithium.mixins.json into net.minecraft.world.entity.Entity
[26Sep2025 23:14:31.882] [main/DEBUG] [mixin/]: lithium.mixins.json:alloc.deep_passengers.EntityMixin: Class version 61 required is higher than the class version supported by the current version of Mixin (JAVA_16 supports class version 60)
[26Sep2025 23:14:31.885] [main/DEBUG] [mixin/]: Mixing collections.fluid_submersion.EntityMixin from lithium.mixins.json into net.minecraft.world.entity.Entity
[26Sep2025 23:14:31.885] [main/DEBUG] [mixin/]: lithium.mixins.json:collections.fluid_submersion.EntityMixin: Class version 61 required is higher than the class version supported by the current version of Mixin (JAVA_16 supports class version 60)
[26Sep2025 23:14:31.886] [main/DEBUG] [mixin/]: Mixing entity.collisions.movement.EntityMixin from lithium.mixins.json into net.minecraft.world.entity.Entity
[26Sep2025 23:14:31.886] [main/DEBUG] [mixin/]: lithium.mixins.json:entity.collisions.movement.EntityMixin: Class version 61 required is higher than the class version supported by the current version of Mixin (JAVA_16 supports class version 60)
[26Sep2025 23:14:31.891] [main/DEBUG] [mixin/]: Mixing entity.collisions.unpushable_cramming.EntityMixin from lithium.mixins.json into net.minecraft.world.entity.Entity
[26Sep2025 23:14:31.891] [main/DEBUG] [mixin/]: lithium.mixins.json:entity.collisions.unpushable_cramming.EntityMixin: Class version 61 required is higher than the class version supported by the current version of Mixin (JAVA_16 supports class version 60)
[26Sep2025 23:14:31.892] [main/DEBUG] [mixin/]: Mixing EntityMixin from pehkui.mixins.json into net.minecraft.world.entity.Entity
[26Sep2025 23:14:31.901] [main/DEBUG] [mixin/]: Mixing ThreadSafeScaledEntityMixin from pehkui.mixins.json into net.minecraft.world.entity.Entity
[26Sep2025 23:14:31.904] [main/DEBUG] [mixin/]: Mixing compat117plus.EntityCalculateDimensionsMixin from pehkui.mixins.json into net.minecraft.world.entity.Entity
[26Sep2025 23:14:31.904] [main/DEBUG] [mixin/]: Renaming synthetic method lambda$pehkui$calculateDimensions$0(Lnet/minecraft/world/entity/Entity;DLnet/minecraft/world/phys/Vec3;)V to md139335$lambda$pehkui$calculateDimensions$0$0 in pehkui.mixins.json:compat117plus.EntityCalculateDimensionsMixin
[26Sep2025 23:14:31.906] [main/DEBUG] [mixin/]: Mixing compat117plus.EntityMixin from pehkui.mixins.json into net.minecraft.world.entity.Entity
[26Sep2025 23:14:31.908] [main/DEBUG] [mixin/]: Mixing compat1204minus.compat116plus.EntityMixin from pehkui.mixins.json into net.minecraft.world.entity.Entity
[26Sep2025 23:14:31.908] [main/DEBUG] [mixin/]: Mixing compat120plus.EntityMixin from pehkui.mixins.json into net.minecraft.world.entity.Entity
[26Sep2025 23:14:31.909] [main/DEBUG] [mixin/]: Mixing step_height.compat1194plus.EntityMixin from pehkui.mixins.json into net.minecraft.world.entity.Entity
[26Sep2025 23:14:31.909] [main/DEBUG] [mixin/]: Mixing EntityMixin from palladium-common.mixins.json into net.minecraft.world.entity.Entity
[26Sep2025 23:14:31.913] [main/DEBUG] [mixin/]: Mixing bugfix.chunk_deadlock.EntityMixin from modernfix-common.mixins.json into net.minecraft.world.entity.Entity
[26Sep2025 23:14:31.914] [main/DEBUG] [mixin/]: Mixing EntityMixin from relics.mixins.json into net.minecraft.world.entity.Entity
[26Sep2025 23:14:31.914] [main/DEBUG] [mixin/]: relics.mixins.json:EntityMixin: Class version 61 required is higher than the class version supported by the current version of Mixin (JAVA_8 supports class version 52)
[26Sep2025 23:14:31.921] [main/DEBUG] [mixin/]: Mixing EntityMixin from blueprint.mixins.json into net.minecraft.world.entity.Entity
[26Sep2025 23:14:31.922] [main/DEBUG] [mixin/]: Renaming synthetic method lambda$read$1(Lnet/minecraft/nbt/Tag;)V to md139335$lambda$read$1$1 in blueprint.mixins.json:EntityMixin
[26Sep2025 23:14:31.923] [main/DEBUG] [mixin/]: Renaming synthetic method lambda$writeTrackedData$0(Lnet/minecraft/nbt/ListTag;Lcom/teamabnormals/blueprint/common/world/storage/tracking/TrackedData;Lcom/teamabnormals/blueprint/common/world/storage/tracking/IDataManager$DataEntry;)V to md139335$lambda$writeTrackedData$0$2 in blueprint.mixins.json:EntityMixin
[26Sep2025 23:14:31.931] [main/DEBUG] [mixin/]: Mixing EntityMixin from carryon.mixins.json into net.minecraft.world.entity.Entity
[26Sep2025 23:14:31.935] [main/DEBUG] [mixin/]: Mixing AccessorEntity from curios.mixins.json into net.minecraft.world.entity.Entity
[26Sep2025 23:14:31.935] [main/DEBUG] [mixin/]: Mixing EntityMixin from kubejs-forge.mixins.json into net.minecraft.world.entity.Entity
[26Sep2025 23:14:31.936] [main/DEBUG] [mixin/]: Mixing EntityMixin from kubejs-common.mixins.json into net.minecraft.world.entity.Entity
[26Sep2025 23:14:31.938] [main/DEBUG] [mixin/]: Mixing common.EntityMixin from lodestone.mixins.json into net.minecraft.world.entity.Entity
[26Sep2025 23:14:32.054] [main/DEBUG] [mixin/]: Mixing step_height.IForgeEntityMixin from pehkui.mixins.json into net.minecraftforge.common.extensions.IForgeEntity
[26Sep2025 23:14:32.067] [main/DEBUG] [mixin/]: Mixing alloc.enum_values.living_entity.LivingEntityMixin from lithium.mixins.json into net.minecraft.world.entity.LivingEntity
[26Sep2025 23:14:32.068] [main/DEBUG] [mixin/]: lithium.mixins.json:alloc.enum_values.living_entity.LivingEntityMixin: Class version 61 required is higher than the class version supported by the current version of Mixin (JAVA_16 supports class version 60)
[26Sep2025 23:14:32.068] [main/DEBUG] [mixin/]: Mixing entity.collisions.unpushable_cramming.LivingEntityMixin from lithium.mixins.json into net.minecraft.world.entity.LivingEntity
[26Sep2025 23:14:32.068] [main/DEBUG] [mixin/]: lithium.mixins.json:entity.collisions.unpushable_cramming.LivingEntityMixin: Class version 61 required is higher than the class version supported by the current version of Mixin (JAVA_16 supports class version 60)
[26Sep2025 23:14:32.072] [main/DEBUG] [mixin/]: Mixing entity.fast_elytra_check.LivingEntityMixin from lithium.mixins.json into net.minecraft.world.entity.LivingEntity
[26Sep2025 23:14:32.072] [main/DEBUG] [mixin/]: lithium.mixins.json:entity.fast_elytra_check.LivingEntityMixin: Class version 61 required is higher than the class version supported by the current version of Mixin (JAVA_16 supports class version 60)
[26Sep2025 23:14:32.072] [main/DEBUG] [mixin/]: Mixing entity.fast_hand_swing.LivingEntityMixin from lithium.mixins.json into net.minecraft.world.entity.LivingEntity
[26Sep2025 23:14:32.073] [main/DEBUG] [mixin/]: lithium.mixins.json:entity.fast_hand_swing.LivingEntityMixin: Class version 61 required is higher than the class version supported by the current version of Mixin (JAVA_16 supports class version 60)
[26Sep2025 23:14:32.073] [main/DEBUG] [mixin/]: Mixing entity.fast_powder_snow_check.LivingEntityMixin from lithium.mixins.json into net.minecraft.world.entity.LivingEntity
[26Sep2025 23:14:32.073] [main/DEBUG] [mixin/]: lithium.mixins.json:entity.fast_powder_snow_check.LivingEntityMixin: Class version 61 required is higher than the class version supported by the current version of Mixin (JAVA_16 supports class version 60)
[26Sep2025 23:14:32.074] [main/DEBUG] [mixin/]: Mixing entity.skip_equipment_change_check.LivingEntityMixin from lithium.mixins.json into net.minecraft.world.entity.LivingEntity
[26Sep2025 23:14:32.074] [main/DEBUG] [mixin/]: lithium.mixins.json:entity.skip_equipment_change_check.LivingEntityMixin: Class version 61 required is higher than the class version supported by the current version of Mixin (JAVA_16 supports class version 60)
[26Sep2025 23:14:32.074] [main/DEBUG] [mixin/]: Renaming synthetic method lambda$static$0(Lnet/minecraft/world/item/ItemStack;)Z to md139335$lambda$static$0$0 in lithium.mixins.json:entity.skip_equipment_change_check.LivingEntityMixin
[26Sep2025 23:14:32.083] [main/DEBUG] [mixin/]: Mixing LivingEntityMixin from pehkui.mixins.json into net.minecraft.world.entity.LivingEntity
[26Sep2025 23:14:32.083] [main/DEBUG] [mixin/]: Renaming synthetic method lambda$pehkui$tickMovement$minVelocity$0(I)Z to md139335$lambda$pehkui$tickMovement$minVelocity$0$1 in pehkui.mixins.json:LivingEntityMixin
[26Sep2025 23:14:32.091] [main/DEBUG] [mixin/]: Mixing compat117plus.LivingEntityMixin from pehkui.mixins.json into net.minecraft.world.entity.LivingEntity
[26Sep2025 23:14:32.093] [main/DEBUG] [mixin/]: Mixing compat1194plus.LivingEntityMixin from pehkui.mixins.json into net.minecraft.world.entity.LivingEntity
[26Sep2025 23:14:32.093] [main/DEBUG] [mixin/]: Mixing compat1204minus.LivingEntityMixin from pehkui.mixins.json into net.minecraft.world.entity.LivingEntity
[26Sep2025 23:14:32.095] [main/DEBUG] [mixin/]: Mixing LivingEntityMixin from palladium-common.mixins.json into net.minecraft.world.entity.LivingEntity
[26Sep2025 23:14:32.102] [main/DEBUG] [mixin/]: Mixing perf.forge_cap_retrieval.LivingEntityMixin from modernfix-forge.mixins.json into net.minecraft.world.entity.LivingEntity
[26Sep2025 23:14:32.102] [main/DEBUG] [mixin/]: Mixing LivingEntityMixin from citadel.mixins.json into net.minecraft.world.entity.LivingEntity
[26Sep2025 23:14:32.107] [main/DEBUG] [mixin/]: Mixing LivingEntityMixin from relics.mixins.json into net.minecraft.world.entity.LivingEntity
[26Sep2025 23:14:32.107] [main/DEBUG] [mixin/]: relics.mixins.json:LivingEntityMixin: Class version 61 required is higher than the class version supported by the current version of Mixin (JAVA_8 supports class version 52)
[26Sep2025 23:14:32.109] [main/DEBUG] [mixin/]: Mixing MixinLivingEntity from curios.mixins.json into net.minecraft.world.entity.LivingEntity
[26Sep2025 23:14:32.110] [main/DEBUG] [mixin/]: Mixing LivingEntityMixin from kubejs-common.mixins.json into net.minecraft.world.entity.LivingEntity
[26Sep2025 23:14:32.110] [main/DEBUG] [mixin/]: Mixing common.LivingEntityMixin from lodestone.mixins.json into net.minecraft.world.entity.LivingEntity
[26Sep2025 23:14:32.111] [main/DEBUG] [mixin/]: Mixing compat115plus.LivingEntityMixin from pehkui.mixins.json into net.minecraft.world.entity.LivingEntity
[26Sep2025 23:14:32.193] [main/DEBUG] [mixin/]: Mixing perf.model_optimizations.BooleanPropertyMixin from modernfix-common.mixins.json into net.minecraft.world.level.block.state.properties.BooleanProperty
[26Sep2025 23:14:32.198] [main/DEBUG] [mixin/]: Mixing ItemEntityMixin from kubejs-common.mixins.json into net.minecraft.world.entity.item.ItemEntity
[26Sep2025 23:14:32.198] [main/DEBUG] [mixin/]: Mixing ItemEntityMixin from pehkui.mixins.json into net.minecraft.world.entity.item.ItemEntity
[26Sep2025 23:14:32.204] [main/DEBUG] [mixin/]: Mixing reach.PlayerEntityMixin from pehkui.mixins.json into net.minecraft.world.entity.player.Player
[26Sep2025 23:14:32.205] [main/DEBUG] [mixin/]: Mixing PlayerEntityMixin from pehkui.mixins.json into net.minecraft.world.entity.player.Player
[26Sep2025 23:14:32.206] [main/DEBUG] [mixin/]: Mixing compat117plus.PlayerEntityMixin from pehkui.mixins.json into net.minecraft.world.entity.player.Player
[26Sep2025 23:14:32.206] [main/DEBUG] [mixin/]: Mixing compat1194plus.PlayerEntityMixin from pehkui.mixins.json into net.minecraft.world.entity.player.Player
[26Sep2025 23:14:32.206] [main/DEBUG] [mixin/]: Mixing compat1201minus.EntityVehicleHeightOffsetMixin from pehkui.mixins.json into net.minecraft.world.entity.player.Player
[26Sep2025 23:14:32.207] [main/DEBUG] [mixin/]: Mixing compat1204minus.PlayerEntityMixin from pehkui.mixins.json into net.minecraft.world.entity.player.Player
[26Sep2025 23:14:32.207] [main/DEBUG] [mixin/]: Mixing PlayerMixin from palladium-common.mixins.json into net.minecraft.world.entity.player.Player
[26Sep2025 23:14:32.208] [main/DEBUG] [mixin/]: Renaming synthetic method lambda$palladium$hasCorrectToolForDrops$0(Lnet/minecraft/world/level/block/state/BlockState;Lorg/spongepowered/asm/mixin/injection/callback/CallbackInfoReturnable;Lnet/threetag/palladium/power/ability/AbilityInstance;)V to md139335$lambda$palladium$hasCorrectToolForDrops$0$0 in palladium-common.mixins.json:PlayerMixin
[26Sep2025 23:14:32.210] [main/DEBUG] [mixin/]: Mixing PlayerMixin from mixins.travelersbackpack.json into net.minecraft.world.entity.player.Player
[26Sep2025 23:14:32.213] [main/DEBUG] [mixin/]: Mixing PlayerMixin from carryon.mixins.json into net.minecraft.world.entity.player.Player
[26Sep2025 23:14:32.213] [main/DEBUG] [mixin/]: Mixing PlayerMixin from playerrevive.mixins.json into net.minecraft.world.entity.player.Player
[26Sep2025 23:14:32.215] [main/DEBUG] [mixin/]: Mixing PlayerMixin from kubejs-common.mixins.json into net.minecraft.world.entity.player.Player
[26Sep2025 23:14:32.256] [main/DEBUG] [mixin/]: Mixing reach.IForgePlayerMixin from pehkui.mixins.json into net.minecraftforge.common.extensions.IForgePlayer
[26Sep2025 23:14:32.268] [main/DEBUG] [mixin/]: Mixing bugfix.concurrency.ForgeRegistryTagManagerMixin from modernfix-forge.mixins.json into net.minecraftforge.registries.ForgeRegistryTagManager
[26Sep2025 23:14:32.275] [main/DEBUG] [mixin/]: Mixing bugfix.concurrency.NamespacedWrapperMixin from modernfix-forge.mixins.json into net.minecraftforge.registries.NamespacedWrapper
[26Sep2025 23:14:32.276] [main/DEBUG] [mixin/]: Mixing perf.fast_forge_dummies.NamespacedHolderHelperMixin from modernfix-forge.mixins.json into net.minecraftforge.registries.NamespacedWrapper
[26Sep2025 23:14:32.281] [main/DEBUG] [mixin/]: Mixing FluidInvokerMixin from blueprint.mixins.json into net.minecraft.world.level.material.Fluid
[26Sep2025 23:14:32.282] [main/DEBUG] [mixin/]: Mixing inject.MixinFluid from architectury-common.mixins.json into net.minecraft.world.level.material.Fluid
[26Sep2025 23:14:32.285] [main/DEBUG] [mixin/]: Mixing reach.compat1204minus.compat116plus.ItemMixin from pehkui.mixins.json into net.minecraft.world.item.Item
[26Sep2025 23:14:32.285] [main/DEBUG] [mixin/]: Mixing perf.forge_registry_alloc.DelegateHolderMixin from modernfix-forge.mixins.json into net.minecraft.world.item.Item
[26Sep2025 23:14:32.285] [main/DEBUG] [mixin/]: Mixing ItemMixin from relics.mixins.json into net.minecraft.world.item.Item
[26Sep2025 23:14:32.285] [main/DEBUG] [mixin/]: relics.mixins.json:ItemMixin: Class version 61 required is higher than the class version supported by the current version of Mixin (JAVA_8 supports class version 52)
[26Sep2025 23:14:32.287] [main/DEBUG] [mixin/]: Mixing ItemMixin from moonlight-common.mixins.json into net.minecraft.world.item.Item
[26Sep2025 23:14:32.288] [main/DEBUG] [mixin/]: Mixing inject.MixinItem from architectury-common.mixins.json into net.minecraft.world.item.Item
[26Sep2025 23:14:32.289] [main/DEBUG] [mixin/]: Mixing ItemMixin from kubejs-common.mixins.json into net.minecraft.world.item.Item
[26Sep2025 23:14:32.309] [main/DEBUG] [mixin/]: Mixing compat117plus.patchwork.compat.IForgeItemMixin from pehkui.mixins.json into net.minecraftforge.common.extensions.IForgeItem
[26Sep2025 23:14:32.318] [main/DEBUG] [net.minecraftforge.coremod.transformer.CoreModBaseTransformer/COREMOD]: Transforming net/minecraft/world/entity/EntityType
[26Sep2025 23:14:32.388] [main/DEBUG] [mixin/]: Mixing inject.MixinEntityType from architectury-common.mixins.json into net.minecraft.world.entity.EntityType
[26Sep2025 23:14:32.396] [main/DEBUG] [mixin/]: Mixing ai.poi.PointOfInterestTypesMixin from lithium.mixins.json into net.minecraftforge.registries.GameData$PointOfInterestTypeCallbacks
[26Sep2025 23:14:32.396] [main/DEBUG] [mixin/]: lithium.mixins.json:ai.poi.PointOfInterestTypesMixin: Class version 61 required is higher than the class version supported by the current version of Mixin (JAVA_16 supports class version 60)
[26Sep2025 23:14:32.411] [main/DEBUG] [mixin/]: Mixing perf.dynamic_dfu.BlockEntityTypeMixin from modernfix-common.mixins.json into net.minecraft.world.level.block.entity.BlockEntityType
[26Sep2025 23:14:32.430] [main/DEBUG] [mixin/]: Mixing PoiMixin from moonlight-common.mixins.json into net.minecraft.world.entity.ai.village.poi.PoiType
[26Sep2025 23:14:32.470] [main/DEBUG] [mixin/]: Mixing perf.memoize_creative_tab_build.CreativeModeTabMixin from modernfix-common.mixins.json into net.minecraft.world.item.CreativeModeTab
[26Sep2025 23:14:32.472] [main/DEBUG] [mixin/]: Mixing CreativeModeTabMixin from kubejs-common.mixins.json into net.minecraft.world.item.CreativeModeTab
[26Sep2025 23:14:32.477] [main/DEBUG] [mixin/]: Mixing FireBlockMixin from moonlight.mixins.json into net.minecraft.world.level.block.FireBlock
[26Sep2025 23:14:32.479] [main/DEBUG] [mixin/]: Mixing accessor.FireBlockForgeAccessor from puzzleslib.forge.mixins.json into net.minecraft.world.level.block.FireBlock
[26Sep2025 23:14:32.488] [main/DEBUG] [mixin/]: Mixing math.fast_blockpos.DirectionMixin from lithium.mixins.json into net.minecraft.core.Direction
[26Sep2025 23:14:32.488] [main/DEBUG] [mixin/]: lithium.mixins.json:math.fast_blockpos.DirectionMixin: Class version 61 required is higher than the class version supported by the current version of Mixin (JAVA_16 supports class version 60)
[26Sep2025 23:14:32.489] [main/DEBUG] [mixin/]: Mixing math.fast_util.DirectionMixin from lithium.mixins.json into net.minecraft.core.Direction
[26Sep2025 23:14:32.489] [main/DEBUG] [mixin/]: lithium.mixins.json:math.fast_util.DirectionMixin: Class version 61 required is higher than the class version supported by the current version of Mixin (JAVA_16 supports class version 60)
[26Sep2025 23:14:32.489] [main/DEBUG] [mixin/]: Mixing DirectionMixin from rhino-common.mixins.json into net.minecraft.core.Direction
[26Sep2025 23:14:32.510] [main/DEBUG] [mixin/]: Mixing block.moving_block_shapes.VoxelShapeMixin from lithium.mixins.json into net.minecraft.world.phys.shapes.VoxelShape
[26Sep2025 23:14:32.510] [main/DEBUG] [mixin/]: lithium.mixins.json:block.moving_block_shapes.VoxelShapeMixin: Class version 61 required is higher than the class version supported by the current version of Mixin (JAVA_16 supports class version 60)
[26Sep2025 23:14:32.511] [main/DEBUG] [mixin/]: Mixing shapes.specialized_shapes.VoxelShapeMixin from lithium.mixins.json into net.minecraft.world.phys.shapes.VoxelShape
[26Sep2025 23:14:32.511] [main/DEBUG] [mixin/]: lithium.mixins.json:shapes.specialized_shapes.VoxelShapeMixin: Class version 61 required is higher than the class version supported by the current version of Mixin (JAVA_16 supports class version 60)
[26Sep2025 23:14:32.515] [main/DEBUG] [mixin/]: Mixing VoxelShapeAccessor from creativecore.mixins.json into net.minecraft.world.phys.shapes.VoxelShape
[26Sep2025 23:14:32.515] [main/DEBUG] [mixin/]: Mixing VoxelShapeAccess from ferritecore.blockstatecache.mixin.json into net.minecraft.world.phys.shapes.VoxelShape
[26Sep2025 23:14:32.518] [main/DEBUG] [mixin/]: Unexpected: Registered method setShape(Lnet/minecraft/world/phys/shapes/DiscreteVoxelShape;)V in net.minecraft.world.phys.shapes.VoxelShape was not merged
[26Sep2025 23:14:32.522] [main/DEBUG] [mixin/]: Mixing shapes.optimized_matching.VoxelShapesMixin from lithium.mixins.json into net.minecraft.world.phys.shapes.Shapes
[26Sep2025 23:14:32.522] [main/DEBUG] [mixin/]: lithium.mixins.json:shapes.optimized_matching.VoxelShapesMixin: Class version 61 required is higher than the class version supported by the current version of Mixin (JAVA_16 supports class version 60)
[26Sep2025 23:14:32.523] [main/DEBUG] [mixin/]: Mixing shapes.shape_merging.VoxelShapesMixin from lithium.mixins.json into net.minecraft.world.phys.shapes.Shapes
[26Sep2025 23:14:32.523] [main/DEBUG] [mixin/]: lithium.mixins.json:shapes.shape_merging.VoxelShapesMixin: Class version 61 required is higher than the class version supported by the current version of Mixin (JAVA_16 supports class version 60)
[26Sep2025 23:14:32.524] [main/DEBUG] [mixin/]: Mixing shapes.specialized_shapes.VoxelShapesMixin from lithium.mixins.json into net.minecraft.world.phys.shapes.Shapes
[26Sep2025 23:14:32.524] [main/DEBUG] [mixin/]: lithium.mixins.json:shapes.specialized_shapes.VoxelShapesMixin: Class version 61 required is higher than the class version supported by the current version of Mixin (JAVA_16 supports class version 60)
[26Sep2025 23:14:32.526] [main/DEBUG] [mixin/]: Mixing ShapesMixin from creativecore.mixins.json into net.minecraft.world.phys.shapes.Shapes
[26Sep2025 23:14:32.547] [main/DEBUG] [mixin/]: Mixing DiscreteVSAccess from ferritecore.blockstatecache.mixin.json into net.minecraft.world.phys.shapes.DiscreteVoxelShape
[26Sep2025 23:14:32.549] [main/DEBUG] [mixin/]: Mixing BitSetDVSAccess from ferritecore.blockstatecache.mixin.json into net.minecraft.world.phys.shapes.BitSetDiscreteVoxelShape
[26Sep2025 23:14:32.551] [main/DEBUG] [mixin/]: Mixing ArrayVSAccess from ferritecore.blockstatecache.mixin.json into net.minecraft.world.phys.shapes.ArrayVoxelShape
[26Sep2025 23:14:32.553] [main/DEBUG] [mixin/]: Mixing shapes.precompute_shape_arrays.SimpleVoxelShapeMixin from lithium.mixins.json into net.minecraft.world.phys.shapes.CubeVoxelShape
[26Sep2025 23:14:32.553] [main/DEBUG] [mixin/]: lithium.mixins.json:shapes.precompute_shape_arrays.SimpleVoxelShapeMixin: Class version 61 required is higher than the class version supported by the current version of Mixin (JAVA_16 supports class version 60)
[26Sep2025 23:14:32.559] [main/DEBUG] [mixin/]: Mixing SliceShapeAccess from ferritecore.blockstatecache.mixin.json into net.minecraft.world.phys.shapes.SliceShape
[26Sep2025 23:14:32.566] [main/DEBUG] [mixin/]: Mixing shapes.precompute_shape_arrays.FractionalDoubleListMixin from lithium.mixins.json into net.minecraft.world.phys.shapes.CubePointRange
[26Sep2025 23:14:32.566] [main/DEBUG] [mixin/]: lithium.mixins.json:shapes.precompute_shape_arrays.FractionalDoubleListMixin: Class version 61 required is higher than the class version supported by the current version of Mixin (JAVA_16 supports class version 60)
[26Sep2025 23:14:32.666] [main/DEBUG] [mixin/]: Mixing BlocksMixin from amendments-common.mixins.json into net.minecraft.world.level.block.Blocks
[26Sep2025 23:14:32.668] [main/DEBUG] [mixin/]: Mixing perf.reduce_blockstate_cache_rebuilds.BlocksMixin from modernfix-common.mixins.json into net.minecraft.world.level.block.Blocks
[26Sep2025 23:14:32.668] [main/DEBUG] [mixin/]: Renaming synthetic method lambda$getEmptyConsumer$0(Ljava/lang/Object;)V to md139335$lambda$getEmptyConsumer$0$0 in modernfix-common.mixins.json:perf.reduce_blockstate_cache_rebuilds.BlocksMixin
[26Sep2025 23:14:32.710] [main/DEBUG] [net.minecraftforge.coremod.transformer.CoreModBaseTransformer/COREMOD]: Transforming net/minecraft/world/level/block/LiquidBlock
[26Sep2025 23:14:32.711] [main/DEBUG] [mixin/]: Mixing inject.MixinLiquidBlock from architectury-common.mixins.json into net.minecraft.world.level.block.LiquidBlock
[26Sep2025 23:14:32.723] [main/DEBUG] [mixin/]: Mixing accessor.DispenserBlockAccessor from moonlight-common.mixins.json into net.minecraft.world.level.block.DispenserBlock
[26Sep2025 23:14:32.724] [main/DEBUG] [mixin/]: Renaming @Accessor method getDispenserRegistry()Ljava/util/Map; to getDispenserRegistry_$md$139335$0 in moonlight-common.mixins.json:accessor.DispenserBlockAccessor
[26Sep2025 23:14:32.726] [main/DEBUG] [mixin/]: Mixing NoteBlockMixin from blueprint.mixins.json into net.minecraft.world.level.block.NoteBlock
[26Sep2025 23:14:32.733] [main/DEBUG] [mixin/]: Mixing alloc.enum_values.piston_block.PistonBlockMixin from lithium.mixins.json into net.minecraft.world.level.block.piston.PistonBaseBlock
[26Sep2025 23:14:32.734] [main/DEBUG] [mixin/]: lithium.mixins.json:alloc.enum_values.piston_block.PistonBlockMixin: Class version 61 required is higher than the class version supported by the current version of Mixin (JAVA_16 supports class version 60)
[26Sep2025 23:14:32.749] [main/DEBUG] [net.minecraftforge.coremod.transformer.CoreModBaseTransformer/COREMOD]: Transforming net/minecraft/world/level/block/StairBlock
[26Sep2025 23:14:32.757] [main/DEBUG] [mixin/]: Mixing alloc.enum_values.redstone_wire.RedstoneWireBlockMixin from lithium.mixins.json into net.minecraft.world.level.block.RedStoneWireBlock
[26Sep2025 23:14:32.757] [main/DEBUG] [mixin/]: lithium.mixins.json:alloc.enum_values.redstone_wire.RedstoneWireBlockMixin: Class version 61 required is higher than the class version supported by the current version of Mixin (JAVA_16 supports class version 60)
[26Sep2025 23:14:32.757] [main/DEBUG] [mixin/]: Mixing block.redstone_wire.RedstoneWireBlockMixin from lithium.mixins.json into net.minecraft.world.level.block.RedStoneWireBlock
[26Sep2025 23:14:32.758] [main/DEBUG] [mixin/]: lithium.mixins.json:block.redstone_wire.RedstoneWireBlockMixin: Class version 61 required is higher than the class version supported by the current version of Mixin (JAVA_16 supports class version 60)
[26Sep2025 23:14:32.771] [main/DEBUG] [mixin/]: Mixing SignBlockMixin from amendments-common.mixins.json into net.minecraft.world.level.block.StandingSignBlock
[26Sep2025 23:14:32.777] [main/DEBUG] [mixin/]: Mixing WallSignMixin from amendments-common.mixins.json into net.minecraft.world.level.block.WallSignBlock
[26Sep2025 23:14:32.782] [main/DEBUG] [mixin/]: Mixing CeilingHangingSignBlockMixin from amendments-common.mixins.json into net.minecraft.world.level.block.CeilingHangingSignBlock
[26Sep2025 23:14:32.783] [main/DEBUG] [mixin/]: Renaming synthetic method lambda$amendments$swingSign$0(Lnet/minecraft/world/level/block/entity/BlockEntityTicker;Lnet/minecraft/world/level/Level;Lnet/minecraft/core/BlockPos;Lnet/minecraft/world/level/block/state/BlockState;Lnet/minecraft/world/level/block/entity/BlockEntity;)V to md139335$lambda$amendments$swingSign$0$0 in amendments-common.mixins.json:CeilingHangingSignBlockMixin
[26Sep2025 23:14:32.793] [main/DEBUG] [mixin/]: Mixing CeilingHangingSignBlockMixin from amendments-common.mixins.json into net.minecraft.world.level.block.WallHangingSignBlock
[26Sep2025 23:14:32.796] [main/DEBUG] [mixin/]: Mixing WallHangingSignBlockMixin from amendments-common.mixins.json into net.minecraft.world.level.block.WallHangingSignBlock
[26Sep2025 23:14:32.813] [main/DEBUG] [mixin/]: Mixing JukeboxBlockMixin from amendments-common.mixins.json into net.minecraft.world.level.block.JukeboxBlock
[26Sep2025 23:14:32.816] [main/DEBUG] [mixin/]: Mixing FenceBlockMixin from amendments-common.mixins.json into net.minecraft.world.level.block.FenceBlock
[26Sep2025 23:14:32.823] [main/DEBUG] [mixin/]: Mixing PortalBlockMixin from pehkui.mixins.json into net.minecraft.world.level.block.NetherPortalBlock
[26Sep2025 23:14:32.837] [main/DEBUG] [mixin/]: Mixing VineMixin from amendments-common.mixins.json into net.minecraft.world.level.block.VineBlock
[26Sep2025 23:14:32.844] [main/DEBUG] [mixin/]: Mixing WaterLilyMixin from amendments-common.mixins.json into net.minecraft.world.level.block.WaterlilyBlock
[26Sep2025 23:14:32.854] [main/DEBUG] [mixin/]: Mixing CauldronBlockMixin from amendments-common.mixins.json into net.minecraft.world.level.block.CauldronBlock
[26Sep2025 23:14:32.859] [main/DEBUG] [mixin/]: Mixing AbstractCauldronBlockMixin from amendments-common.mixins.json into net.minecraft.world.level.block.AbstractCauldronBlock
[26Sep2025 23:14:32.866] [main/DEBUG] [mixin/]: Mixing LavaCauldronMixin from amendments-common.mixins.json into net.minecraft.world.level.block.LavaCauldronBlock
[26Sep2025 23:14:32.891] [main/DEBUG] [mixin/]: Mixing perf.deduplicate_wall_shapes.WallBlockMixin from modernfix-common.mixins.json into net.minecraft.world.level.block.WallBlock
[26Sep2025 23:14:32.898] [main/DEBUG] [net.minecraftforge.coremod.transformer.CoreModBaseTransformer/COREMOD]: Transforming net/minecraft/world/level/block/FlowerPotBlock
[26Sep2025 23:14:32.899] [main/DEBUG] [mixin/]: Mixing FlowerPotBlockMixin from amendments-common.mixins.json into net.minecraft.world.level.block.FlowerPotBlock
[26Sep2025 23:14:32.903] [main/DEBUG] [mixin/]: Mixing SkullBlockMixin from amendments-common.mixins.json into net.minecraft.world.level.block.SkullBlock
[26Sep2025 23:14:32.911] [main/DEBUG] [mixin/]: Mixing AbstractSkullBlockMixin from amendments-common.mixins.json into net.minecraft.world.level.block.AbstractSkullBlock
[26Sep2025 23:14:32.914] [main/DEBUG] [mixin/]: Mixing SkullBlockMixin from amendments-common.mixins.json into net.minecraft.world.level.block.WallSkullBlock
[26Sep2025 23:14:32.927] [main/DEBUG] [mixin/]: Mixing util.inventory_comparator_tracking.ComparatorBlockMixin from lithium.mixins.json into net.minecraft.world.level.block.ComparatorBlock
[26Sep2025 23:14:32.928] [main/DEBUG] [mixin/]: lithium.mixins.json:util.inventory_comparator_tracking.ComparatorBlockMixin: Class version 61 required is higher than the class version supported by the current version of Mixin (JAVA_16 supports class version 60)
[26Sep2025 23:14:32.971] [main/DEBUG] [mixin/]: Mixing LecternBlockMixin from amendments-common.mixins.json into net.minecraft.world.level.block.LecternBlock
[26Sep2025 23:14:32.978] [main/DEBUG] [mixin/]: Mixing BellMixin from amendments-common.mixins.json into net.minecraft.world.level.block.BellBlock
[26Sep2025 23:14:32.987] [main/DEBUG] [mixin/]: Mixing LanternBlockPlacementMixin from amendments-common.mixins.json into net.minecraft.world.level.block.LanternBlock
[26Sep2025 23:14:33.007] [main/DEBUG] [mixin/]: Mixing PowderSnowBlockMixin from relics.mixins.json into net.minecraft.world.level.block.PowderSnowBlock
[26Sep2025 23:14:33.008] [main/DEBUG] [mixin/]: relics.mixins.json:PowderSnowBlockMixin: Class version 61 required is higher than the class version supported by the current version of Mixin (JAVA_8 supports class version 52)
[26Sep2025 23:14:33.008] [main/DEBUG] [mixin/]: Mixing MixinPowderSnowBlock from curios.mixins.json into net.minecraft.world.level.block.PowderSnowBlock
[26Sep2025 23:14:33.034] [main/DEBUG] [mixin/]: Mixing BlockBehaviourMixin from mowziesmobs.mixins.json into net.minecraft.world.level.block.state.BlockBehaviour$Properties
[26Sep2025 23:14:33.051] [main/DEBUG] [mixin/]: Mixing perf.state_definition_construct.StateDefinitionMixin from modernfix-common.mixins.json into net.minecraft.world.level.block.state.StateDefinition
[26Sep2025 23:14:33.070] [main/DEBUG] [mixin/]: Mixing block.flatten_states.FluidStateMixin from lithium.mixins.json into net.minecraft.world.level.material.FluidState
[26Sep2025 23:14:33.070] [main/DEBUG] [mixin/]: lithium.mixins.json:block.flatten_states.FluidStateMixin: Class version 61 required is higher than the class version supported by the current version of Mixin (JAVA_16 supports class version 60)
[26Sep2025 23:14:33.117] [main/DEBUG] [mixin/]: Mixing entity.inactive_navigations.MobEntityMixin from lithium.mixins.json into net.minecraft.world.entity.Mob
[26Sep2025 23:14:33.118] [main/DEBUG] [mixin/]: lithium.mixins.json:entity.inactive_navigations.MobEntityMixin: Class version 61 required is higher than the class version supported by the current version of Mixin (JAVA_16 supports class version 60)
[26Sep2025 23:14:33.119] [main/DEBUG] [mixin/]: Mixing entity.skip_equipment_change_check.MobEntityMixin from lithium.mixins.json into net.minecraft.world.entity.Mob
[26Sep2025 23:14:33.120] [main/DEBUG] [mixin/]: lithium.mixins.json:entity.skip_equipment_change_check.MobEntityMixin: Class version 61 required is higher than the class version supported by the current version of Mixin (JAVA_16 supports class version 60)
[26Sep2025 23:14:33.120] [main/DEBUG] [mixin/]: Mixing MobEntityMixin from pehkui.mixins.json into net.minecraft.world.entity.Mob
[26Sep2025 23:14:33.121] [main/DEBUG] [mixin/]: Mixing EntityMixin from moonlight-common.mixins.json into net.minecraft.world.entity.Mob
[26Sep2025 23:14:33.121] [main/DEBUG] [mixin/]: Mixing compat116plus.MobEntityMixin from pehkui.mixins.json into net.minecraft.world.entity.Mob
[26Sep2025 23:14:33.136] [main/DEBUG] [mixin/]: Mixing util.inventory_change_listening.BlockEntityMixin from lithium.mixins.json into net.minecraft.world.level.block.entity.BlockEntity
[26Sep2025 23:14:33.136] [main/DEBUG] [mixin/]: lithium.mixins.json:util.inventory_change_listening.BlockEntityMixin: Class version 61 required is higher than the class version supported by the current version of Mixin (JAVA_16 supports class version 60)
[26Sep2025 23:14:33.137] [main/DEBUG] [mixin/]: Mixing util.inventory_comparator_tracking.BlockEntityMixin from lithium.mixins.json into net.minecraft.world.level.block.entity.BlockEntity
[26Sep2025 23:14:33.137] [main/DEBUG] [mixin/]: lithium.mixins.json:util.inventory_comparator_tracking.BlockEntityMixin: Class version 61 required is higher than the class version supported by the current version of Mixin (JAVA_16 supports class version 60)
[26Sep2025 23:14:33.141] [main/DEBUG] [net.minecraftforge.coremod.transformer.CoreModBaseTransformer/COREMOD]: Transforming net/minecraft/world/item/ItemStack
[26Sep2025 23:14:33.142] [main/DEBUG] [mixin/]: Mixing ItemStackMixin from relics.mixins.json into net.minecraft.world.item.ItemStack
[26Sep2025 23:14:33.142] [main/DEBUG] [mixin/]: relics.mixins.json:ItemStackMixin: Class version 61 required is higher than the class version supported by the current version of Mixin (JAVA_8 supports class version 52)
[26Sep2025 23:14:33.143] [main/DEBUG] [mixin/]: Mixing ItemStackMixin from kubejs-common.mixins.json into net.minecraft.world.item.ItemStack
[26Sep2025 23:14:33.143] [main/DEBUG] [mixin/]: Mixing common.ItemStackMixin from lodestone.mixins.json into net.minecraft.world.item.ItemStack
[26Sep2025 23:14:33.161] [main/DEBUG] [mixin/]: Mixing world.explosions.ExplosionMixin from lithium.mixins.json into net.minecraft.world.level.Explosion
[26Sep2025 23:14:33.161] [main/DEBUG] [mixin/]: lithium.mixins.json:world.explosions.ExplosionMixin: Class version 61 required is higher than the class version supported by the current version of Mixin (JAVA_16 supports class version 60)
[26Sep2025 23:14:33.166] [main/DEBUG] [mixin/]: Mixing ExplosionMixin from amendments-common.mixins.json into net.minecraft.world.level.Explosion
[26Sep2025 23:14:33.167] [main/DEBUG] [mixin/]: Mixing compat1202minus.compat116plus.ExplosionMixin from pehkui.mixins.json into net.minecraft.world.level.Explosion
[26Sep2025 23:14:33.176] [main/DEBUG] [mixin/]: Mixing FixBlockPlaceContextMixin from moonlight-common.mixins.json into net.minecraft.world.item.context.BlockPlaceContext
[26Sep2025 23:14:33.191] [main/INFO] [net.minecraft.server.Bootstrap/]: Vanilla bootstrap took 1815 milliseconds
[26Sep2025 23:14:33.246] [main/DEBUG] [io.netty.util.internal.PlatformDependent0/]: -Dio.netty.noUnsafe: false
[26Sep2025 23:14:33.246] [main/DEBUG] [io.netty.util.internal.PlatformDependent0/]: Java version: 17
[26Sep2025 23:14:33.247] [main/DEBUG] [io.netty.util.internal.PlatformDependent0/]: sun.misc.Unsafe.theUnsafe: available
[26Sep2025 23:14:33.247] [main/DEBUG] [io.netty.util.internal.PlatformDependent0/]: sun.misc.Unsafe.copyMemory: available
[26Sep2025 23:14:33.247] [main/DEBUG] [io.netty.util.internal.PlatformDependent0/]: sun.misc.Unsafe.storeFence: available
[26Sep2025 23:14:33.247] [main/DEBUG] [io.netty.util.internal.PlatformDependent0/]: java.nio.Buffer.address: available
[26Sep2025 23:14:33.248] [main/DEBUG] [io.netty.util.internal.PlatformDependent0/]: direct buffer constructor: unavailable
java.lang.UnsupportedOperationException: Reflective setAccessible(true) disabled
	at io.netty.util.internal.ReflectionUtil.trySetAccessible(ReflectionUtil.java:31) ~[netty-common-4.1.82.Final.jar%2382!/:4.1.82.Final]
	at io.netty.util.internal.PlatformDependent0$5.run(PlatformDependent0.java:288) ~[netty-common-4.1.82.Final.jar%2382!/:4.1.82.Final]
	at java.security.AccessController.doPrivileged(AccessController.java:318) ~[?:?]
	at io.netty.util.internal.PlatformDependent0.<clinit>(PlatformDependent0.java:282) ~[netty-common-4.1.82.Final.jar%2382!/:4.1.82.Final]
	at io.netty.util.internal.PlatformDependent.isAndroid(PlatformDependent.java:333) ~[netty-common-4.1.82.Final.jar%2382!/:4.1.82.Final]
	at io.netty.util.internal.PlatformDependent.<clinit>(PlatformDependent.java:88) ~[netty-common-4.1.82.Final.jar%2382!/:4.1.82.Final]
	at io.netty.util.ConstantPool.<init>(ConstantPool.java:34) ~[netty-common-4.1.82.Final.jar%2382!/:4.1.82.Final]
	at io.netty.util.AttributeKey$1.<init>(AttributeKey.java:27) ~[netty-common-4.1.82.Final.jar%2382!/:4.1.82.Final]
	at io.netty.util.AttributeKey.<clinit>(AttributeKey.java:27) ~[netty-common-4.1.82.Final.jar%2382!/:4.1.82.Final]
	at net.minecraftforge.network.NetworkConstants.<clinit>(NetworkConstants.java:34) ~[forge-1.20.1-47.3.7-universal.jar%23228!/:?]
	at net.minecraft.server.Bootstrap.handler$bcp000$doClassloadHack(Bootstrap.java:1034) ~[server-1.20.1-20230612.114412-srg.jar%23223!/:?]
	at net.minecraft.server.Bootstrap.m_135870_(Bootstrap.java:64) ~[server-1.20.1-20230612.114412-srg.jar%23223!/:?]
	at net.minecraftforge.registries.ForgeRegistries.init(ForgeRegistries.java:212) ~[forge-1.20.1-47.3.7-universal.jar%23228!/:?]
	at net.minecraftforge.registries.ForgeRegistries.<clinit>(ForgeRegistries.java:65) ~[forge-1.20.1-47.3.7-universal.jar%23228!/:?]
	at net.minecraft.world.level.block.LiquidBlock.<init>(LiquidBlock.java:53) ~[server-1.20.1-20230612.114412-srg.jar%23223!/:?]
	at net.minecraft.world.level.block.Blocks.<clinit>(Blocks.java:77) ~[server-1.20.1-20230612.114412-srg.jar%23223!/:?]
	at net.minecraft.world.level.block.FireBlock.m_53484_(FireBlock.java:301) ~[server-1.20.1-20230612.114412-srg.jar%23223!/:?]
	at net.minecraft.server.Bootstrap.m_135870_(Bootstrap.java:46) ~[server-1.20.1-20230612.114412-srg.jar%23223!/:?]
	at net.minecraft.server.Main.main(Main.java:121) ~[server-1.20.1-20230612.114412-srg.jar%23223!/:?]
	at jdk.internal.reflect.NativeMethodAccessorImpl.invoke0(Native Method) ~[?:?]
	at jdk.internal.reflect.NativeMethodAccessorImpl.invoke(NativeMethodAccessorImpl.java:77) ~[?:?]
	at jdk.internal.reflect.DelegatingMethodAccessorImpl.invoke(DelegatingMethodAccessorImpl.java:43) ~[?:?]
	at java.lang.reflect.Method.invoke(Method.java:569) ~[?:?]
	at net.minecraftforge.fml.loading.targets.CommonLaunchHandler.runTarget(CommonLaunchHandler.java:111) ~[fmlloader-1.20.1-47.3.7.jar%2369!/:?]
	at net.minecraftforge.fml.loading.targets.CommonLaunchHandler.serverService(CommonLaunchHandler.java:103) ~[fmlloader-1.20.1-47.3.7.jar%2369!/:?]
	at net.minecraftforge.fml.loading.targets.CommonServerLaunchHandler.lambda$makeService$0(CommonServerLaunchHandler.java:27) ~[fmlloader-1.20.1-47.3.7.jar%2369!/:?]
	at cpw.mods.modlauncher.LaunchServiceHandlerDecorator.launch(LaunchServiceHandlerDecorator.java:30) ~[modlauncher-10.0.9.jar%2355!/:?]
	at cpw.mods.modlauncher.LaunchServiceHandler.launch(LaunchServiceHandler.java:53) ~[modlauncher-10.0.9.jar%2355!/:?]
	at cpw.mods.modlauncher.LaunchServiceHandler.launch(LaunchServiceHandler.java:71) ~[modlauncher-10.0.9.jar%2355!/:?]
	at cpw.mods.modlauncher.Launcher.run(Launcher.java:108) ~[modlauncher-10.0.9.jar%2355!/:?]
	at cpw.mods.modlauncher.Launcher.main(Launcher.java:78) ~[modlauncher-10.0.9.jar%2355!/:?]
	at cpw.mods.modlauncher.BootstrapLaunchConsumer.accept(BootstrapLaunchConsumer.java:26) ~[modlauncher-10.0.9.jar%2355!/:?]
	at cpw.mods.modlauncher.BootstrapLaunchConsumer.accept(BootstrapLaunchConsumer.java:23) ~[modlauncher-10.0.9.jar%2355!/:?]
	at cpw.mods.bootstraplauncher.BootstrapLauncher.main(BootstrapLauncher.java:141) ~[bootstraplauncher-1.1.2.jar:?]
[26Sep2025 23:14:33.249] [main/DEBUG] [io.netty.util.internal.PlatformDependent0/]: java.nio.Bits.unaligned: available, true
[26Sep2025 23:14:33.250] [main/DEBUG] [io.netty.util.internal.PlatformDependent0/]: jdk.internal.misc.Unsafe.allocateUninitializedArray(int): unavailable
java.lang.IllegalAccessException: class io.netty.util.internal.PlatformDependent0$7 (in module io.netty.common) cannot access class jdk.internal.misc.Unsafe (in module java.base) because module java.base does not export jdk.internal.misc to module io.netty.common
	at jdk.internal.reflect.Reflection.newIllegalAccessException(Reflection.java:392) ~[?:?]
	at java.lang.reflect.AccessibleObject.checkAccess(AccessibleObject.java:674) ~[?:?]
	at java.lang.reflect.Method.invoke(Method.java:561) ~[?:?]
	at io.netty.util.internal.PlatformDependent0$7.run(PlatformDependent0.java:410) ~[netty-common-4.1.82.Final.jar%2382!/:4.1.82.Final]
	at java.security.AccessController.doPrivileged(AccessController.java:318) ~[?:?]
	at io.netty.util.internal.PlatformDependent0.<clinit>(PlatformDependent0.java:401) ~[netty-common-4.1.82.Final.jar%2382!/:4.1.82.Final]
	at io.netty.util.internal.PlatformDependent.isAndroid(PlatformDependent.java:333) ~[netty-common-4.1.82.Final.jar%2382!/:4.1.82.Final]
	at io.netty.util.internal.PlatformDependent.<clinit>(PlatformDependent.java:88) ~[netty-common-4.1.82.Final.jar%2382!/:4.1.82.Final]
	at io.netty.util.ConstantPool.<init>(ConstantPool.java:34) ~[netty-common-4.1.82.Final.jar%2382!/:4.1.82.Final]
	at io.netty.util.AttributeKey$1.<init>(AttributeKey.java:27) ~[netty-common-4.1.82.Final.jar%2382!/:4.1.82.Final]
	at io.netty.util.AttributeKey.<clinit>(AttributeKey.java:27) ~[netty-common-4.1.82.Final.jar%2382!/:4.1.82.Final]
	at net.minecraftforge.network.NetworkConstants.<clinit>(NetworkConstants.java:34) ~[forge-1.20.1-47.3.7-universal.jar%23228!/:?]
	at net.minecraft.server.Bootstrap.handler$bcp000$doClassloadHack(Bootstrap.java:1034) ~[server-1.20.1-20230612.114412-srg.jar%23223!/:?]
	at net.minecraft.server.Bootstrap.m_135870_(Bootstrap.java:64) ~[server-1.20.1-20230612.114412-srg.jar%23223!/:?]
	at net.minecraftforge.registries.ForgeRegistries.init(ForgeRegistries.java:212) ~[forge-1.20.1-47.3.7-universal.jar%23228!/:?]
	at net.minecraftforge.registries.ForgeRegistries.<clinit>(ForgeRegistries.java:65) ~[forge-1.20.1-47.3.7-universal.jar%23228!/:?]
	at net.minecraft.world.level.block.LiquidBlock.<init>(LiquidBlock.java:53) ~[server-1.20.1-20230612.114412-srg.jar%23223!/:?]
	at net.minecraft.world.level.block.Blocks.<clinit>(Blocks.java:77) ~[server-1.20.1-20230612.114412-srg.jar%23223!/:?]
	at net.minecraft.world.level.block.FireBlock.m_53484_(FireBlock.java:301) ~[server-1.20.1-20230612.114412-srg.jar%23223!/:?]
	at net.minecraft.server.Bootstrap.m_135870_(Bootstrap.java:46) ~[server-1.20.1-20230612.114412-srg.jar%23223!/:?]
	at net.minecraft.server.Main.main(Main.java:121) ~[server-1.20.1-20230612.114412-srg.jar%23223!/:?]
	at jdk.internal.reflect.NativeMethodAccessorImpl.invoke0(Native Method) ~[?:?]
	at jdk.internal.reflect.NativeMethodAccessorImpl.invoke(NativeMethodAccessorImpl.java:77) ~[?:?]
	at jdk.internal.reflect.DelegatingMethodAccessorImpl.invoke(DelegatingMethodAccessorImpl.java:43) ~[?:?]
	at java.lang.reflect.Method.invoke(Method.java:569) ~[?:?]
	at net.minecraftforge.fml.loading.targets.CommonLaunchHandler.runTarget(CommonLaunchHandler.java:111) ~[fmlloader-1.20.1-47.3.7.jar%2369!/:?]
	at net.minecraftforge.fml.loading.targets.CommonLaunchHandler.serverService(CommonLaunchHandler.java:103) ~[fmlloader-1.20.1-47.3.7.jar%2369!/:?]
	at net.minecraftforge.fml.loading.targets.CommonServerLaunchHandler.lambda$makeService$0(CommonServerLaunchHandler.java:27) ~[fmlloader-1.20.1-47.3.7.jar%2369!/:?]
	at cpw.mods.modlauncher.LaunchServiceHandlerDecorator.launch(LaunchServiceHandlerDecorator.java:30) ~[modlauncher-10.0.9.jar%2355!/:?]
	at cpw.mods.modlauncher.LaunchServiceHandler.launch(LaunchServiceHandler.java:53) ~[modlauncher-10.0.9.jar%2355!/:?]
	at cpw.mods.modlauncher.LaunchServiceHandler.launch(LaunchServiceHandler.java:71) ~[modlauncher-10.0.9.jar%2355!/:?]
	at cpw.mods.modlauncher.Launcher.run(Launcher.java:108) ~[modlauncher-10.0.9.jar%2355!/:?]
	at cpw.mods.modlauncher.Launcher.main(Launcher.java:78) ~[modlauncher-10.0.9.jar%2355!/:?]
	at cpw.mods.modlauncher.BootstrapLaunchConsumer.accept(BootstrapLaunchConsumer.java:26) ~[modlauncher-10.0.9.jar%2355!/:?]
	at cpw.mods.modlauncher.BootstrapLaunchConsumer.accept(BootstrapLaunchConsumer.java:23) ~[modlauncher-10.0.9.jar%2355!/:?]
	at cpw.mods.bootstraplauncher.BootstrapLauncher.main(BootstrapLauncher.java:141) ~[bootstraplauncher-1.1.2.jar:?]
[26Sep2025 23:14:33.252] [main/DEBUG] [io.netty.util.internal.PlatformDependent0/]: java.nio.DirectByteBuffer.<init>(long, int): unavailable
[26Sep2025 23:14:33.252] [main/DEBUG] [io.netty.util.internal.PlatformDependent/]: sun.misc.Unsafe: available
[26Sep2025 23:14:33.253] [main/DEBUG] [io.netty.util.internal.PlatformDependent/]: maxDirectMemory: 12884901888 bytes (maybe)
[26Sep2025 23:14:33.254] [main/DEBUG] [io.netty.util.internal.PlatformDependent/]: -Dio.netty.tmpdir: /tmp (java.io.tmpdir)
[26Sep2025 23:14:33.254] [main/DEBUG] [io.netty.util.internal.PlatformDependent/]: -Dio.netty.bitMode: 64 (sun.arch.data.model)
[26Sep2025 23:14:33.255] [main/DEBUG] [io.netty.util.internal.PlatformDependent/]: -Dio.netty.maxDirectMemory: -1 bytes
[26Sep2025 23:14:33.256] [main/DEBUG] [io.netty.util.internal.PlatformDependent/]: -Dio.netty.uninitializedArrayAllocationThreshold: -1
[26Sep2025 23:14:33.257] [main/DEBUG] [io.netty.util.internal.CleanerJava9/]: java.nio.ByteBuffer.cleaner(): available
[26Sep2025 23:14:33.257] [main/DEBUG] [io.netty.util.internal.PlatformDependent/]: -Dio.netty.noPreferDirect: false
[26Sep2025 23:14:33.293] [main/DEBUG] [mixin/]: Mixing v1_19_4_forge.ServerboundCustomPayloadPacketMixin from packetfixer.v1_19_4.forge.mixins.json into net.minecraft.network.protocol.game.ServerboundCustomPayloadPacket
[26Sep2025 23:14:33.297] [main/DEBUG] [mixin/]: Mixing v1_19_4_forge.FriendlyByteBufMixin from packetfixer.v1_19_4.forge.mixins.json into net.minecraft.network.FriendlyByteBuf
[26Sep2025 23:14:33.323] [main/DEBUG] [mixin/]: Mixing v1_19_4_forge.ClientboundCustomPayloadPacketMixin from packetfixer.v1_19_4.forge.mixins.json into net.minecraft.network.protocol.game.ClientboundCustomPayloadPacket
[26Sep2025 23:14:33.335] [main/DEBUG] [mixin/]: Mixing v1_19_4_forge.ServerboundCustomQueryPacketMixin from packetfixer.v1_19_4.forge.mixins.json into net.minecraft.network.protocol.login.ServerboundCustomQueryPacket
[26Sep2025 23:14:33.338] [main/DEBUG] [mixin/]: Mixing v1_19_4_forge.ClientboundCustomQueryPacketMixin from packetfixer.v1_19_4.forge.mixins.json into net.minecraft.network.protocol.login.ClientboundCustomQueryPacket
[26Sep2025 23:14:33.384] [main/DEBUG] [mixin/]: Mixing DyeColorMixin from rhino-common.mixins.json into net.minecraft.world.item.DyeColor
[26Sep2025 23:14:33.396] [main/DEBUG] [mixin/]: Mixing PreEntityTickMixin from pehkui.mixins.json into net.minecraft.world.entity.item.FallingBlockEntity
[26Sep2025 23:14:33.397] [main/DEBUG] [mixin/]: Mixing FallingBlockEntityMixin from blueprint.mixins.json into net.minecraft.world.entity.item.FallingBlockEntity
[26Sep2025 23:14:33.397] [main/DEBUG] [mixin/]: Mixing MixinFallingBlockEntity from architectury.mixins.json into net.minecraft.world.entity.item.FallingBlockEntity
[26Sep2025 23:14:33.432] [main/DEBUG] [mixin/]: Mixing reach.compat1204minus.compat1194plus.InventoryMixin from pehkui.mixins.json into net.minecraft.world.Container
[26Sep2025 23:14:33.433] [main/DEBUG] [mixin/]: Mixing ContainerMixin from kubejs-common.mixins.json into net.minecraft.world.Container
[26Sep2025 23:14:33.443] [main/DEBUG] [mixin/]: Mixing util.inventory_change_listening.StackListReplacementTracking$InventoryChangeTrackingDispenserBlockEntity from lithium.mixins.json into net.minecraft.world.level.block.entity.DispenserBlockEntity
[26Sep2025 23:14:33.444] [main/DEBUG] [mixin/]: lithium.mixins.json:util.inventory_change_listening.StackListReplacementTracking$InventoryChangeTrackingDispenserBlockEntity: Class version 61 required is higher than the class version supported by the current version of Mixin (JAVA_16 supports class version 60)
[26Sep2025 23:14:33.444] [main/DEBUG] [mixin/]: Mixing accessor.DispenserBlockEntityAccessor from moonlight-common.mixins.json into net.minecraft.world.level.block.entity.DispenserBlockEntity
[26Sep2025 23:14:33.449] [main/DEBUG] [mixin/]: Mixing util.inventory_change_listening.LockableContainerBlockEntityMixin from lithium.mixins.json into net.minecraft.world.level.block.entity.BaseContainerBlockEntity
[26Sep2025 23:14:33.449] [main/DEBUG] [mixin/]: lithium.mixins.json:util.inventory_change_listening.LockableContainerBlockEntityMixin: Class version 61 required is higher than the class version supported by the current version of Mixin (JAVA_16 supports class version 60)
[26Sep2025 23:14:33.449] [main/DEBUG] [mixin/]: Renaming synthetic method lambda$emitFirstComparatorAdded$0(Lme/jellysquid/mods/lithium/common/block/entity/inventory_change_tracking/InventoryChangeListener;)Z to md139335$lambda$emitFirstComparatorAdded$0$0 in lithium.mixins.json:util.inventory_change_listening.LockableContainerBlockEntityMixin
[26Sep2025 23:14:33.454] [main/DEBUG] [mixin/]: Mixing util.inventory_change_listening.StackListReplacementTracking$StackListReplacementTrackingLockableContainerBlockEntity from lithium.mixins.json into net.minecraft.world.level.block.entity.BaseContainerBlockEntity
[26Sep2025 23:14:33.454] [main/DEBUG] [mixin/]: lithium.mixins.json:util.inventory_change_listening.StackListReplacementTracking$StackListReplacementTrackingLockableContainerBlockEntity: Class version 61 required is higher than the class version supported by the current version of Mixin (JAVA_16 supports class version 60)
[26Sep2025 23:14:33.480] [main/DEBUG] [mixin/]: Mixing math.fast_util.AxisCycleDirectionMixin$ForwardMixin from lithium.mixins.json into net.minecraft.core.AxisCycle$2
[26Sep2025 23:14:33.480] [main/DEBUG] [mixin/]: lithium.mixins.json:math.fast_util.AxisCycleDirectionMixin$ForwardMixin: Class version 61 required is higher than the class version supported by the current version of Mixin (JAVA_16 supports class version 60)
[26Sep2025 23:14:33.482] [main/DEBUG] [mixin/]: Mixing math.fast_util.AxisCycleDirectionMixin$BackwardMixin from lithium.mixins.json into net.minecraft.core.AxisCycle$3
[26Sep2025 23:14:33.482] [main/DEBUG] [mixin/]: lithium.mixins.json:math.fast_util.AxisCycleDirectionMixin$BackwardMixin: Class version 61 required is higher than the class version supported by the current version of Mixin (JAVA_16 supports class version 60)
[26Sep2025 23:14:33.500] [main/DEBUG] [mixin/]: Mixing entity.collisions.unpushable_cramming.AbstractMinecartEntityMixin from lithium.mixins.json into net.minecraft.world.entity.vehicle.AbstractMinecart
[26Sep2025 23:14:33.500] [main/DEBUG] [mixin/]: lithium.mixins.json:entity.collisions.unpushable_cramming.AbstractMinecartEntityMixin: Class version 61 required is higher than the class version supported by the current version of Mixin (JAVA_16 supports class version 60)
[26Sep2025 23:14:33.500] [main/DEBUG] [mixin/]: Mixing entity.replace_entitytype_predicates.AbstractMinecartEntityMixin from lithium.mixins.json into net.minecraft.world.entity.vehicle.AbstractMinecart
[26Sep2025 23:14:33.501] [main/DEBUG] [mixin/]: lithium.mixins.json:entity.replace_entitytype_predicates.AbstractMinecartEntityMixin: Class version 61 required is higher than the class version supported by the current version of Mixin (JAVA_16 supports class version 60)
[26Sep2025 23:14:33.501] [main/DEBUG] [mixin/]: Renaming synthetic method lambda$getOtherAbstractMinecarts$0(Lnet/minecraft/world/entity/Entity;Lnet/minecraft/world/entity/vehicle/AbstractMinecart;)Z to md139335$lambda$getOtherAbstractMinecarts$0$0 in lithium.mixins.json:entity.replace_entitytype_predicates.AbstractMinecartEntityMixin
[26Sep2025 23:14:33.501] [main/DEBUG] [mixin/]: Mixing PreEntityTickMixin from pehkui.mixins.json into net.minecraft.world.entity.vehicle.AbstractMinecart
[26Sep2025 23:14:33.501] [main/DEBUG] [mixin/]: Mixing AbstractMinecartMixin from hoppergadgetry.common.mixins.json into net.minecraft.world.entity.vehicle.AbstractMinecart
[26Sep2025 23:14:33.512] [main/DEBUG] [mixin/]: Mixing math.fast_util.BoxMixin from lithium.mixins.json into net.minecraft.world.phys.AABB
[26Sep2025 23:14:33.512] [main/DEBUG] [mixin/]: lithium.mixins.json:math.fast_util.BoxMixin: Class version 61 required is higher than the class version supported by the current version of Mixin (JAVA_16 supports class version 60)
[26Sep2025 23:14:33.529] [main/DEBUG] [mixin/]: Mixing block.moving_block_shapes.PistonBlockEntityMixin from lithium.mixins.json into net.minecraft.world.level.block.piston.PistonMovingBlockEntity
[26Sep2025 23:14:33.530] [main/DEBUG] [mixin/]: lithium.mixins.json:block.moving_block_shapes.PistonBlockEntityMixin: Class version 61 required is higher than the class version supported by the current version of Mixin (JAVA_16 supports class version 60)
[26Sep2025 23:14:33.532] [main/DEBUG] [mixin/]: Mixing PistonBlockEntityMixin from moonlight-common.mixins.json into net.minecraft.world.level.block.piston.PistonMovingBlockEntity
[26Sep2025 23:14:33.549] [main/DEBUG] [mixin/]: Mixing RangedAttributeAccessor from palladium-common.mixins.json into net.minecraft.world.entity.ai.attributes.RangedAttribute
[26Sep2025 23:14:33.572] [main/DEBUG] [mixin/]: Mixing PreEntityTickMixin from pehkui.mixins.json into net.minecraft.world.entity.item.PrimedTnt
[26Sep2025 23:14:33.575] [main/DEBUG] [mixin/]: Mixing compat116plus.ProjectileEntityMixin from pehkui.mixins.json into net.minecraft.world.entity.projectile.Projectile
[26Sep2025 23:14:33.621] [main/DEBUG] [mixin/]: Mixing util.inventory_change_listening.ChestBlockEntityMixin from lithium.mixins.json into net.minecraft.world.level.block.entity.ChestBlockEntity
[26Sep2025 23:14:33.621] [main/DEBUG] [mixin/]: lithium.mixins.json:util.inventory_change_listening.ChestBlockEntityMixin: Class version 61 required is higher than the class version supported by the current version of Mixin (JAVA_16 supports class version 60)
[26Sep2025 23:14:33.621] [main/DEBUG] [mixin/]: Mixing util.inventory_change_listening.StackListReplacementTracking$InventoryChangeTrackingChestBlockEntity from lithium.mixins.json into net.minecraft.world.level.block.entity.ChestBlockEntity
[26Sep2025 23:14:33.621] [main/DEBUG] [mixin/]: lithium.mixins.json:util.inventory_change_listening.StackListReplacementTracking$InventoryChangeTrackingChestBlockEntity: Class version 61 required is higher than the class version supported by the current version of Mixin (JAVA_16 supports class version 60)
[26Sep2025 23:14:33.647] [main/DEBUG] [mixin/]: Mixing compat1204minus.ScreenHandlerMixin from pehkui.mixins.json into net.minecraft.world.inventory.AbstractContainerMenu
[26Sep2025 23:14:33.647] [main/DEBUG] [mixin/]: Mixing reach.compat1204minus.ScreenHandlerMixin from pehkui.mixins.json into net.minecraft.world.inventory.AbstractContainerMenu
[26Sep2025 23:14:33.648] [main/DEBUG] [mixin/]: Mixing AbstractContainerMenuMixin from palladium-common.mixins.json into net.minecraft.world.inventory.AbstractContainerMenu
[26Sep2025 23:14:33.649] [main/DEBUG] [mixin/]: Mixing AbstractContainerMenuMixin from relics.mixins.json into net.minecraft.world.inventory.AbstractContainerMenu
[26Sep2025 23:14:33.649] [main/DEBUG] [mixin/]: relics.mixins.json:AbstractContainerMenuMixin: Class version 61 required is higher than the class version supported by the current version of Mixin (JAVA_8 supports class version 52)
[26Sep2025 23:14:33.651] [main/DEBUG] [mixin/]: Mixing accessor.AbstractContainerMenuAccessor from puzzleslib.common.mixins.json into net.minecraft.world.inventory.AbstractContainerMenu
[26Sep2025 23:14:33.659] [main/DEBUG] [mixin/]: Mixing InventoryMixin from palladium-common.mixins.json into net.minecraft.world.entity.player.Inventory
[26Sep2025 23:14:33.661] [main/DEBUG] [mixin/]: Mixing InventoryMixin from carryon.mixins.json into net.minecraft.world.entity.player.Inventory
[26Sep2025 23:14:33.662] [main/DEBUG] [mixin/]: Mixing InventoryMixin from moonlight-common.mixins.json into net.minecraft.world.entity.player.Inventory
[26Sep2025 23:14:33.662] [main/DEBUG] [mixin/]: Mixing MixinInventory from curios.mixins.json into net.minecraft.world.entity.player.Inventory
[26Sep2025 23:14:33.674] [main/DEBUG] [mixin/]: Mixing util.inventory_change_listening.StackListReplacementTracking$InventoryChangeTrackingAbstractFurnaceBlockEntity from lithium.mixins.json into net.minecraft.world.level.block.entity.AbstractFurnaceBlockEntity
[26Sep2025 23:14:33.674] [main/DEBUG] [mixin/]: lithium.mixins.json:util.inventory_change_listening.StackListReplacementTracking$InventoryChangeTrackingAbstractFurnaceBlockEntity: Class version 61 required is higher than the class version supported by the current version of Mixin (JAVA_16 supports class version 60)
[26Sep2025 23:14:33.679] [main/DEBUG] [mixin/]: Mixing SignBlockEntityMixin from amendments-common.mixins.json into net.minecraft.world.level.block.entity.SignBlockEntity
[26Sep2025 23:14:33.705] [main/DEBUG] [mixin/]: Mixing HangingSignBlockEntityMixin from amendments-common.mixins.json into net.minecraft.world.level.block.entity.HangingSignBlockEntity
[26Sep2025 23:14:33.721] [main/DEBUG] [mixin/]: Mixing PersistentProjectileEntityMixin from pehkui.mixins.json into net.minecraft.world.entity.projectile.AbstractArrow
[26Sep2025 23:14:33.721] [main/DEBUG] [mixin/]: Mixing compat116plus.PersistentProjectileEntityMixin from pehkui.mixins.json into net.minecraft.world.entity.projectile.AbstractArrow
[26Sep2025 23:14:33.721] [main/DEBUG] [mixin/]: Mixing compat1202minus.PersistentProjectileEntityMixin from pehkui.mixins.json into net.minecraft.world.entity.projectile.AbstractArrow
[26Sep2025 23:14:33.722] [main/DEBUG] [mixin/]: Mixing compat1204minus.PersistentProjectileEntityMixin from pehkui.mixins.json into net.minecraft.world.entity.projectile.AbstractArrow
[26Sep2025 23:14:33.731] [main/DEBUG] [mixin/]: Mixing JukeboxBlockEntityMixin from amendments-common.mixins.json into net.minecraft.world.level.block.entity.JukeboxBlockEntity
[26Sep2025 23:14:33.764] [main/DEBUG] [mixin/]: Mixing compat1201minus.EntityVehicleHeightOffsetMixin from pehkui.mixins.json into net.minecraft.world.entity.monster.Silverfish
[26Sep2025 23:14:33.807] [main/DEBUG] [mixin/]: Mixing util.inventory_change_listening.StackListReplacementTracking$InventoryChangeTrackingBrewingStandBlockEntity from lithium.mixins.json into net.minecraft.world.level.block.entity.BrewingStandBlockEntity
[26Sep2025 23:14:33.807] [main/DEBUG] [mixin/]: lithium.mixins.json:util.inventory_change_listening.StackListReplacementTracking$InventoryChangeTrackingBrewingStandBlockEntity: Class version 61 required is higher than the class version supported by the current version of Mixin (JAVA_16 supports class version 60)
[26Sep2025 23:14:33.807] [main/DEBUG] [mixin/]: Mixing BrewingStandMixin from amendments-common.mixins.json into net.minecraft.world.level.block.entity.BrewingStandBlockEntity
[26Sep2025 23:14:33.826] [main/DEBUG] [mixin/]: Mixing accessor.SimpleContainerAccessor from puzzleslib.common.mixins.json into net.minecraft.world.SimpleContainer
[26Sep2025 23:14:33.866] [main/DEBUG] [mixin/]: Mixing SkullBlockEntityMixin from amendments-common.mixins.json into net.minecraft.world.level.block.entity.SkullBlockEntity
[26Sep2025 23:14:33.871] [main/DEBUG] [mixin/]: Mixing WitherEntityMixin from pehkui.mixins.json into net.minecraft.world.entity.boss.wither.WitherBoss
[26Sep2025 23:14:33.871] [main/DEBUG] [mixin/]: Mixing compat1204minus.WitherEntityMixin from pehkui.mixins.json into net.minecraft.world.entity.boss.wither.WitherBoss
[26Sep2025 23:14:33.881] [main/DEBUG] [mixin/]: Mixing compat1204minus.compat116plus.ForgingScreenHandlerMixin from pehkui.mixins.json into net.minecraft.world.inventory.ItemCombinerMenu
[26Sep2025 23:14:33.881] [main/DEBUG] [mixin/]: Mixing reach.compat1204minus.compat116plus.ForgingScreenHandlerMixin from pehkui.mixins.json into net.minecraft.world.inventory.ItemCombinerMenu
[26Sep2025 23:14:33.885] [main/DEBUG] [mixin/]: Mixing DamageSourceMixin from kubejs-common.mixins.json into net.minecraft.world.damagesource.DamageSource
[26Sep2025 23:14:33.889] [main/DEBUG] [mixin/]: Mixing entity.replace_entitytype_predicates.ItemFrameEntityMixin from lithium.mixins.json into net.minecraft.world.entity.decoration.ItemFrame
[26Sep2025 23:14:33.889] [main/DEBUG] [mixin/]: lithium.mixins.json:entity.replace_entitytype_predicates.ItemFrameEntityMixin: Class version 61 required is higher than the class version supported by the current version of Mixin (JAVA_16 supports class version 60)
[26Sep2025 23:14:33.890] [main/DEBUG] [mixin/]: Renaming synthetic method lambda$getAbstractDecorationEntities$0(Lnet/minecraft/world/entity/Entity;Lnet/minecraft/world/entity/decoration/HangingEntity;)Z to md139335$lambda$getAbstractDecorationEntities$0$0 in lithium.mixins.json:entity.replace_entitytype_predicates.ItemFrameEntityMixin
[26Sep2025 23:14:33.890] [main/DEBUG] [mixin/]: Mixing ItemFrameEntityMixin from pehkui.mixins.json into net.minecraft.world.entity.decoration.ItemFrame
[26Sep2025 23:14:33.891] [main/DEBUG] [mixin/]: Mixing ItemFrameEntityMixin from kubejs-common.mixins.json into net.minecraft.world.entity.decoration.ItemFrame
[26Sep2025 23:14:33.896] [main/DEBUG] [mixin/]: Mixing entity.replace_entitytype_predicates.AbstractDecorationEntityMixin from lithium.mixins.json into net.minecraft.world.entity.decoration.HangingEntity
[26Sep2025 23:14:33.896] [main/DEBUG] [mixin/]: lithium.mixins.json:entity.replace_entitytype_predicates.AbstractDecorationEntityMixin: Class version 61 required is higher than the class version supported by the current version of Mixin (JAVA_16 supports class version 60)
[26Sep2025 23:14:33.896] [main/DEBUG] [mixin/]: Renaming synthetic method lambda$getAbstractDecorationEntities$0(Lnet/minecraft/world/entity/Entity;Lnet/minecraft/world/entity/decoration/HangingEntity;)Z to md139335$lambda$getAbstractDecorationEntities$0$0 in lithium.mixins.json:entity.replace_entitytype_predicates.AbstractDecorationEntityMixin
[26Sep2025 23:14:33.897] [main/DEBUG] [mixin/]: Mixing AbstractDecorationEntityMixin from pehkui.mixins.json into net.minecraft.world.entity.decoration.HangingEntity
[26Sep2025 23:14:33.898] [main/DEBUG] [mixin/]: Mixing PreEntityTickMixin from pehkui.mixins.json into net.minecraft.world.entity.decoration.HangingEntity
[26Sep2025 23:14:33.898] [main/DEBUG] [mixin/]: Mixing AbstractDecorationEntityMixin from bettervillage.mixins.json into net.minecraft.world.entity.decoration.HangingEntity
[26Sep2025 23:14:33.906] [main/DEBUG] [mixin/]: Mixing entity.hopper_minecart.HopperBlockEntityMixin from lithium.mixins.json into net.minecraft.world.level.block.entity.HopperBlockEntity
[26Sep2025 23:14:33.907] [main/DEBUG] [mixin/]: lithium.mixins.json:entity.hopper_minecart.HopperBlockEntityMixin: Class version 61 required is higher than the class version supported by the current version of Mixin (JAVA_16 supports class version 60)
[26Sep2025 23:14:33.909] [main/DEBUG] [mixin/]: Mixing util.inventory_change_listening.StackListReplacementTracking$InventoryChangeTrackingHopperBlockEntity from lithium.mixins.json into net.minecraft.world.level.block.entity.HopperBlockEntity
[26Sep2025 23:14:33.909] [main/DEBUG] [mixin/]: lithium.mixins.json:util.inventory_change_listening.StackListReplacementTracking$InventoryChangeTrackingHopperBlockEntity: Class version 61 required is higher than the class version supported by the current version of Mixin (JAVA_16 supports class version 60)
[26Sep2025 23:14:33.973] [main/DEBUG] [mixin/]: Mixing TheEndGatewayBlockEntityMixin from betterendisland.mixins.json into net.minecraft.world.level.block.entity.TheEndGatewayBlockEntity
[26Sep2025 23:14:33.982] [main/DEBUG] [mixin/]: Mixing util.inventory_change_listening.StackListReplacementTracking$InventoryChangeTrackingShulkerBoxBlockEntity from lithium.mixins.json into net.minecraft.world.level.block.entity.ShulkerBoxBlockEntity
[26Sep2025 23:14:33.982] [main/DEBUG] [mixin/]: lithium.mixins.json:util.inventory_change_listening.StackListReplacementTracking$InventoryChangeTrackingShulkerBoxBlockEntity: Class version 61 required is higher than the class version supported by the current version of Mixin (JAVA_16 supports class version 60)
[26Sep2025 23:14:33.988] [main/DEBUG] [mixin/]: Mixing compat116plus.AnimalEntityMixin from pehkui.mixins.json into net.minecraft.world.entity.animal.Animal
[26Sep2025 23:14:33.989] [main/DEBUG] [mixin/]: Mixing compat1201minus.EntityVehicleHeightOffsetMixin from pehkui.mixins.json into net.minecraft.world.entity.animal.Animal
[26Sep2025 23:14:33.995] [main/DEBUG] [mixin/]: Mixing compat1201minus.compat120plus.SnifferEntityMixin from pehkui.mixins.json into net.minecraft.world.entity.animal.sniffer.Sniffer
[26Sep2025 23:14:34.035] [main/DEBUG] [mixin/]: Mixing util.inventory_change_listening.StackListReplacementTracking$InventoryChangeTrackingBarrelBlockEntity from lithium.mixins.json into net.minecraft.world.level.block.entity.BarrelBlockEntity
[26Sep2025 23:14:34.036] [main/DEBUG] [mixin/]: lithium.mixins.json:util.inventory_change_listening.StackListReplacementTracking$InventoryChangeTrackingBarrelBlockEntity: Class version 61 required is higher than the class version supported by the current version of Mixin (JAVA_16 supports class version 60)
[26Sep2025 23:14:34.044] [main/DEBUG] [mixin/]: Mixing LecternBlockEntityMixin from amendments-common.mixins.json into net.minecraft.world.level.block.entity.LecternBlockEntity
[26Sep2025 23:14:34.047] [main/DEBUG] [mixin/]: Mixing LecternBlockEntityUpdateMixin from amendments-common.mixins.json into net.minecraft.world.level.block.entity.LecternBlockEntity
[26Sep2025 23:14:34.052] [main/DEBUG] [mixin/]: Mixing SmithingMenuMixin from citadel.mixins.json into net.minecraft.world.inventory.SmithingMenu
[26Sep2025 23:14:34.057] [main/DEBUG] [mixin/]: Mixing BellTileEntityMixin from amendments-common.mixins.json into net.minecraft.world.level.block.entity.BellBlockEntity
[26Sep2025 23:14:34.062] [main/DEBUG] [mixin/]: Mixing CampfireBlockEntityMixin from amendments-common.mixins.json into net.minecraft.world.level.block.entity.CampfireBlockEntity
[26Sep2025 23:14:34.068] [main/DEBUG] [mixin/]: Mixing ChunkGeneratorMixin from citadel.mixins.json into net.minecraft.world.level.chunk.ChunkGenerator
[26Sep2025 23:14:34.145] [main/DEBUG] [mixin/]: Mixing ServerPlayerMixin from betterendisland.mixins.json into net.minecraft.server.level.ServerPlayer
[26Sep2025 23:14:34.145] [main/DEBUG] [mixin/]: Mixing ServerPlayerEntityMixin from pehkui.mixins.json into net.minecraft.server.level.ServerPlayer
[26Sep2025 23:14:34.147] [main/DEBUG] [mixin/]: Mixing ServerPlayerEntityTickMixin from yungsapi.mixins.json into net.minecraft.server.level.ServerPlayer
[26Sep2025 23:14:34.148] [main/DEBUG] [mixin/]: Mixing ServerPlayerMixin from moonlight-common.mixins.json into net.minecraft.server.level.ServerPlayer
[26Sep2025 23:14:34.149] [main/DEBUG] [mixin/]: Mixing MixinServerPlayer from xaerohud.mixins.json into net.minecraft.server.level.ServerPlayer
[26Sep2025 23:14:34.150] [main/DEBUG] [mixin/]: Mixing ServerPlayerMixin from kubejs-common.mixins.json into net.minecraft.server.level.ServerPlayer
[26Sep2025 23:14:34.150] [main/DEBUG] [mixin/]: Mixing ServerPlayerMixin from playerrevive.mixins.json into net.minecraft.server.level.ServerPlayer
[26Sep2025 23:14:34.173] [main/DEBUG] [mixin/]: Mixing LightningBoltMixin from palladiumcore-common.mixins.json into net.minecraft.world.entity.LightningBolt
[26Sep2025 23:14:34.174] [main/DEBUG] [mixin/]: Mixing LightningEntityMixin from moonlight-common.mixins.json into net.minecraft.world.entity.LightningBolt
[26Sep2025 23:14:34.174] [main/DEBUG] [mixin/]: Mixing MixinLightningBolt from architectury-common.mixins.json into net.minecraft.world.entity.LightningBolt
[26Sep2025 23:14:34.176] [main/WARN] [mixin/]: @Inject(@At("INVOKE_ASSIGN")) Shift.BY=1 on palladiumcore-common.mixins.json:LightningBoltMixin::handler$zif000$tick exceeds the maximum allowed value: 0. Increase the value of maxShiftBy to suppress this warning.
[26Sep2025 23:14:34.204] [main/DEBUG] [net.minecraftforge.coremod.transformer.CoreModBaseTransformer/COREMOD]: Transforming net/minecraft/world/entity/animal/frog/Tadpole
[26Sep2025 23:14:34.233] [main/DEBUG] [mixin/]: Mixing BlockItemMixin from moonlight-common.mixins.json into net.minecraft.world.item.BlockItem
[26Sep2025 23:14:34.234] [main/DEBUG] [mixin/]: Mixing accessor.BlockItemAccessor from puzzleslib.common.mixins.json into net.minecraft.world.item.BlockItem
[26Sep2025 23:14:34.234] [main/DEBUG] [mixin/]: Mixing common.BlockItemMixin from lodestone.mixins.json into net.minecraft.world.item.BlockItem
[26Sep2025 23:14:34.244] [main/DEBUG] [mixin/]: Mixing tools.ArmorItemMixin from kubejs-common.mixins.json into net.minecraft.world.item.ArmorItem
[26Sep2025 23:14:34.248] [main/DEBUG] [mixin/]: Mixing tools.SwordItemMixin from kubejs-common.mixins.json into net.minecraft.world.item.SwordItem
[26Sep2025 23:14:34.250] [main/DEBUG] [mixin/]: Mixing tools.DiggerItemMixin from kubejs-common.mixins.json into net.minecraft.world.item.DiggerItem
[26Sep2025 23:14:34.256] [main/DEBUG] [net.minecraftforge.coremod.transformer.CoreModBaseTransformer/COREMOD]: Transforming net/minecraft/world/item/BucketItem
[26Sep2025 23:14:34.257] [main/DEBUG] [mixin/]: Mixing inject.MixinBucketItem from architectury-common.mixins.json into net.minecraft.world.item.BucketItem
[26Sep2025 23:14:34.266] [main/DEBUG] [mixin/]: Mixing MapItemMixin from moonlight-common.mixins.json into net.minecraft.world.item.MapItem
[26Sep2025 23:14:34.267] [main/DEBUG] [mixin/]: Renaming synthetic method lambda$update$1(Lnet/minecraft/world/level/saveddata/maps/MapItemSavedData;Lnet/minecraft/world/entity/Entity;Ljava/util/concurrent/atomic/AtomicBoolean;Lnet/minecraft/resources/ResourceLocation;Lnet/mehvahdjukaar/moonlight/api/map/CustomMapData;)V to md139335$lambda$update$1$0 in moonlight-common.mixins.json:MapItemMixin
[26Sep2025 23:14:34.267] [main/DEBUG] [mixin/]: Renaming synthetic method lambda$appendHoverText$0(Lnet/minecraft/world/level/saveddata/maps/MapItemSavedData;Lnet/minecraft/world/item/ItemStack;Ljava/util/List;Lnet/minecraft/resources/ResourceLocation;Lnet/mehvahdjukaar/moonlight/api/map/CustomMapData;)V to md139335$lambda$appendHoverText$0$1 in moonlight-common.mixins.json:MapItemMixin
[26Sep2025 23:14:34.271] [main/DEBUG] [mixin/]: Mixing ShearItemMixin from moonlight-common.mixins.json into net.minecraft.world.item.ShearsItem
[26Sep2025 23:14:34.272] [main/DEBUG] [mixin/]: Mixing MixinShearsItem from curios.mixins.json into net.minecraft.world.item.ShearsItem
[26Sep2025 23:14:34.275] [main/DEBUG] [mixin/]: Mixing PotionTooltipMixin from amendments-common.mixins.json into net.minecraft.world.item.PotionItem
[26Sep2025 23:14:34.280] [main/DEBUG] [mixin/]: Mixing compat116plus.SpawnEggItemMixin from pehkui.mixins.json into net.minecraft.world.item.SpawnEggItem
[26Sep2025 23:14:34.280] [main/DEBUG] [mixin/]: Renaming synthetic method lambda$pehkui$spawnBaby$0(Lnet/minecraft/world/entity/Mob;Lnet/minecraft/world/entity/Mob;)V to md139335$lambda$pehkui$spawnBaby$0$0 in pehkui.mixins.json:compat116plus.SpawnEggItemMixin
[26Sep2025 23:14:34.294] [main/DEBUG] [mixin/]: Mixing tools.TridentItemMixin from kubejs-common.mixins.json into net.minecraft.world.item.TridentItem
[26Sep2025 23:14:34.296] [main/DEBUG] [mixin/]: Mixing compat1204minus.CrossbowItemMixin from pehkui.mixins.json into net.minecraft.world.item.CrossbowItem
[26Sep2025 23:14:34.297] [main/DEBUG] [mixin/]: Mixing CrossbowItemMixin from palladium-common.mixins.json into net.minecraft.world.item.CrossbowItem
[26Sep2025 23:14:34.297] [main/DEBUG] [mixin/]: Renaming synthetic method lambda$shootProjectile$0(Lnet/minecraft/world/InteractionHand;Lnet/minecraft/world/entity/LivingEntity;)V to md139335$lambda$shootProjectile$0$0 in palladium-common.mixins.json:CrossbowItemMixin
[26Sep2025 23:14:34.311] [main/DEBUG] [mixin/]: Mixing compat1202minus.compat120plus.BrushItemMixin from pehkui.mixins.json into net.minecraft.world.item.BrushItem
[26Sep2025 23:14:34.320] [main/DEBUG] [mixin/]: Mixing inject.MixinItemProperties from architectury-common.mixins.json into net.minecraft.world.item.Item$Properties
[26Sep2025 23:14:34.349] [main/DEBUG] [mixin/]: Mixing perf.ticking_chunk_alloc.ChunkAccessMixin from modernfix-common.mixins.json into net.minecraft.world.level.chunk.ChunkAccess
[26Sep2025 23:14:34.353] [main/DEBUG] [mixin/]: Mixing world.inline_block_access.WorldChunkMixin from lithium.mixins.json into net.minecraft.world.level.chunk.LevelChunk
[26Sep2025 23:14:34.354] [main/DEBUG] [mixin/]: lithium.mixins.json:world.inline_block_access.WorldChunkMixin: Class version 61 required is higher than the class version supported by the current version of Mixin (JAVA_16 supports class version 60)
[26Sep2025 23:14:34.355] [main/DEBUG] [mixin/]: Mixing collections.block_entity_tickers.WorldChunkMixin from lithium.mixins.json into net.minecraft.world.level.chunk.LevelChunk
[26Sep2025 23:14:34.355] [main/DEBUG] [mixin/]: lithium.mixins.json:collections.block_entity_tickers.WorldChunkMixin: Class version 61 required is higher than the class version supported by the current version of Mixin (JAVA_16 supports class version 60)
[26Sep2025 23:14:34.355] [main/DEBUG] [mixin/]: Mixing world.combined_heightmap_update.WorldChunkMixin from lithium.mixins.json into net.minecraft.world.level.chunk.LevelChunk
[26Sep2025 23:14:34.355] [main/DEBUG] [mixin/]: lithium.mixins.json:world.combined_heightmap_update.WorldChunkMixin: Class version 61 required is higher than the class version supported by the current version of Mixin (JAVA_16 supports class version 60)
[26Sep2025 23:14:34.356] [main/DEBUG] [mixin/]: Mixing world.inline_height.WorldChunkMixin from lithium.mixins.json into net.minecraft.world.level.chunk.LevelChunk
[26Sep2025 23:14:34.357] [main/DEBUG] [mixin/]: lithium.mixins.json:world.inline_height.WorldChunkMixin: Class version 61 required is higher than the class version supported by the current version of Mixin (JAVA_16 supports class version 60)
[26Sep2025 23:14:34.357] [main/DEBUG] [mixin/]: Mixing LevelChunkMixin from moonlight-common.mixins.json into net.minecraft.world.level.chunk.LevelChunk
[26Sep2025 23:14:34.375] [main/DEBUG] [mixin/]: Mixing entity.inactive_navigations.EntityNavigationMixin from lithium.mixins.json into net.minecraft.world.entity.ai.navigation.PathNavigation
[26Sep2025 23:14:34.376] [main/DEBUG] [mixin/]: lithium.mixins.json:entity.inactive_navigations.EntityNavigationMixin: Class version 61 required is higher than the class version supported by the current version of Mixin (JAVA_16 supports class version 60)
[26Sep2025 23:14:34.388] [main/DEBUG] [mixin/]: Mixing perf.dynamic_dfu.EntityTypeBuilderMixin from modernfix-common.mixins.json into net.minecraft.world.entity.EntityType$Builder
[26Sep2025 23:14:34.393] [main/DEBUG] [mixin/]: Mixing AreaEffectCloudEntityMixin from pehkui.mixins.json into net.minecraft.world.entity.AreaEffectCloud
[26Sep2025 23:14:34.397] [main/DEBUG] [mixin/]: Mixing entity.replace_entitytype_predicates.ArmorStandEntityMixin from lithium.mixins.json into net.minecraft.world.entity.decoration.ArmorStand
[26Sep2025 23:14:34.397] [main/DEBUG] [mixin/]: lithium.mixins.json:entity.replace_entitytype_predicates.ArmorStandEntityMixin: Class version 61 required is higher than the class version supported by the current version of Mixin (JAVA_16 supports class version 60)
[26Sep2025 23:14:34.397] [main/DEBUG] [mixin/]: Renaming synthetic method lambda$getMinecartsDirectly$0(Lnet/minecraft/world/entity/Entity;Lnet/minecraft/world/entity/Entity;)Z to md139335$lambda$getMinecartsDirectly$0$0 in lithium.mixins.json:entity.replace_entitytype_predicates.ArmorStandEntityMixin
[26Sep2025 23:14:34.397] [main/DEBUG] [mixin/]: Mixing entity.skip_equipment_change_check.ArmorStandEntityMixin from lithium.mixins.json into net.minecraft.world.entity.decoration.ArmorStand
[26Sep2025 23:14:34.398] [main/DEBUG] [mixin/]: lithium.mixins.json:entity.skip_equipment_change_check.ArmorStandEntityMixin: Class version 61 required is higher than the class version supported by the current version of Mixin (JAVA_16 supports class version 60)
[26Sep2025 23:14:34.398] [main/DEBUG] [mixin/]: Mixing ArmorStandEntityMixin from pehkui.mixins.json into net.minecraft.world.entity.decoration.ArmorStand
[26Sep2025 23:14:34.398] [main/DEBUG] [mixin/]: Mixing compat1201minus.EntityVehicleHeightOffsetMixin from pehkui.mixins.json into net.minecraft.world.entity.decoration.ArmorStand
[26Sep2025 23:14:34.399] [main/DEBUG] [mixin/]: Mixing compat1204minus.ArmorStandEntityMixin from pehkui.mixins.json into net.minecraft.world.entity.decoration.ArmorStand
[26Sep2025 23:14:34.399] [main/DEBUG] [mixin/]: Mixing ArmorStandMixin from palladium-common.mixins.json into net.minecraft.world.entity.decoration.ArmorStand
[26Sep2025 23:14:34.410] [main/DEBUG] [mixin/]: Mixing compat1201minus.compat117plus.AxolotlEntityMixin from pehkui.mixins.json into net.minecraft.world.entity.animal.axolotl.Axolotl
[26Sep2025 23:14:34.420] [main/DEBUG] [mixin/]: Mixing perf.ticking_chunk_alloc.BatMixin from modernfix-common.mixins.json into net.minecraft.world.entity.ambient.Bat
[26Sep2025 23:14:34.434] [main/DEBUG] [mixin/]: Mixing BeeGoalMixin from moonlight-common.mixins.json into net.minecraft.world.entity.animal.Bee$BeeGrowCropGoal
[26Sep2025 23:14:34.442] [main/DEBUG] [mixin/]: Mixing TrackTargetGoalMixin from pehkui.mixins.json into net.minecraft.world.entity.ai.goal.target.TargetGoal
[26Sep2025 23:14:34.448] [main/DEBUG] [mixin/]: Mixing BlazeEntityShootFireballGoalMixin from pehkui.mixins.json into net.minecraft.world.entity.monster.Blaze$BlazeAttackGoal
[26Sep2025 23:14:34.458] [main/DEBUG] [mixin/]: Mixing entity.collisions.unpushable_cramming.BoatEntityMixin from lithium.mixins.json into net.minecraft.world.entity.vehicle.Boat
[26Sep2025 23:14:34.458] [main/DEBUG] [mixin/]: lithium.mixins.json:entity.collisions.unpushable_cramming.BoatEntityMixin: Class version 61 required is higher than the class version supported by the current version of Mixin (JAVA_16 supports class version 60)
[26Sep2025 23:14:34.459] [main/DEBUG] [mixin/]: Mixing BoatEntityMixin from pehkui.mixins.json into net.minecraft.world.entity.vehicle.Boat
[26Sep2025 23:14:34.460] [main/DEBUG] [mixin/]: Mixing compat1201minus.EntityMountedHeightOffsetMixin from pehkui.mixins.json into net.minecraft.world.entity.vehicle.Boat
[26Sep2025 23:14:34.460] [main/DEBUG] [mixin/]: Mixing compat1201minus.compat120plus.BoatEntityMixin from pehkui.mixins.json into net.minecraft.world.entity.vehicle.Boat
[26Sep2025 23:14:34.461] [main/DEBUG] [mixin/]: Mixing compat1204minus.BoatEntityMixin from pehkui.mixins.json into net.minecraft.world.entity.vehicle.Boat
[26Sep2025 23:14:34.473] [main/DEBUG] [mixin/]: Mixing compat1201minus.compat1193plus.CamelEntityMixin from pehkui.mixins.json into net.minecraft.world.entity.animal.camel.Camel
[26Sep2025 23:14:34.473] [main/DEBUG] [mixin/]: Mixing compat1201minus.compat120plus.CamelEntityMixin from pehkui.mixins.json into net.minecraft.world.entity.animal.camel.Camel
[26Sep2025 23:14:34.473] [main/DEBUG] [mixin/]: Mixing compat1204minus.compat1193plus.CamelEntityMixin from pehkui.mixins.json into net.minecraft.world.entity.animal.camel.Camel
[26Sep2025 23:14:34.482] [main/DEBUG] [mixin/]: Mixing compat1201minus.compat120plus.AbstractHorseEntityMixin from pehkui.mixins.json into net.minecraft.world.entity.animal.horse.AbstractHorse
[26Sep2025 23:14:34.499] [main/DEBUG] [mixin/]: Mixing SitWhenOrderedToGoalMixin from pet_cemetery.mixins.json into net.minecraft.world.entity.ai.goal.SitWhenOrderedToGoal
[26Sep2025 23:14:34.509] [main/DEBUG] [net.minecraftforge.coremod.transformer.CoreModBaseTransformer/COREMOD]: Transforming net/minecraft/world/entity/monster/Spider
[26Sep2025 23:14:34.526] [main/DEBUG] [mixin/]: Mixing compat1201minus.EntityVehicleHeightOffsetMixin from pehkui.mixins.json into net.minecraft.world.entity.monster.AbstractSkeleton
[26Sep2025 23:14:34.532] [main/DEBUG] [mixin/]: Mixing compat119plus.ChestBoatEntityMixin from pehkui.mixins.json into net.minecraft.world.entity.vehicle.ChestBoat
[26Sep2025 23:14:34.532] [main/DEBUG] [mixin/]: Mixing reach.compat1204minus.compat119plus.ChestBoatEntityMixin from pehkui.mixins.json into net.minecraft.world.entity.vehicle.ChestBoat
[26Sep2025 23:14:34.537] [main/DEBUG] [mixin/]: Mixing reach.compat1204minus.compat119plus.StorageMinecartEntityMixin from pehkui.mixins.json into net.minecraft.world.entity.vehicle.AbstractMinecartContainer
[26Sep2025 23:14:34.545] [main/DEBUG] [mixin/]: Mixing compat1201minus.compat120plus.ChickenEntityMixin from pehkui.mixins.json into net.minecraft.world.entity.animal.Chicken
[26Sep2025 23:14:34.545] [main/DEBUG] [mixin/]: Mixing ChickenMixin from blueprint.mixins.json into net.minecraft.world.entity.animal.Chicken
[26Sep2025 23:14:34.566] [main/DEBUG] [mixin/]: Mixing compat1201minus.AbstractDonkeyEntityMixin from pehkui.mixins.json into net.minecraft.world.entity.animal.horse.AbstractChestedHorse
[26Sep2025 23:14:34.566] [main/DEBUG] [mixin/]: Mixing AbstractChestedHorseMixin from relics.mixins.json into net.minecraft.world.entity.animal.horse.AbstractChestedHorse
[26Sep2025 23:14:34.566] [main/DEBUG] [mixin/]: relics.mixins.json:AbstractChestedHorseMixin: Class version 61 required is higher than the class version supported by the current version of Mixin (JAVA_8 supports class version 52)
[26Sep2025 23:14:34.570] [main/DEBUG] [mixin/]: Mixing DragonFireballMixin from amendments-common.mixins.json into net.minecraft.world.entity.projectile.DragonFireball
[26Sep2025 23:14:34.570] [main/DEBUG] [mixin/]: Renaming synthetic method lambda$tick$0(Lnet/minecraft/world/phys/Vec3;Lnet/minecraft/world/phys/Vec3;)V to md139335$lambda$tick$0$0 in amendments-common.mixins.json:DragonFireballMixin
[26Sep2025 23:14:34.577] [main/DEBUG] [mixin/]: Mixing compat116plus.DragonFireballEntityMixin from pehkui.mixins.json into net.minecraft.world.entity.projectile.DragonFireball
[26Sep2025 23:14:34.581] [main/DEBUG] [mixin/]: Mixing AbstractHurtingProjectileMixin from amendments-common.mixins.json into net.minecraft.world.entity.projectile.AbstractHurtingProjectile
[26Sep2025 23:14:34.581] [main/DEBUG] [mixin/]: Mixing ExplosiveProjectileEntityMixin from pehkui.mixins.json into net.minecraft.world.entity.projectile.AbstractHurtingProjectile
[26Sep2025 23:14:34.586] [main/DEBUG] [mixin/]: Mixing entity.inactive_navigations.DrownedEntityMixin from lithium.mixins.json into net.minecraft.world.entity.monster.Drowned
[26Sep2025 23:14:34.586] [main/DEBUG] [mixin/]: lithium.mixins.json:entity.inactive_navigations.DrownedEntityMixin: Class version 61 required is higher than the class version supported by the current version of Mixin (JAVA_16 supports class version 60)
[26Sep2025 23:14:34.587] [main/DEBUG] [net.minecraftforge.coremod.transformer.CoreModBaseTransformer/COREMOD]: Transforming net/minecraft/world/entity/monster/Zombie
[26Sep2025 23:14:34.625] [main/DEBUG] [mixin/]: Mixing compat1201minus.EntityVehicleHeightOffsetMixin from pehkui.mixins.json into net.minecraft.world.entity.monster.Zombie
[26Sep2025 23:14:34.630] [main/DEBUG] [net.minecraftforge.coremod.transformer.CoreModBaseTransformer/COREMOD]: Transforming net/minecraft/world/entity/monster/ZombieVillager
[26Sep2025 23:14:34.660] [main/DEBUG] [mixin/]: Mixing entity.inactive_navigations.DrownedEntityLeaveWaterGoalMixin from lithium.mixins.json into net.minecraft.world.entity.monster.Drowned$DrownedGoToBeachGoal
[26Sep2025 23:14:34.660] [main/DEBUG] [mixin/]: lithium.mixins.json:entity.inactive_navigations.DrownedEntityLeaveWaterGoalMixin: Class version 61 required is higher than the class version supported by the current version of Mixin (JAVA_16 supports class version 60)
[26Sep2025 23:14:34.662] [main/DEBUG] [mixin/]: Mixing compat116plus.EggEntityMixin from pehkui.mixins.json into net.minecraft.world.entity.projectile.ThrownEgg
[26Sep2025 23:14:34.664] [main/DEBUG] [mixin/]: Mixing ThrownEntityMixin from pehkui.mixins.json into net.minecraft.world.entity.projectile.ThrowableProjectile
[26Sep2025 23:14:34.665] [main/DEBUG] [mixin/]: Mixing compat1204minus.ThrownEntityMixin from pehkui.mixins.json into net.minecraft.world.entity.projectile.ThrowableProjectile
[26Sep2025 23:14:34.674] [main/DEBUG] [mixin/]: Mixing PreEntityTickMixin from pehkui.mixins.json into net.minecraft.world.entity.boss.enderdragon.EndCrystal
[26Sep2025 23:14:34.675] [main/DEBUG] [mixin/]: Mixing compat1202minus.compat1193plus.EndCrystalEntityMixin from pehkui.mixins.json into net.minecraft.world.entity.boss.enderdragon.EndCrystal
[26Sep2025 23:14:34.678] [main/DEBUG] [mixin/]: Mixing EnderDragonEntityMixin from pehkui.mixins.json into net.minecraft.world.entity.boss.enderdragon.EnderDragon
[26Sep2025 23:14:34.685] [main/DEBUG] [mixin/]: Mixing compat116plus.EnderPearlEntityMixin from pehkui.mixins.json into net.minecraft.world.entity.projectile.ThrownEnderpearl
[26Sep2025 23:14:34.687] [main/DEBUG] [mixin/]: Mixing compat1201minus.EntityVehicleHeightOffsetMixin from pehkui.mixins.json into net.minecraft.world.entity.monster.Endermite
[26Sep2025 23:14:34.690] [main/DEBUG] [mixin/]: Mixing EnderManMixin from relics.mixins.json into net.minecraft.world.entity.monster.EnderMan
[26Sep2025 23:14:34.690] [main/DEBUG] [mixin/]: relics.mixins.json:EnderManMixin: Class version 61 required is higher than the class version supported by the current version of Mixin (JAVA_8 supports class version 52)
[26Sep2025 23:14:34.697] [main/DEBUG] [mixin/]: Mixing ai.raid.RaiderEntityMixin from lithium.mixins.json into net.minecraft.world.entity.raid.Raider
[26Sep2025 23:14:34.697] [main/DEBUG] [mixin/]: lithium.mixins.json:ai.raid.RaiderEntityMixin: Class version 61 required is higher than the class version supported by the current version of Mixin (JAVA_16 supports class version 60)
[26Sep2025 23:14:34.697] [main/DEBUG] [mixin/]: Renaming synthetic method lambda$static$0(Lnet/minecraft/world/entity/item/ItemEntity;)Z to md139335$lambda$static$0$0 in lithium.mixins.json:ai.raid.RaiderEntityMixin
[26Sep2025 23:14:34.699] [main/DEBUG] [mixin/]: Mixing compat1201minus.EntityVehicleHeightOffsetMixin from pehkui.mixins.json into net.minecraft.world.entity.monster.PatrollingMonster
[26Sep2025 23:14:34.705] [main/DEBUG] [mixin/]: Mixing ai.raid.PickupBannerAsLeaderGoalMixin from lithium.mixins.json into net.minecraft.world.entity.raid.Raider$ObtainRaidLeaderBannerGoal
[26Sep2025 23:14:34.705] [main/DEBUG] [mixin/]: lithium.mixins.json:ai.raid.PickupBannerAsLeaderGoalMixin: Class version 61 required is higher than the class version supported by the current version of Mixin (JAVA_16 supports class version 60)
[26Sep2025 23:14:34.707] [main/DEBUG] [mixin/]: Mixing ai.poi.tasks.RaiderEntityAttackHomeGoalMixin from lithium.mixins.json into net.minecraft.world.entity.raid.Raider$RaiderMoveThroughVillageGoal
[26Sep2025 23:14:34.707] [main/DEBUG] [mixin/]: lithium.mixins.json:ai.poi.tasks.RaiderEntityAttackHomeGoalMixin: Class version 61 required is higher than the class version supported by the current version of Mixin (JAVA_16 supports class version 60)
[26Sep2025 23:14:34.711] [main/DEBUG] [net.minecraftforge.coremod.transformer.CoreModBaseTransformer/COREMOD]: Transforming net/minecraft/world/entity/monster/Evoker$EvokerSummonSpellGoal
[26Sep2025 23:14:34.716] [main/DEBUG] [mixin/]: Mixing compat116plus.SummonVexGoalMixin from pehkui.mixins.json into net.minecraft.world.entity.monster.Evoker$EvokerSummonSpellGoal
[26Sep2025 23:14:34.719] [main/DEBUG] [mixin/]: Mixing EvokerFangsEntityMixin from pehkui.mixins.json into net.minecraft.world.entity.projectile.EvokerFangs
[26Sep2025 23:14:34.726] [main/DEBUG] [mixin/]: Mixing FireworkRocketEntityMixin from kubejs-common.mixins.json into net.minecraft.world.entity.projectile.FireworkRocketEntity
[26Sep2025 23:14:34.732] [main/DEBUG] [mixin/]: Mixing compat116plus.FoxEntityMateGoalMixin from pehkui.mixins.json into net.minecraft.world.entity.animal.Fox$FoxBreedGoal
[26Sep2025 23:14:34.745] [main/DEBUG] [mixin/]: Mixing GhastEntityShootFireballGoalMixin from pehkui.mixins.json into net.minecraft.world.entity.monster.Ghast$GhastShootFireballGoal
[26Sep2025 23:14:34.758] [main/DEBUG] [mixin/]: Mixing compat1201minus.compat116plus.HoglinEntityMixin from pehkui.mixins.json into net.minecraft.world.entity.monster.hoglin.Hoglin
[26Sep2025 23:14:34.761] [main/DEBUG] [mixin/]: Mixing compat1201minus.compat116plus.ZoglinEntityMixin from pehkui.mixins.json into net.minecraft.world.entity.monster.Zoglin
[26Sep2025 23:14:34.774] [main/DEBUG] [mixin/]: Mixing entity.replace_entitytype_predicates.IronGolemWanderAroundGoalMixin from lithium.mixins.json into net.minecraft.world.entity.ai.goal.GolemRandomStrollInVillageGoal
[26Sep2025 23:14:34.774] [main/DEBUG] [mixin/]: lithium.mixins.json:entity.replace_entitytype_predicates.IronGolemWanderAroundGoalMixin: Class version 61 required is higher than the class version supported by the current version of Mixin (JAVA_16 supports class version 60)
[26Sep2025 23:14:34.779] [main/DEBUG] [mixin/]: Mixing LargeFireballMixin from amendments-common.mixins.json into net.minecraft.world.entity.projectile.LargeFireball
[26Sep2025 23:14:34.780] [main/DEBUG] [mixin/]: Mixing compat1193plus.FireballEntityMixin from pehkui.mixins.json into net.minecraft.world.entity.projectile.LargeFireball
[26Sep2025 23:14:34.784] [main/DEBUG] [mixin/]: Mixing FireballMixin from amendments-common.mixins.json into net.minecraft.world.entity.projectile.Fireball
[26Sep2025 23:14:34.784] [main/DEBUG] [mixin/]: Renaming synthetic method lambda$tick$0(Lnet/minecraft/world/phys/Vec3;Lnet/minecraft/world/phys/Vec3;)V to md139335$lambda$tick$0$0 in amendments-common.mixins.json:FireballMixin
[26Sep2025 23:14:34.792] [main/DEBUG] [mixin/]: Mixing compat1201minus.compat120plus.LlamaEntityMixin from pehkui.mixins.json into net.minecraft.world.entity.animal.horse.Llama
[26Sep2025 23:14:34.796] [main/DEBUG] [mixin/]: Mixing entity.replace_entitytype_predicates.FormCaravanGoalMixin from lithium.mixins.json into net.minecraft.world.entity.ai.goal.LlamaFollowCaravanGoal
[26Sep2025 23:14:34.796] [main/DEBUG] [mixin/]: lithium.mixins.json:entity.replace_entitytype_predicates.FormCaravanGoalMixin: Class version 61 required is higher than the class version supported by the current version of Mixin (JAVA_16 supports class version 60)
[26Sep2025 23:14:34.797] [main/DEBUG] [mixin/]: Renaming synthetic method lambda$getLlamasForCaravan$0(Lnet/minecraft/world/entity/Entity;Lnet/minecraft/world/entity/animal/horse/Llama;)Z to md139335$lambda$getLlamasForCaravan$0$0 in lithium.mixins.json:entity.replace_entitytype_predicates.FormCaravanGoalMixin
[26Sep2025 23:14:34.799] [main/DEBUG] [mixin/]: Mixing LlamaSpitEntityMixin from pehkui.mixins.json into net.minecraft.world.entity.projectile.LlamaSpit
[26Sep2025 23:14:34.802] [main/DEBUG] [mixin/]: Mixing compat117plus.SlimeEntityMixin from pehkui.mixins.json into net.minecraft.world.entity.monster.Slime
[26Sep2025 23:14:34.803] [main/DEBUG] [mixin/]: Mixing compat1204minus.compat117plus.SlimeEntityMixin from pehkui.mixins.json into net.minecraft.world.entity.monster.Slime
[26Sep2025 23:14:34.829] [main/DEBUG] [mixin/]: Mixing PhantomSweepAttackGoalMixin from pet_cemetery.mixins.json into net.minecraft.world.entity.monster.Phantom$PhantomSweepAttackGoal
[26Sep2025 23:14:34.829] [main/DEBUG] [mixin/]: Renaming synthetic method lambda$getEntitiesOfClass$0(Ljava/util/function/Predicate;Lnet/minecraft/world/entity/Entity;)Z to md139335$lambda$getEntitiesOfClass$0$0 in pet_cemetery.mixins.json:PhantomSweepAttackGoalMixin
[26Sep2025 23:14:34.833] [main/DEBUG] [mixin/]: Mixing compat116plus.PigEntityMixin from pehkui.mixins.json into net.minecraft.world.entity.animal.Pig
[26Sep2025 23:14:34.850] [main/DEBUG] [mixin/]: Mixing PotionEntityMixin from pehkui.mixins.json into net.minecraft.world.entity.projectile.ThrownPotion
[26Sep2025 23:14:34.851] [main/DEBUG] [mixin/]: Mixing compat1204minus.PotionEntityMixin from pehkui.mixins.json into net.minecraft.world.entity.projectile.ThrownPotion
[26Sep2025 23:14:34.852] [main/DEBUG] [mixin/]: Mixing ThrownPotionMixin from moonlight-common.mixins.json into net.minecraft.world.entity.projectile.ThrownPotion
[26Sep2025 23:14:34.860] [main/DEBUG] [mixin/]: Mixing RabbitMixin from blueprint.mixins.json into net.minecraft.world.entity.animal.Rabbit
[26Sep2025 23:14:34.869] [main/DEBUG] [mixin/]: Mixing accessor.RavagerAccessor from mutantmonsters.common.mixins.json into net.minecraft.world.entity.monster.Ravager
[26Sep2025 23:14:34.869] [main/DEBUG] [mixin/]: Mixing compat1201minus.EntityMountedHeightOffsetMixin from pehkui.mixins.json into net.minecraft.world.entity.monster.Ravager
[26Sep2025 23:14:34.876] [main/DEBUG] [mixin/]: Mixing CraftingContainerMixin from kubejs-common.mixins.json into net.minecraft.world.inventory.CraftingContainer
[26Sep2025 23:14:34.878] [main/DEBUG] [mixin/]: Mixing compat117plus.ShulkerEntityMixin from pehkui.mixins.json into net.minecraft.world.entity.monster.Shulker
[26Sep2025 23:14:34.879] [main/DEBUG] [mixin/]: Mixing compat1204minus.ShulkerEntityMixin from pehkui.mixins.json into net.minecraft.world.entity.monster.Shulker
[26Sep2025 23:14:34.888] [main/DEBUG] [mixin/]: Mixing compat1201minus.SkeletonHorseEntityMixin from pehkui.mixins.json into net.minecraft.world.entity.animal.horse.SkeletonHorse
[26Sep2025 23:14:34.890] [main/DEBUG] [net.minecraftforge.coremod.transformer.CoreModBaseTransformer/COREMOD]: Transforming net/minecraft/world/entity/animal/horse/SkeletonTrapGoal
[26Sep2025 23:14:34.900] [main/DEBUG] [mixin/]: Mixing SmallFireballMixin from amendments-common.mixins.json into net.minecraft.world.entity.projectile.SmallFireball
[26Sep2025 23:14:34.904] [main/DEBUG] [mixin/]: Mixing SnowballMixin from amendments-common.mixins.json into net.minecraft.world.entity.projectile.Snowball
[26Sep2025 23:14:34.904] [main/DEBUG] [mixin/]: Renaming synthetic method lambda$tick$0(Lnet/minecraft/world/phys/Vec3;Lnet/minecraft/world/phys/Vec3;)V to md139335$lambda$tick$0$0 in amendments-common.mixins.json:SnowballMixin
[26Sep2025 23:14:34.915] [main/DEBUG] [net.minecraftforge.coremod.transformer.CoreModBaseTransformer/COREMOD]: Transforming net/minecraft/world/entity/monster/Strider
[26Sep2025 23:14:34.959] [main/DEBUG] [mixin/]: Mixing entity.data_tracker.use_arrays.DataTrackerMixin from lithium.mixins.json into net.minecraft.network.syncher.SynchedEntityData
[26Sep2025 23:14:34.959] [main/DEBUG] [mixin/]: lithium.mixins.json:entity.data_tracker.use_arrays.DataTrackerMixin: Class version 61 required is higher than the class version supported by the current version of Mixin (JAVA_16 supports class version 60)
[26Sep2025 23:14:34.966] [main/DEBUG] [mixin/]: Mixing entity.data_tracker.no_locks.DataTrackerMixin from lithium.mixins.json into net.minecraft.network.syncher.SynchedEntityData
[26Sep2025 23:14:34.966] [main/DEBUG] [mixin/]: lithium.mixins.json:entity.data_tracker.no_locks.DataTrackerMixin: Class version 61 required is higher than the class version supported by the current version of Mixin (JAVA_16 supports class version 60)
[26Sep2025 23:14:34.977] [main/DEBUG] [mixin/]: Mixing ai.sensor.secondary_poi.SecondaryPointsOfInterestSensorMixin from lithium.mixins.json into net.minecraft.world.entity.ai.sensing.SecondaryPoiSensor
[26Sep2025 23:14:34.978] [main/DEBUG] [mixin/]: lithium.mixins.json:ai.sensor.secondary_poi.SecondaryPointsOfInterestSensorMixin: Class version 61 required is higher than the class version supported by the current version of Mixin (JAVA_16 supports class version 60)
[26Sep2025 23:14:34.990] [main/DEBUG] [mixin/]: Mixing util.world_border_listener.WorldBorderMixin from lithium.mixins.json into net.minecraft.world.level.border.WorldBorder
[26Sep2025 23:14:34.991] [main/DEBUG] [mixin/]: lithium.mixins.json:util.world_border_listener.WorldBorderMixin: Class version 61 required is higher than the class version supported by the current version of Mixin (JAVA_16 supports class version 60)
[26Sep2025 23:14:35.013] [main/DEBUG] [net.minecraftforge.coremod.transformer.CoreModBaseTransformer/COREMOD]: Transforming net/minecraft/world/entity/npc/Villager
[26Sep2025 23:14:35.068] [main/DEBUG] [mixin/]: Mixing compat116plus.VillagerEntityMixin from pehkui.mixins.json into net.minecraft.world.entity.npc.Villager
[26Sep2025 23:14:35.069] [main/DEBUG] [mixin/]: Mixing VillagerMixin from moonlight-common.mixins.json into net.minecraft.world.entity.npc.Villager
[26Sep2025 23:14:35.110] [main/DEBUG] [mixin/]: Mixing compat116plus.FishingBobberEntityMixin from pehkui.mixins.json into net.minecraft.world.entity.projectile.FishingHook
[26Sep2025 23:14:35.117] [main/DEBUG] [mixin/]: Mixing entity.collisions.unpushable_cramming.EntityPredicatesMixin from lithium.mixins.json into net.minecraft.world.entity.EntitySelector
[26Sep2025 23:14:35.118] [main/DEBUG] [mixin/]: lithium.mixins.json:entity.collisions.unpushable_cramming.EntityPredicatesMixin: Class version 61 required is higher than the class version supported by the current version of Mixin (JAVA_16 supports class version 60)
[26Sep2025 23:14:35.123] [main/DEBUG] [mixin/]: Mixing perf.faster_ingredients.IngredientMixin from modernfix-forge.mixins.json into net.minecraft.world.item.crafting.Ingredient
[26Sep2025 23:14:35.124] [main/DEBUG] [mixin/]: Renaming synthetic method lambda$computeItemsArray$1(I)[Lnet/minecraft/world/item/ItemStack; to md139335$lambda$computeItemsArray$1$0 in modernfix-forge.mixins.json:perf.faster_ingredients.IngredientMixin
[26Sep2025 23:14:35.124] [main/DEBUG] [mixin/]: Renaming synthetic method lambda$modernfix$fasterTagIngredientStacking$0(Lnet/minecraft/core/Holder;)I to md139335$lambda$modernfix$fasterTagIngredientStacking$0$1 in modernfix-forge.mixins.json:perf.faster_ingredients.IngredientMixin
[26Sep2025 23:14:35.131] [main/DEBUG] [mixin/]: Mixing perf.smart_ingredient_sync.IngredientMixin from modernfix-forge.mixins.json into net.minecraft.world.item.crafting.Ingredient
[26Sep2025 23:14:35.133] [main/DEBUG] [mixin/]: Mixing IngredientMixin from kubejs-common.mixins.json into net.minecraft.world.item.crafting.Ingredient
[26Sep2025 23:14:35.145] [main/DEBUG] [mixin/]: Mixing inject.MixinFoodPropertiesBuilder from architectury-common.mixins.json into net.minecraft.world.food.FoodProperties$Builder
[26Sep2025 23:14:35.147] [main/DEBUG] [net.minecraftforge.coremod.transformer.CoreModBaseTransformer/COREMOD]: Transforming net/minecraft/world/effect/MobEffectInstance
[26Sep2025 23:14:35.181] [main/DEBUG] [mixin/]: Mixing ServerPlayNetworkHandlerMixin from pehkui.mixins.json into net.minecraft.server.network.ServerGamePacketListenerImpl
[26Sep2025 23:14:35.182] [main/DEBUG] [mixin/]: Mixing compat1204minus.ServerPlayNetworkHandlerMixin from pehkui.mixins.json into net.minecraft.server.network.ServerGamePacketListenerImpl
[26Sep2025 23:14:35.183] [main/DEBUG] [mixin/]: Mixing reach.compat1204minus.ServerPlayNetworkHandlerMixin from pehkui.mixins.json into net.minecraft.server.network.ServerGamePacketListenerImpl
[26Sep2025 23:14:35.183] [main/DEBUG] [mixin/]: Mixing reach.compat1204minus.compat119plus.ServerPlayNetworkHandlerMixin from pehkui.mixins.json into net.minecraft.server.network.ServerGamePacketListenerImpl
[26Sep2025 23:14:35.183] [main/DEBUG] [mixin/]: Mixing bugfix.forge_vehicle_packets.ServerGamePacketListenerImplMixin from modernfix-forge.mixins.json into net.minecraft.server.network.ServerGamePacketListenerImpl
[26Sep2025 23:14:35.203] [main/DEBUG] [mixin/]: Mixing BrewingMixin from amendments-common.mixins.json into net.minecraft.world.item.alchemy.PotionBrewing
[26Sep2025 23:14:35.203] [main/DEBUG] [mixin/]: Mixing accessor.PotionBrewingAccessor from yungsapi.mixins.json into net.minecraft.world.item.alchemy.PotionBrewing
[26Sep2025 23:14:35.204] [main/DEBUG] [mixin/]: Renaming @Invoker method callAddMix(Lnet/minecraft/world/item/alchemy/Potion;Lnet/minecraft/world/item/Item;Lnet/minecraft/world/item/alchemy/Potion;)V to callAddMix_$md$139335$0 in yungsapi.mixins.json:accessor.PotionBrewingAccessor
[26Sep2025 23:14:35.204] [main/DEBUG] [mixin/]: Mixing accessor.PotionBrewingForgeAccessor from puzzleslib.forge.mixins.json into net.minecraft.world.item.alchemy.PotionBrewing
[26Sep2025 23:14:35.204] [main/DEBUG] [mixin/]: Renaming @Accessor method puzzleslib$getPotionMixes()Ljava/util/List; to puzzleslib$getPotionMixes_$md$139335$1 in puzzleslib.forge.mixins.json:accessor.PotionBrewingForgeAccessor
[26Sep2025 23:14:35.204] [main/DEBUG] [mixin/]: Renaming @Accessor method puzzleslib$getContainerMixes()Ljava/util/List; to puzzleslib$getContainerMixes_$md$139335$2 in puzzleslib.forge.mixins.json:accessor.PotionBrewingForgeAccessor
[26Sep2025 23:14:35.204] [main/DEBUG] [mixin/]: Renaming @Accessor method puzzleslib$getAllowedContainers()Ljava/util/List; to puzzleslib$getAllowedContainers_$md$139335$3 in puzzleslib.forge.mixins.json:accessor.PotionBrewingForgeAccessor
[26Sep2025 23:14:35.213] [main/DEBUG] [mixin/]: Mixing alloc.nbt.NbtCompoundMixin from lithium.mixins.json into net.minecraft.nbt.CompoundTag
[26Sep2025 23:14:35.213] [main/DEBUG] [mixin/]: lithium.mixins.json:alloc.nbt.NbtCompoundMixin: Class version 61 required is higher than the class version supported by the current version of Mixin (JAVA_16 supports class version 60)
[26Sep2025 23:14:35.213] [main/DEBUG] [mixin/]: Mixing compat116plus.NbtCompoundMixin from pehkui.mixins.json into net.minecraft.nbt.CompoundTag
[26Sep2025 23:14:35.218] [main/DEBUG] [mixin/]: Mixing alloc.nbt.NbtCompoundMixin$Type from lithium.mixins.json into net.minecraft.nbt.CompoundTag$1
[26Sep2025 23:14:35.218] [main/DEBUG] [mixin/]: lithium.mixins.json:alloc.nbt.NbtCompoundMixin$Type: Class version 61 required is higher than the class version supported by the current version of Mixin (JAVA_16 supports class version 60)
[26Sep2025 23:14:35.224] [main/DEBUG] [mixin/]: Mixing NumericTagMixin from rhino-common.mixins.json into net.minecraft.nbt.NumericTag
[26Sep2025 23:14:35.229] [main/DEBUG] [mixin/]: Mixing EntitySelectorOptionsInvoker from pehkui.mixins.json into net.minecraft.commands.arguments.selector.options.EntitySelectorOptions
[26Sep2025 23:14:35.229] [main/DEBUG] [mixin/]: Renaming @Invoker method callPutOption(Ljava/lang/String;Lnet/minecraft/commands/arguments/selector/options/EntitySelectorOptions$Modifier;Ljava/util/function/Predicate;Lnet/minecraft/network/chat/Component;)V to callPutOption_$md$139335$0 in pehkui.mixins.json:EntitySelectorOptionsInvoker
[26Sep2025 23:14:35.229] [main/DEBUG] [mixin/]: Mixing EntitySelectorOptionsMixin from pehkui.mixins.json into net.minecraft.commands.arguments.selector.options.EntitySelectorOptions
[26Sep2025 23:14:35.229] [main/DEBUG] [mixin/]: Mixing EntitySelectorOptionsInvoker from palladium-common.mixins.json into net.minecraft.commands.arguments.selector.options.EntitySelectorOptions
[26Sep2025 23:14:35.229] [main/DEBUG] [mixin/]: Renaming @Invoker method callRegister(Ljava/lang/String;Lnet/minecraft/commands/arguments/selector/options/EntitySelectorOptions$Modifier;Ljava/util/function/Predicate;Lnet/minecraft/network/chat/Component;)V to callRegister_$md$139335$1 in palladium-common.mixins.json:EntitySelectorOptionsInvoker
[26Sep2025 23:14:35.236] [main/DEBUG] [mixin/]: Mixing ServerScoreboardMixin from palladium-common.mixins.json into net.minecraft.server.ServerScoreboard
[26Sep2025 23:14:35.243] [main/DEBUG] [mixin/]: Mixing EntitySelectorReaderMixin from pehkui.mixins.json into net.minecraft.commands.arguments.selector.EntitySelectorParser
[26Sep2025 23:14:35.243] [main/DEBUG] [mixin/]: Renaming synthetic method lambda$pehkui$buildPredicate$1(Lvirtuoel/pehkui/api/ScaleType;Lnet/minecraft/world/entity/Entity;)Z to md139335$lambda$pehkui$buildPredicate$1$0 in pehkui.mixins.json:EntitySelectorReaderMixin
[26Sep2025 23:14:35.244] [main/DEBUG] [mixin/]: Renaming synthetic method lambda$pehkui$buildPredicate$0(Lvirtuoel/pehkui/api/ScaleType;Lnet/minecraft/world/entity/Entity;)Z to md139335$lambda$pehkui$buildPredicate$0$1 in pehkui.mixins.json:EntitySelectorReaderMixin
[26Sep2025 23:14:35.245] [main/DEBUG] [mixin/]: Mixing EntitySelectorParserMixin from palladium-common.mixins.json into net.minecraft.commands.arguments.selector.EntitySelectorParser
[26Sep2025 23:14:35.246] [main/DEBUG] [mixin/]: Renaming synthetic method lambda$finalizePredicates$0(Lnet/minecraft/world/entity/Entity;)Z to md139335$lambda$finalizePredicates$0$2 in palladium-common.mixins.json:EntitySelectorParserMixin
[26Sep2025 23:14:35.296] [main/DEBUG] [mixin/]: Mixing IItemHandlerMixin from kubejs-forge.mixins.json into net.minecraftforge.items.IItemHandler
[26Sep2025 23:14:35.302] [main/DEBUG] [mixin/]: Mixing compat1204minus.compat117plus.ViewerCountManagerMixin from pehkui.mixins.json into net.minecraft.world.level.block.entity.ContainerOpenersCounter
[26Sep2025 23:14:35.333] [main/DEBUG] [mixin/]: Mixing world.combined_heightmap_update.HeightmapAccessor from lithium.mixins.json into net.minecraft.world.level.levelgen.Heightmap
[26Sep2025 23:14:35.333] [main/DEBUG] [mixin/]: lithium.mixins.json:world.combined_heightmap_update.HeightmapAccessor: Class version 61 required is higher than the class version supported by the current version of Mixin (JAVA_16 supports class version 60)
[26Sep2025 23:14:35.337] [main/DEBUG] [mixin/]: Mixing perf.cache_upgraded_structures.StructureManagerMixin from modernfix-common.mixins.json into net.minecraft.world.level.levelgen.structure.templatesystem.StructureTemplateManager
[26Sep2025 23:14:35.338] [main/DEBUG] [mixin/]: Mixing perf.dynamic_structure_manager.StructureManagerMixin from modernfix-common.mixins.json into net.minecraft.world.level.levelgen.structure.templatesystem.StructureTemplateManager
[26Sep2025 23:14:35.365] [main/DEBUG] [mixin/]: Generating mapped inner class net/minecraft/world/inventory/AbstractContainerMenu$Anonymous$a75b7fcb4b1d4124af5da1ef558b0feb (originally net/threetag/palladium/mixin/AbstractContainerMenuMixin$1)
[26Sep2025 23:14:35.379] [main/DEBUG] [mixin/]: Mixing RecipeMixin from kubejs-common.mixins.json into net.minecraft.world.item.crafting.Recipe
[26Sep2025 23:14:35.382] [main/DEBUG] [mixin/]: Mixing GrindstoneMenuSlotMixin from moonlight-common.mixins.json into net.minecraft.world.inventory.GrindstoneMenu$4
[26Sep2025 23:14:35.394] [main/DEBUG] [mixin/]: Mixing MapExtendingRecipeMixin from moonlight-common.mixins.json into net.minecraft.world.item.crafting.MapExtendingRecipe
[26Sep2025 23:14:35.434] [main/DEBUG] [mixin/]: Mixing OperationArgumentTypeAccessor from pehkui.mixins.json into net.minecraft.commands.arguments.OperationArgument
[26Sep2025 23:14:35.435] [main/DEBUG] [mixin/]: Renaming @Accessor method getInvalidOperationException()Lcom/mojang/brigadier/exceptions/SimpleCommandExceptionType; to getInvalidOperationException_$md$139335$0 in pehkui.mixins.json:OperationArgumentTypeAccessor
[26Sep2025 23:14:35.435] [main/DEBUG] [mixin/]: Renaming @Accessor method getDivisionZeroException()Lcom/mojang/brigadier/exceptions/SimpleCommandExceptionType; to getDivisionZeroException_$md$139335$1 in pehkui.mixins.json:OperationArgumentTypeAccessor
[26Sep2025 23:14:35.511] [main/DEBUG] [mixin/]: Mixing MixinApplyBonusCount from curios.mixins.json into net.minecraft.world.level.storage.loot.functions.ApplyBonusCount
[26Sep2025 23:14:35.560] [main/DEBUG] [mixin/]: Mixing collections.mob_spawning.PoolMixin from lithium.mixins.json into net.minecraft.util.random.WeightedRandomList
[26Sep2025 23:14:35.560] [main/DEBUG] [mixin/]: lithium.mixins.json:collections.mob_spawning.PoolMixin: Class version 61 required is higher than the class version supported by the current version of Mixin (JAVA_16 supports class version 60)
[26Sep2025 23:14:35.643] [main/DEBUG] [mixin/]: Mixing gen.NoLakesInStructuresMixin from iceandfire.mixins.json into net.minecraft.world.level.levelgen.feature.LakeFeature
[26Sep2025 23:14:35.647] [main/DEBUG] [mixin/]: Mixing OreFeatureMixin from palladium-common.mixins.json into net.minecraft.world.level.levelgen.feature.OreFeature
[26Sep2025 23:14:35.651] [main/DEBUG] [mixin/]: Mixing SpikeFeatureMixin from betterendisland.mixins.json into net.minecraft.world.level.levelgen.feature.SpikeFeature
[26Sep2025 23:14:35.654] [main/DEBUG] [mixin/]: Mixing EndGatewayFeatureMixin from betterendisland.mixins.json into net.minecraft.world.level.levelgen.feature.EndGatewayFeature
[26Sep2025 23:14:35.737] [main/DEBUG] [mixin/]: Mixing EndSpikeMixin from betterendisland.mixins.json into net.minecraft.world.level.levelgen.feature.SpikeFeature$EndSpike
[26Sep2025 23:14:35.785] [main/DEBUG] [mixin/]: Mixing StructureSetMixin from bettervillage.mixins.json into net.minecraft.world.level.levelgen.structure.StructureSet
[26Sep2025 23:14:35.785] [main/DEBUG] [mixin/]: Renaming synthetic method lambda$onCreateStructureSet$1(Lnet/minecraft/world/level/levelgen/structure/StructureSet$StructureSelectionEntry;)Z to md139335$lambda$onCreateStructureSet$1$0 in bettervillage.mixins.json:StructureSetMixin
[26Sep2025 23:14:35.785] [main/DEBUG] [mixin/]: Renaming synthetic method lambda$onCreateStructureSet$0(Lnet/minecraft/resources/ResourceKey;)Ljava/lang/Boolean; to md139335$lambda$onCreateStructureSet$0$1 in bettervillage.mixins.json:StructureSetMixin
[26Sep2025 23:14:35.789] [main/DEBUG] [net.minecraftforge.coremod.transformer.CoreModBaseTransformer/COREMOD]: Transforming net/minecraft/world/level/levelgen/structure/Structure
[26Sep2025 23:14:35.799] [main/DEBUG] [mixin/]: Mixing StructurePieceMixin from blueprint.mixins.json into net.minecraft.world.level.levelgen.structure.StructurePiece
[26Sep2025 23:14:35.826] [main/DEBUG] [net.minecraftforge.coremod.transformer.CoreModBaseTransformer/COREMOD]: Transforming net/minecraft/world/level/levelgen/structure/structures/OceanRuinPieces$OceanRuinPiece
[26Sep2025 23:14:35.841] [main/DEBUG] [net.minecraftforge.coremod.transformer.CoreModBaseTransformer/COREMOD]: Transforming net/minecraft/world/level/levelgen/structure/structures/SwampHutPiece
[26Sep2025 23:14:35.854] [main/DEBUG] [net.minecraftforge.coremod.transformer.CoreModBaseTransformer/COREMOD]: Transforming net/minecraft/world/level/levelgen/structure/structures/OceanMonumentPieces$OceanMonumentPiece
[26Sep2025 23:14:35.873] [main/DEBUG] [net.minecraftforge.coremod.transformer.CoreModBaseTransformer/COREMOD]: Transforming net/minecraft/world/level/levelgen/structure/structures/WoodlandMansionPieces$WoodlandMansionPiece
[26Sep2025 23:14:35.892] [main/DEBUG] [mixin/]: Mixing collections.mob_spawning.SpawnSettingsMixin from lithium.mixins.json into net.minecraft.world.level.biome.MobSpawnSettings
[26Sep2025 23:14:35.892] [main/DEBUG] [mixin/]: lithium.mixins.json:collections.mob_spawning.SpawnSettingsMixin: Class version 61 required is higher than the class version supported by the current version of Mixin (JAVA_16 supports class version 60)
[26Sep2025 23:14:35.909] [main/DEBUG] [mixin/]: Mixing accessor.StructureTemplatePoolAccessor from yungsapi.mixins.json into net.minecraft.world.level.levelgen.structure.pools.StructureTemplatePool
[26Sep2025 23:14:35.909] [main/DEBUG] [mixin/]: Mixing IncreaseStructureWeightLimitMixinForge from yungsapi_forge.mixins.json into net.minecraft.world.level.levelgen.structure.pools.StructureTemplatePool
[26Sep2025 23:14:35.972] [main/DEBUG] [mixin/]: Mixing BiomeSourceMixin from mixins.mofus_better_end_.json into net.minecraft.world.level.biome.BiomeSource
[26Sep2025 23:14:35.975] [main/DEBUG] [net.minecraftforge.coremod.transformer.CoreModBaseTransformer/COREMOD]: Transforming net/minecraft/world/level/biome/Biome
[26Sep2025 23:14:35.976] [main/DEBUG] [mixin/]: Mixing world.chunk_ticking.spread_ice.BiomeMixin from lithium.mixins.json into net.minecraft.world.level.biome.Biome
[26Sep2025 23:14:35.976] [main/DEBUG] [mixin/]: lithium.mixins.json:world.chunk_ticking.spread_ice.BiomeMixin: Class version 61 required is higher than the class version supported by the current version of Mixin (JAVA_16 supports class version 60)
[26Sep2025 23:14:35.976] [main/DEBUG] [mixin/]: Mixing world.temperature_cache.BiomeMixin from lithium.mixins.json into net.minecraft.world.level.biome.Biome
[26Sep2025 23:14:35.976] [main/DEBUG] [mixin/]: lithium.mixins.json:world.temperature_cache.BiomeMixin: Class version 61 required is higher than the class version supported by the current version of Mixin (JAVA_16 supports class version 60)
[26Sep2025 23:14:35.976] [main/DEBUG] [mixin/]: Mixing perf.remove_biome_temperature_cache.BiomeMixin from modernfix-common.mixins.json into net.minecraft.world.level.biome.Biome
[26Sep2025 23:14:35.977] [main/WARN] [mixin/]: Method overwrite conflict for m_47505_ in modernfix-common.mixins.json:perf.remove_biome_temperature_cache.BiomeMixin, previously written by me.jellysquid.mods.lithium.mixin.world.temperature_cache.BiomeMixin. Skipping method.
[26Sep2025 23:14:35.978] [main/DEBUG] [mixin/]: Unexpected: Registered method m_47505_(Lnet/minecraft/core/BlockPos;)F in net.minecraft.world.level.biome.Biome was not merged
[26Sep2025 23:14:35.996] [main/DEBUG] [mixin/]: Mixing accessor.MobSpawnSettingsBuilderForgeAccessor from puzzleslib.forge.mixins.json into net.minecraft.world.level.biome.MobSpawnSettings$Builder
[26Sep2025 23:14:36.015] [main/DEBUG] [mixin/]: Mixing TheEndBiomeSourceMixin from mixins.mofus_better_end_.json into net.minecraft.world.level.biome.TheEndBiomeSource
[26Sep2025 23:14:36.016] [main/DEBUG] [mixin/]: Renaming synthetic method lambda$init$1(Lnet/minecraft/core/HolderGetter;)Ljava/lang/Object; to md139335$lambda$init$1$0 in mixins.mofus_better_end_.json:TheEndBiomeSourceMixin
[26Sep2025 23:14:36.016] [main/DEBUG] [mixin/]: Renaming synthetic method lambda$modifyCodec$0(Lcom/mojang/serialization/codecs/RecordCodecBuilder$Instance;)Lcom/mojang/datafixers/kinds/App; to md139335$lambda$modifyCodec$0$1 in mixins.mofus_better_end_.json:TheEndBiomeSourceMixin
[26Sep2025 23:14:36.031] [main/DEBUG] [mixin/]: Mixing NoiseGeneratorSettingsMixin from citadel.mixins.json into net.minecraft.world.level.levelgen.NoiseGeneratorSettings
[26Sep2025 23:14:36.032] [main/DEBUG] [mixin/]: Mixing NoiseGeneratorSettingsMixin from blueprint.mixins.json into net.minecraft.world.level.levelgen.NoiseGeneratorSettings
[26Sep2025 23:14:36.032] [main/DEBUG] [mixin/]: Mixing NoiseGeneratorSettingsAccess from mixins.mofus_better_end_.json into net.minecraft.world.level.levelgen.NoiseGeneratorSettings
[26Sep2025 23:14:36.096] [main/DEBUG] [mixin/]: Mixing accessor.SinglePoolElementAccessor from yungsapi.mixins.json into net.minecraft.world.level.levelgen.structure.pools.SinglePoolElement
[26Sep2025 23:14:36.100] [main/DEBUG] [mixin/]: Mixing accessor.ListPoolElementAccessor from yungsapi.mixins.json into net.minecraft.world.level.levelgen.structure.pools.ListPoolElement
[26Sep2025 23:14:36.102] [main/DEBUG] [mixin/]: Mixing accessor.FeaturePoolElementAccessor from yungsapi.mixins.json into net.minecraft.world.level.levelgen.structure.pools.FeaturePoolElement
[26Sep2025 23:14:36.203] [main/DEBUG] [net.minecraftforge.common.ForgeI18n/CORE]: Loading I18N data entries: 6430
[26Sep2025 23:14:36.216] [main/DEBUG] [net.minecraftforge.fml.ModWorkManager/LOADING]: Using 4 threads for parallel mod-loading
[26Sep2025 23:14:36.221] [main/DEBUG] [net.minecraftforge.fml.javafmlmod.FMLJavaModLanguageProvider/LOADING]: Loading FMLModContainer from classloader cpw.mods.modlauncher.TransformingClassLoader@26865482 - got cpw.mods.cl.ModuleClassLoader@3d36dff4
[26Sep2025 23:14:36.222] [main/DEBUG] [net.minecraftforge.fml.javafmlmod.FMLModContainer/LOADING]: Creating FMLModContainer instance for com.gravestone.gravecore.forge.GraveCoreForge
[26Sep2025 23:14:36.223] [main/DEBUG] [net.minecraftforge.fml.javafmlmod.FMLJavaModLanguageProvider/LOADING]: Loading FMLModContainer from classloader cpw.mods.modlauncher.TransformingClassLoader@26865482 - got cpw.mods.cl.ModuleClassLoader@3d36dff4
[26Sep2025 23:14:36.223] [main/DEBUG] [net.minecraftforge.fml.javafmlmod.FMLModContainer/LOADING]: Creating FMLModContainer instance for me.jellysquid.mods.lithium.common.LithiumMod
[26Sep2025 23:14:36.224] [main/DEBUG] [net.minecraftforge.fml.javafmlmod.FMLJavaModLanguageProvider/LOADING]: Loading FMLModContainer from classloader cpw.mods.modlauncher.TransformingClassLoader@26865482 - got cpw.mods.cl.ModuleClassLoader@3d36dff4
[26Sep2025 23:14:36.224] [main/DEBUG] [net.minecraftforge.fml.javafmlmod.FMLModContainer/LOADING]: Creating FMLModContainer instance for dev.latvian.mods.rhino.mod.forge.RhinoModForge
[26Sep2025 23:14:36.224] [main/DEBUG] [net.minecraftforge.fml.javafmlmod.FMLJavaModLanguageProvider/LOADING]: Loading FMLModContainer from classloader cpw.mods.modlauncher.TransformingClassLoader@26865482 - got cpw.mods.cl.ModuleClassLoader@3d36dff4
[26Sep2025 23:14:36.224] [main/DEBUG] [net.minecraftforge.fml.javafmlmod.FMLModContainer/LOADING]: Creating FMLModContainer instance for com.bobmowzie.mowziesmobs.MowziesMobs
[26Sep2025 23:14:36.225] [main/DEBUG] [net.minecraftforge.fml.javafmlmod.FMLJavaModLanguageProvider/LOADING]: Loading FMLModContainer from classloader cpw.mods.modlauncher.TransformingClassLoader@26865482 - got cpw.mods.cl.ModuleClassLoader@3d36dff4
[26Sep2025 23:14:36.225] [main/DEBUG] [net.minecraftforge.fml.javafmlmod.FMLModContainer/LOADING]: Creating FMLModContainer instance for com.cinemamod.mcef.ForgeMCEFMod
[26Sep2025 23:14:36.226] [main/DEBUG] [net.minecraftforge.fml.javafmlmod.FMLJavaModLanguageProvider/LOADING]: Loading FMLModContainer from classloader cpw.mods.modlauncher.TransformingClassLoader@26865482 - got cpw.mods.cl.ModuleClassLoader@3d36dff4
[26Sep2025 23:14:36.226] [main/DEBUG] [net.minecraftforge.fml.javafmlmod.FMLModContainer/LOADING]: Creating FMLModContainer instance for fuzs.mutantmonsters.MutantMonstersForge
[26Sep2025 23:14:36.226] [main/DEBUG] [net.minecraftforge.fml.javafmlmod.FMLJavaModLanguageProvider/LOADING]: Loading FMLModContainer from classloader cpw.mods.modlauncher.TransformingClassLoader@26865482 - got cpw.mods.cl.ModuleClassLoader@3d36dff4
[26Sep2025 23:14:36.226] [main/DEBUG] [net.minecraftforge.fml.javafmlmod.FMLModContainer/LOADING]: Creating FMLModContainer instance for net.mehvahdjukaar.amendments.forge.AmendmentsForge
[26Sep2025 23:14:36.227] [main/DEBUG] [net.minecraftforge.fml.javafmlmod.FMLJavaModLanguageProvider/LOADING]: Loading FMLModContainer from classloader cpw.mods.modlauncher.TransformingClassLoader@26865482 - got cpw.mods.cl.ModuleClassLoader@3d36dff4
[26Sep2025 23:14:36.227] [main/DEBUG] [net.minecraftforge.fml.javafmlmod.FMLModContainer/LOADING]: Creating FMLModContainer instance for software.bernie.example.GeckoLibMod
[26Sep2025 23:14:36.227] [main/DEBUG] [net.minecraftforge.fml.javafmlmod.FMLJavaModLanguageProvider/LOADING]: Loading FMLModContainer from classloader cpw.mods.modlauncher.TransformingClassLoader@26865482 - got cpw.mods.cl.ModuleClassLoader@3d36dff4
[26Sep2025 23:14:36.227] [main/DEBUG] [net.minecraftforge.fml.javafmlmod.FMLModContainer/LOADING]: Creating FMLModContainer instance for dev.kosmx.playerAnim.forge.ForgeModInterface
[26Sep2025 23:14:36.228] [main/DEBUG] [net.minecraftforge.fml.javafmlmod.FMLJavaModLanguageProvider/LOADING]: Loading FMLModContainer from classloader cpw.mods.modlauncher.TransformingClassLoader@26865482 - got cpw.mods.cl.ModuleClassLoader@3d36dff4
[26Sep2025 23:14:36.228] [main/DEBUG] [net.minecraftforge.fml.javafmlmod.FMLModContainer/LOADING]: Creating FMLModContainer instance for net.threetag.palladiumcore.forge.PalladiumCoreForge
[26Sep2025 23:14:36.228] [main/DEBUG] [net.minecraftforge.fml.javafmlmod.FMLJavaModLanguageProvider/LOADING]: Loading FMLModContainer from classloader cpw.mods.modlauncher.TransformingClassLoader@26865482 - got cpw.mods.cl.ModuleClassLoader@3d36dff4
[26Sep2025 23:14:36.228] [main/DEBUG] [net.minecraftforge.fml.javafmlmod.FMLModContainer/LOADING]: Creating FMLModContainer instance for mezz.jei.forge.JustEnoughItems
[26Sep2025 23:14:36.229] [main/DEBUG] [net.minecraftforge.fml.javafmlmod.FMLJavaModLanguageProvider/LOADING]: Loading FMLModContainer from classloader cpw.mods.modlauncher.TransformingClassLoader@26865482 - got cpw.mods.cl.ModuleClassLoader@3d36dff4
[26Sep2025 23:14:36.229] [main/DEBUG] [net.minecraftforge.fml.javafmlmod.FMLModContainer/LOADING]: Creating FMLModContainer instance for com.leclowndu93150.particlerain.ParticleRainClient
[26Sep2025 23:14:36.229] [main/DEBUG] [net.minecraftforge.fml.javafmlmod.FMLJavaModLanguageProvider/LOADING]: Loading FMLModContainer from classloader cpw.mods.modlauncher.TransformingClassLoader@26865482 - got cpw.mods.cl.ModuleClassLoader@3d36dff4
[26Sep2025 23:14:36.229] [main/DEBUG] [net.minecraftforge.fml.javafmlmod.FMLModContainer/LOADING]: Creating FMLModContainer instance for virtuoel.pehkui.Pehkui
[26Sep2025 23:14:36.230] [main/DEBUG] [net.minecraftforge.fml.javafmlmod.FMLJavaModLanguageProvider/LOADING]: Loading FMLModContainer from classloader cpw.mods.modlauncher.TransformingClassLoader@26865482 - got cpw.mods.cl.ModuleClassLoader@3d36dff4
[26Sep2025 23:14:36.230] [main/DEBUG] [net.minecraftforge.fml.javafmlmod.FMLModContainer/LOADING]: Creating FMLModContainer instance for com.jtorleonstudios.libraryferret.LibraryFerret
[26Sep2025 23:14:36.230] [main/DEBUG] [net.minecraftforge.fml.javafmlmod.FMLJavaModLanguageProvider/LOADING]: Loading FMLModContainer from classloader cpw.mods.modlauncher.TransformingClassLoader@26865482 - got cpw.mods.cl.ModuleClassLoader@3d36dff4
[26Sep2025 23:14:36.230] [main/DEBUG] [net.minecraftforge.fml.javafmlmod.FMLModContainer/LOADING]: Creating FMLModContainer instance for dev.tr7zw.trender.gui.impl.client.LibGuiBootstrap
[26Sep2025 23:14:36.231] [main/DEBUG] [net.minecraftforge.fml.javafmlmod.FMLJavaModLanguageProvider/LOADING]: Loading FMLModContainer from classloader cpw.mods.modlauncher.TransformingClassLoader@26865482 - got cpw.mods.cl.ModuleClassLoader@3d36dff4
[26Sep2025 23:14:36.231] [main/DEBUG] [net.minecraftforge.fml.javafmlmod.FMLModContainer/LOADING]: Creating FMLModContainer instance for net.threetag.palladium.forge.PalladiumForge
[26Sep2025 23:14:36.232] [main/DEBUG] [net.minecraftforge.fml.javafmlmod.FMLJavaModLanguageProvider/LOADING]: Loading FMLModContainer from classloader cpw.mods.modlauncher.TransformingClassLoader@26865482 - got cpw.mods.cl.ModuleClassLoader@3d36dff4
[26Sep2025 23:14:36.232] [main/DEBUG] [net.minecraftforge.fml.javafmlmod.FMLModContainer/LOADING]: Creating FMLModContainer instance for net.architects.betterendcities.BetterEndCitiesMod
[26Sep2025 23:14:36.232] [main/DEBUG] [net.minecraftforge.fml.javafmlmod.FMLJavaModLanguageProvider/LOADING]: Loading FMLModContainer from classloader cpw.mods.modlauncher.TransformingClassLoader@26865482 - got cpw.mods.cl.ModuleClassLoader@3d36dff4
[26Sep2025 23:14:36.233] [main/DEBUG] [net.minecraftforge.fml.javafmlmod.FMLModContainer/LOADING]: Creating FMLModContainer instance for org.embeddedt.modernfix.forge.init.ModernFixForge
[26Sep2025 23:14:36.233] [main/DEBUG] [net.minecraftforge.fml.javafmlmod.FMLJavaModLanguageProvider/LOADING]: Loading FMLModContainer from classloader cpw.mods.modlauncher.TransformingClassLoader@26865482 - got cpw.mods.cl.ModuleClassLoader@3d36dff4
[26Sep2025 23:14:36.233] [main/DEBUG] [net.minecraftforge.fml.javafmlmod.FMLModContainer/LOADING]: Creating FMLModContainer instance for com.github.alexthe666.citadel.Citadel
[26Sep2025 23:14:36.234] [main/DEBUG] [net.minecraftforge.fml.javafmlmod.FMLJavaModLanguageProvider/LOADING]: Loading FMLModContainer from classloader cpw.mods.modlauncher.TransformingClassLoader@26865482 - got cpw.mods.cl.ModuleClassLoader@3d36dff4
[26Sep2025 23:14:36.234] [main/DEBUG] [net.minecraftforge.fml.javafmlmod.FMLModContainer/LOADING]: Creating FMLModContainer instance for com.github.alexthe666.alexsmobs.AlexsMobs
[26Sep2025 23:14:36.236] [main/DEBUG] [net.minecraftforge.fml.lowcodemod.LowCodeModLanguageProvider.LowCodeModTarget/LOADING]: Loading LowCodeModContainer from classloader cpw.mods.modlauncher.TransformingClassLoader@26865482 - got cpw.mods.cl.ModuleClassLoader@3d36dff4
[26Sep2025 23:14:36.236] [main/DEBUG] [net.minecraftforge.fml.lowcodemod.LowCodeModContainer/LOADING]: Creating LowCodeModContainer for mypowers
[26Sep2025 23:14:36.236] [main/DEBUG] [net.minecraftforge.fml.javafmlmod.FMLJavaModLanguageProvider/LOADING]: Loading FMLModContainer from classloader cpw.mods.modlauncher.TransformingClassLoader@26865482 - got cpw.mods.cl.ModuleClassLoader@3d36dff4
[26Sep2025 23:14:36.236] [main/DEBUG] [net.minecraftforge.fml.javafmlmod.FMLModContainer/LOADING]: Creating FMLModContainer instance for com.tiviacz.travelersbackpack.TravelersBackpack
[26Sep2025 23:14:36.237] [main/DEBUG] [net.minecraftforge.fml.javafmlmod.FMLJavaModLanguageProvider/LOADING]: Loading FMLModContainer from classloader cpw.mods.modlauncher.TransformingClassLoader@26865482 - got cpw.mods.cl.ModuleClassLoader@3d36dff4
[26Sep2025 23:14:36.237] [main/DEBUG] [net.minecraftforge.fml.javafmlmod.FMLModContainer/LOADING]: Creating FMLModContainer instance for com.yungnickyoung.minecraft.yungsapi.YungsApiForge
[26Sep2025 23:14:36.237] [main/DEBUG] [net.minecraftforge.fml.javafmlmod.FMLJavaModLanguageProvider/LOADING]: Loading FMLModContainer from classloader cpw.mods.modlauncher.TransformingClassLoader@26865482 - got cpw.mods.cl.ModuleClassLoader@3d36dff4
[26Sep2025 23:14:36.237] [main/DEBUG] [net.minecraftforge.fml.javafmlmod.FMLModContainer/LOADING]: Creating FMLModContainer instance for it.hurts.sskirillss.relics.Relics
[26Sep2025 23:14:36.238] [main/DEBUG] [net.minecraftforge.fml.javafmlmod.FMLJavaModLanguageProvider/LOADING]: Loading FMLModContainer from classloader cpw.mods.modlauncher.TransformingClassLoader@26865482 - got cpw.mods.cl.ModuleClassLoader@3d36dff4
[26Sep2025 23:14:36.238] [main/DEBUG] [net.minecraftforge.fml.javafmlmod.FMLModContainer/LOADING]: Creating FMLModContainer instance for com.github.alexthe666.iceandfire.IceAndFire
[26Sep2025 23:14:36.239] [main/DEBUG] [net.minecraftforge.fml.javafmlmod.FMLJavaModLanguageProvider/LOADING]: Loading FMLModContainer from classloader cpw.mods.modlauncher.TransformingClassLoader@26865482 - got cpw.mods.cl.ModuleClassLoader@3d36dff4
[26Sep2025 23:14:36.239] [main/DEBUG] [net.minecraftforge.fml.javafmlmod.FMLModContainer/LOADING]: Creating FMLModContainer instance for com.teamabnormals.blueprint.core.Blueprint
[26Sep2025 23:14:36.240] [main/DEBUG] [net.minecraftforge.fml.javafmlmod.FMLJavaModLanguageProvider/LOADING]: Loading FMLModContainer from classloader cpw.mods.modlauncher.TransformingClassLoader@26865482 - got cpw.mods.cl.ModuleClassLoader@3d36dff4
[26Sep2025 23:14:36.240] [main/DEBUG] [net.minecraftforge.fml.javafmlmod.FMLModContainer/LOADING]: Creating FMLModContainer instance for tschipp.carryon.CarryOnForge
[26Sep2025 23:14:36.240] [main/DEBUG] [net.minecraftforge.fml.javafmlmod.FMLJavaModLanguageProvider/LOADING]: Loading FMLModContainer from classloader cpw.mods.modlauncher.TransformingClassLoader@26865482 - got cpw.mods.cl.ModuleClassLoader@3d36dff4
[26Sep2025 23:14:36.241] [main/DEBUG] [net.minecraftforge.fml.javafmlmod.FMLModContainer/LOADING]: Creating FMLModContainer instance for fuzs.puzzlesaccessapi.forge.PuzzlesAccessApiForge
[26Sep2025 23:14:36.241] [main/DEBUG] [net.minecraftforge.fml.javafmlmod.FMLJavaModLanguageProvider/LOADING]: Loading FMLModContainer from classloader cpw.mods.modlauncher.TransformingClassLoader@26865482 - got cpw.mods.cl.ModuleClassLoader@3d36dff4
[26Sep2025 23:14:36.241] [main/DEBUG] [net.minecraftforge.fml.javafmlmod.FMLModContainer/LOADING]: Creating FMLModContainer instance for me.shedaniel.clothconfig.ClothConfigForge
[26Sep2025 23:14:36.241] [main/DEBUG] [net.minecraftforge.fml.javafmlmod.FMLJavaModLanguageProvider/LOADING]: Loading FMLModContainer from classloader cpw.mods.modlauncher.TransformingClassLoader@26865482 - got cpw.mods.cl.ModuleClassLoader@3d36dff4
[26Sep2025 23:14:36.241] [main/DEBUG] [net.minecraftforge.fml.javafmlmod.FMLModContainer/LOADING]: Creating FMLModContainer instance for net.minecraftforge.common.ForgeMod
[26Sep2025 23:14:36.243] [main/DEBUG] [net.minecraftforge.fml.javafmlmod.FMLJavaModLanguageProvider/LOADING]: Loading FMLModContainer from classloader cpw.mods.modlauncher.TransformingClassLoader@26865482 - got cpw.mods.cl.ModuleClassLoader@3d36dff4
[26Sep2025 23:14:36.243] [main/DEBUG] [net.minecraftforge.fml.javafmlmod.FMLModContainer/LOADING]: Creating FMLModContainer instance for fuzs.extensibleenums.forge.impl.ExtensibleEnumsForge
[26Sep2025 23:14:36.244] [main/DEBUG] [net.minecraftforge.fml.javafmlmod.FMLJavaModLanguageProvider/LOADING]: Loading FMLModContainer from classloader cpw.mods.modlauncher.TransformingClassLoader@26865482 - got cpw.mods.cl.ModuleClassLoader@3d36dff4
[26Sep2025 23:14:36.244] [main/DEBUG] [net.minecraftforge.fml.javafmlmod.FMLModContainer/LOADING]: Creating FMLModContainer instance for me.jellysquid.mods.sodium.client.SodiumClientMod
[26Sep2025 23:14:36.244] [main/DEBUG] [net.minecraftforge.fml.javafmlmod.FMLJavaModLanguageProvider/LOADING]: Loading FMLModContainer from classloader cpw.mods.modlauncher.TransformingClassLoader@26865482 - got cpw.mods.cl.ModuleClassLoader@3d36dff4
[26Sep2025 23:14:36.244] [main/DEBUG] [net.minecraftforge.fml.javafmlmod.FMLModContainer/LOADING]: Creating FMLModContainer instance for me.jellysquid.mods.sodium.client.RubidiumStub
[26Sep2025 23:14:36.245] [main/DEBUG] [net.minecraftforge.fml.javafmlmod.FMLJavaModLanguageProvider/LOADING]: Loading FMLModContainer from classloader cpw.mods.modlauncher.TransformingClassLoader@26865482 - got cpw.mods.cl.ModuleClassLoader@3d36dff4
[26Sep2025 23:14:36.245] [main/DEBUG] [net.minecraftforge.fml.javafmlmod.FMLModContainer/LOADING]: Creating FMLModContainer instance for net.montoyo.wd.WebDisplays
[26Sep2025 23:14:36.246] [main/DEBUG] [net.minecraftforge.fml.javafmlmod.FMLJavaModLanguageProvider/LOADING]: Loading FMLModContainer from classloader cpw.mods.modlauncher.TransformingClassLoader@26865482 - got cpw.mods.cl.ModuleClassLoader@3d36dff4
[26Sep2025 23:14:36.246] [main/DEBUG] [net.minecraftforge.fml.javafmlmod.FMLModContainer/LOADING]: Creating FMLModContainer instance for net.aurelj.dungeons_arise.DungeonsAriseMain
[26Sep2025 23:14:36.246] [main/DEBUG] [net.minecraftforge.fml.javafmlmod.FMLJavaModLanguageProvider/LOADING]: Loading FMLModContainer from classloader cpw.mods.modlauncher.TransformingClassLoader@26865482 - got cpw.mods.cl.ModuleClassLoader@3d36dff4
[26Sep2025 23:14:36.246] [main/DEBUG] [net.minecraftforge.fml.javafmlmod.FMLModContainer/LOADING]: Creating FMLModContainer instance for fuzs.hoppergadgetry.forge.HopperGadgetryForge
[26Sep2025 23:14:36.247] [main/DEBUG] [net.minecraftforge.fml.javafmlmod.FMLJavaModLanguageProvider/LOADING]: Loading FMLModContainer from classloader cpw.mods.modlauncher.TransformingClassLoader@26865482 - got cpw.mods.cl.ModuleClassLoader@3d36dff4
[26Sep2025 23:14:36.247] [main/DEBUG] [net.minecraftforge.fml.javafmlmod.FMLModContainer/LOADING]: Creating FMLModContainer instance for com.song.castle_in_the_sky.CastleInTheSky
[26Sep2025 23:14:36.248] [main/DEBUG] [net.minecraftforge.fml.javafmlmod.FMLJavaModLanguageProvider/LOADING]: Loading FMLModContainer from classloader cpw.mods.modlauncher.TransformingClassLoader@26865482 - got cpw.mods.cl.ModuleClassLoader@3d36dff4
[26Sep2025 23:14:36.248] [main/DEBUG] [net.minecraftforge.fml.javafmlmod.FMLModContainer/LOADING]: Creating FMLModContainer instance for net.mcreator.rusticengineer.RusticEngineerMod
[26Sep2025 23:14:36.248] [main/DEBUG] [net.minecraftforge.fml.javafmlmod.FMLJavaModLanguageProvider/LOADING]: Loading FMLModContainer from classloader cpw.mods.modlauncher.TransformingClassLoader@26865482 - got cpw.mods.cl.ModuleClassLoader@3d36dff4
[26Sep2025 23:14:36.248] [main/DEBUG] [net.minecraftforge.fml.javafmlmod.FMLModContainer/LOADING]: Creating FMLModContainer instance for net.mcreator.brainrot.BrainrotMod
[26Sep2025 23:14:36.249] [main/DEBUG] [net.minecraftforge.fml.javafmlmod.FMLJavaModLanguageProvider/LOADING]: Loading FMLModContainer from classloader cpw.mods.modlauncher.TransformingClassLoader@26865482 - got cpw.mods.cl.ModuleClassLoader@3d36dff4
[26Sep2025 23:14:36.249] [main/DEBUG] [net.minecraftforge.fml.javafmlmod.FMLModContainer/LOADING]: Creating FMLModContainer instance for net.hqrvester.boiled.BoiledReimaginedMod
[26Sep2025 23:14:36.249] [main/DEBUG] [net.minecraftforge.fml.javafmlmod.FMLJavaModLanguageProvider/LOADING]: Loading FMLModContainer from classloader cpw.mods.modlauncher.TransformingClassLoader@26865482 - got cpw.mods.cl.ModuleClassLoader@3d36dff4
[26Sep2025 23:14:36.250] [main/DEBUG] [net.minecraftforge.fml.javafmlmod.FMLModContainer/LOADING]: Creating FMLModContainer instance for net.mehvahdjukaar.moonlight.forge.MoonlightForge
[26Sep2025 23:14:36.250] [main/DEBUG] [net.minecraftforge.fml.javafmlmod.FMLJavaModLanguageProvider/LOADING]: Loading FMLModContainer from classloader cpw.mods.modlauncher.TransformingClassLoader@26865482 - got cpw.mods.cl.ModuleClassLoader@3d36dff4
[26Sep2025 23:14:36.250] [main/DEBUG] [net.minecraftforge.fml.javafmlmod.FMLModContainer/LOADING]: Creating FMLModContainer instance for dev.gigaherz.toolbelt.ToolBelt
[26Sep2025 23:14:36.251] [main/DEBUG] [net.minecraftforge.fml.javafmlmod.FMLJavaModLanguageProvider/LOADING]: Loading FMLModContainer from classloader cpw.mods.modlauncher.TransformingClassLoader@26865482 - got cpw.mods.cl.ModuleClassLoader@3d36dff4
[26Sep2025 23:14:36.251] [main/DEBUG] [net.minecraftforge.fml.javafmlmod.FMLModContainer/LOADING]: Creating FMLModContainer instance for com.modrinth.Cw8IlnGM.ModrinthWrapper
[26Sep2025 23:14:36.252] [main/DEBUG] [net.minecraftforge.fml.javafmlmod.FMLJavaModLanguageProvider/LOADING]: Loading FMLModContainer from classloader cpw.mods.modlauncher.TransformingClassLoader@26865482 - got cpw.mods.cl.ModuleClassLoader@3d36dff4
[26Sep2025 23:14:36.252] [main/DEBUG] [net.minecraftforge.fml.javafmlmod.FMLModContainer/LOADING]: Creating FMLModContainer instance for net.mcreator.mofusbetterend.MofusBetterEndMod
[26Sep2025 23:14:36.252] [main/DEBUG] [net.minecraftforge.fml.javafmlmod.FMLJavaModLanguageProvider/LOADING]: Loading FMLModContainer from classloader cpw.mods.modlauncher.TransformingClassLoader@26865482 - got cpw.mods.cl.ModuleClassLoader@3d36dff4
[26Sep2025 23:14:36.252] [main/DEBUG] [net.minecraftforge.fml.javafmlmod.FMLModContainer/LOADING]: Creating FMLModContainer instance for team.creative.creativecore.CreativeCore
[26Sep2025 23:14:36.253] [main/DEBUG] [net.minecraftforge.fml.javafmlmod.FMLJavaModLanguageProvider/LOADING]: Loading FMLModContainer from classloader cpw.mods.modlauncher.TransformingClassLoader@26865482 - got cpw.mods.cl.ModuleClassLoader@3d36dff4
[26Sep2025 23:14:36.253] [main/DEBUG] [net.minecraftforge.fml.javafmlmod.FMLModContainer/LOADING]: Creating FMLModContainer instance for net.habb.alienevo.forge.AlienEvoForge
[26Sep2025 23:14:36.253] [main/DEBUG] [net.minecraftforge.fml.javafmlmod.FMLJavaModLanguageProvider/LOADING]: Loading FMLModContainer from classloader cpw.mods.modlauncher.TransformingClassLoader@26865482 - got cpw.mods.cl.ModuleClassLoader@3d36dff4
[26Sep2025 23:14:36.254] [main/DEBUG] [net.minecraftforge.fml.javafmlmod.FMLModContainer/LOADING]: Creating FMLModContainer instance for dev.tr7zw.notenoughanimations.NEABootstrap
[26Sep2025 23:14:36.254] [main/DEBUG] [net.minecraftforge.fml.javafmlmod.FMLJavaModLanguageProvider/LOADING]: Loading FMLModContainer from classloader cpw.mods.modlauncher.TransformingClassLoader@26865482 - got cpw.mods.cl.ModuleClassLoader@3d36dff4
[26Sep2025 23:14:36.254] [main/DEBUG] [net.minecraftforge.fml.javafmlmod.FMLModContainer/LOADING]: Creating FMLModContainer instance for top.theillusivec4.curios.Curios
[26Sep2025 23:14:36.254] [main/DEBUG] [net.minecraftforge.fml.javafmlmod.FMLJavaModLanguageProvider/LOADING]: Loading FMLModContainer from classloader cpw.mods.modlauncher.TransformingClassLoader@26865482 - got cpw.mods.cl.ModuleClassLoader@3d36dff4
[26Sep2025 23:14:36.254] [main/DEBUG] [net.minecraftforge.fml.javafmlmod.FMLModContainer/LOADING]: Creating FMLModContainer instance for xaero.minimap.XaeroMinimapForge
[26Sep2025 23:14:36.256] [main/DEBUG] [net.minecraftforge.fml.javafmlmod.FMLJavaModLanguageProvider/LOADING]: Loading FMLModContainer from classloader cpw.mods.modlauncher.TransformingClassLoader@26865482 - got cpw.mods.cl.ModuleClassLoader@3d36dff4
[26Sep2025 23:14:36.256] [main/DEBUG] [net.minecraftforge.fml.javafmlmod.FMLModContainer/LOADING]: Creating FMLModContainer instance for de.maxhenkel.gravestone.Main
[26Sep2025 23:14:36.257] [main/DEBUG] [net.minecraftforge.fml.javafmlmod.FMLJavaModLanguageProvider/LOADING]: Loading FMLModContainer from classloader cpw.mods.modlauncher.TransformingClassLoader@26865482 - got cpw.mods.cl.ModuleClassLoader@3d36dff4
[26Sep2025 23:14:36.257] [main/DEBUG] [net.minecraftforge.fml.javafmlmod.FMLModContainer/LOADING]: Creating FMLModContainer instance for com.teamabnormals.pet_cemetery.core.PetCemetery
[26Sep2025 23:14:36.258] [main/DEBUG] [net.minecraftforge.fml.lowcodemod.LowCodeModLanguageProvider.LowCodeModTarget/LOADING]: Loading LowCodeModContainer from classloader cpw.mods.modlauncher.TransformingClassLoader@26865482 - got cpw.mods.cl.ModuleClassLoader@3d36dff4
[26Sep2025 23:14:36.258] [main/DEBUG] [net.minecraftforge.fml.lowcodemod.LowCodeModContainer/LOADING]: Creating LowCodeModContainer for mr_dungeons_andtaverns
[26Sep2025 23:14:36.258] [main/DEBUG] [net.minecraftforge.fml.javafmlmod.FMLJavaModLanguageProvider/LOADING]: Loading FMLModContainer from classloader cpw.mods.modlauncher.TransformingClassLoader@26865482 - got cpw.mods.cl.ModuleClassLoader@3d36dff4
[26Sep2025 23:14:36.258] [main/DEBUG] [net.minecraftforge.fml.javafmlmod.FMLModContainer/LOADING]: Creating FMLModContainer instance for net.imoqen.loafcats.LoafCats
[26Sep2025 23:14:36.258] [main/DEBUG] [net.minecraftforge.fml.javafmlmod.FMLJavaModLanguageProvider/LOADING]: Loading FMLModContainer from classloader cpw.mods.modlauncher.TransformingClassLoader@26865482 - got cpw.mods.cl.ModuleClassLoader@3d36dff4
[26Sep2025 23:14:36.258] [main/DEBUG] [net.minecraftforge.fml.javafmlmod.FMLModContainer/LOADING]: Creating FMLModContainer instance for com.jtorleonstudios.bettervillage.Main
[26Sep2025 23:14:36.259] [main/DEBUG] [net.minecraftforge.fml.javafmlmod.FMLJavaModLanguageProvider/LOADING]: Loading FMLModContainer from classloader cpw.mods.modlauncher.TransformingClassLoader@26865482 - got cpw.mods.cl.ModuleClassLoader@3d36dff4
[26Sep2025 23:14:36.259] [main/DEBUG] [net.minecraftforge.fml.javafmlmod.FMLModContainer/LOADING]: Creating FMLModContainer instance for com.mrcrayfish.furniture.FurnitureMod
[26Sep2025 23:14:36.259] [main/DEBUG] [net.minecraftforge.fml.javafmlmod.FMLJavaModLanguageProvider/LOADING]: Loading FMLModContainer from classloader cpw.mods.modlauncher.TransformingClassLoader@26865482 - got cpw.mods.cl.ModuleClassLoader@3d36dff4
[26Sep2025 23:14:36.259] [main/DEBUG] [net.minecraftforge.fml.javafmlmod.FMLModContainer/LOADING]: Creating FMLModContainer instance for dev.architectury.forge.ArchitecturyForge
[26Sep2025 23:14:36.260] [main/DEBUG] [net.minecraftforge.fml.javafmlmod.FMLJavaModLanguageProvider/LOADING]: Loading FMLModContainer from classloader cpw.mods.modlauncher.TransformingClassLoader@26865482 - got cpw.mods.cl.ModuleClassLoader@3d36dff4
[26Sep2025 23:14:36.260] [main/DEBUG] [net.minecraftforge.fml.javafmlmod.FMLModContainer/LOADING]: Creating FMLModContainer instance for dev.latvian.mods.kubejs.forge.KubeJSForge
[26Sep2025 23:14:36.260] [main/DEBUG] [net.minecraftforge.fml.javafmlmod.FMLJavaModLanguageProvider/LOADING]: Loading FMLModContainer from classloader cpw.mods.modlauncher.TransformingClassLoader@26865482 - got cpw.mods.cl.ModuleClassLoader@3d36dff4
[26Sep2025 23:14:36.260] [main/DEBUG] [net.minecraftforge.fml.javafmlmod.FMLModContainer/LOADING]: Creating FMLModContainer instance for it.hurts.octostudios.octolib.forge.OctoLibForge
[26Sep2025 23:14:36.261] [main/DEBUG] [net.minecraftforge.fml.lowcodemod.LowCodeModLanguageProvider.LowCodeModTarget/LOADING]: Loading LowCodeModContainer from classloader cpw.mods.modlauncher.TransformingClassLoader@26865482 - got cpw.mods.cl.ModuleClassLoader@3d36dff4
[26Sep2025 23:14:36.261] [main/DEBUG] [net.minecraftforge.fml.lowcodemod.LowCodeModContainer/LOADING]: Creating LowCodeModContainer for mr_limesplatus_ending
[26Sep2025 23:14:36.261] [main/DEBUG] [net.minecraftforge.fml.javafmlmod.FMLJavaModLanguageProvider/LOADING]: Loading FMLModContainer from classloader cpw.mods.modlauncher.TransformingClassLoader@26865482 - got cpw.mods.cl.ModuleClassLoader@3d36dff4
[26Sep2025 23:14:36.261] [main/DEBUG] [net.minecraftforge.fml.javafmlmod.FMLModContainer/LOADING]: Creating FMLModContainer instance for malte0811.ferritecore.ModMainForge
[26Sep2025 23:14:36.261] [main/DEBUG] [net.minecraftforge.fml.javafmlmod.FMLJavaModLanguageProvider/LOADING]: Loading FMLModContainer from classloader cpw.mods.modlauncher.TransformingClassLoader@26865482 - got cpw.mods.cl.ModuleClassLoader@3d36dff4
[26Sep2025 23:14:36.261] [main/DEBUG] [net.minecraftforge.fml.javafmlmod.FMLModContainer/LOADING]: Creating FMLModContainer instance for dev.tr7zw.transition.TRansitionBootstrap
[26Sep2025 23:14:36.262] [main/DEBUG] [net.minecraftforge.fml.javafmlmod.FMLJavaModLanguageProvider/LOADING]: Loading FMLModContainer from classloader cpw.mods.modlauncher.TransformingClassLoader@26865482 - got cpw.mods.cl.ModuleClassLoader@3d36dff4
[26Sep2025 23:14:36.262] [main/DEBUG] [net.minecraftforge.fml.javafmlmod.FMLModContainer/LOADING]: Creating FMLModContainer instance for com.yungnickyoung.minecraft.betterendisland.BetterEndIslandForge
[26Sep2025 23:14:36.262] [main/DEBUG] [net.minecraftforge.fml.javafmlmod.FMLJavaModLanguageProvider/LOADING]: Loading FMLModContainer from classloader cpw.mods.modlauncher.TransformingClassLoader@26865482 - got cpw.mods.cl.ModuleClassLoader@3d36dff4
[26Sep2025 23:14:36.262] [main/DEBUG] [net.minecraftforge.fml.javafmlmod.FMLModContainer/LOADING]: Creating FMLModContainer instance for fuzs.puzzleslib.impl.PuzzlesLibForge
[26Sep2025 23:14:36.262] [main/DEBUG] [net.minecraftforge.fml.javafmlmod.FMLJavaModLanguageProvider/LOADING]: Loading FMLModContainer from classloader cpw.mods.modlauncher.TransformingClassLoader@26865482 - got cpw.mods.cl.ModuleClassLoader@3d36dff4
[26Sep2025 23:14:36.262] [main/DEBUG] [net.minecraftforge.fml.javafmlmod.FMLModContainer/LOADING]: Creating FMLModContainer instance for net.mcreator.theknocker.TheKnockerMod
[26Sep2025 23:14:36.263] [main/DEBUG] [net.minecraftforge.fml.javafmlmod.FMLJavaModLanguageProvider/LOADING]: Loading FMLModContainer from classloader cpw.mods.modlauncher.TransformingClassLoader@26865482 - got cpw.mods.cl.ModuleClassLoader@3d36dff4
[26Sep2025 23:14:36.263] [main/DEBUG] [net.minecraftforge.fml.javafmlmod.FMLModContainer/LOADING]: Creating FMLModContainer instance for fr.rakambda.fallingtree.forge.FallingTree
[26Sep2025 23:14:36.263] [main/DEBUG] [net.minecraftforge.fml.javafmlmod.FMLJavaModLanguageProvider/LOADING]: Loading FMLModContainer from classloader cpw.mods.modlauncher.TransformingClassLoader@26865482 - got cpw.mods.cl.ModuleClassLoader@3d36dff4
[26Sep2025 23:14:36.263] [main/DEBUG] [net.minecraftforge.fml.javafmlmod.FMLModContainer/LOADING]: Creating FMLModContainer instance for team.lodestar.lodestone.LodestoneLib
[26Sep2025 23:14:36.264] [main/DEBUG] [net.minecraftforge.fml.javafmlmod.FMLJavaModLanguageProvider/LOADING]: Loading FMLModContainer from classloader cpw.mods.modlauncher.TransformingClassLoader@26865482 - got cpw.mods.cl.ModuleClassLoader@3d36dff4
[26Sep2025 23:14:36.264] [main/DEBUG] [net.minecraftforge.fml.javafmlmod.FMLModContainer/LOADING]: Creating FMLModContainer instance for com.tom.storagemod.StorageMod
[26Sep2025 23:14:36.264] [main/DEBUG] [net.minecraftforge.fml.lowcodemod.LowCodeModLanguageProvider.LowCodeModTarget/LOADING]: Loading LowCodeModContainer from classloader cpw.mods.modlauncher.TransformingClassLoader@26865482 - got cpw.mods.cl.ModuleClassLoader@3d36dff4
[26Sep2025 23:14:36.265] [main/DEBUG] [net.minecraftforge.fml.lowcodemod.LowCodeModContainer/LOADING]: Creating LowCodeModContainer for hopo
[26Sep2025 23:14:36.265] [main/DEBUG] [net.minecraftforge.fml.javafmlmod.FMLJavaModLanguageProvider/LOADING]: Loading FMLModContainer from classloader cpw.mods.modlauncher.TransformingClassLoader@26865482 - got cpw.mods.cl.ModuleClassLoader@3d36dff4
[26Sep2025 23:14:36.265] [main/DEBUG] [net.minecraftforge.fml.javafmlmod.FMLModContainer/LOADING]: Creating FMLModContainer instance for dev.tonimatas.packetfixer.PacketFixerMod
[26Sep2025 23:14:36.265] [main/DEBUG] [net.minecraftforge.fml.javafmlmod.FMLJavaModLanguageProvider/LOADING]: Loading FMLModContainer from classloader cpw.mods.modlauncher.TransformingClassLoader@26865482 - got cpw.mods.cl.ModuleClassLoader@3d36dff4
[26Sep2025 23:14:36.265] [main/DEBUG] [net.minecraftforge.fml.javafmlmod.FMLModContainer/LOADING]: Creating FMLModContainer instance for team.creative.playerrevive.PlayerRevive
[26Sep2025 23:14:36.266] [main/DEBUG] [net.minecraftforge.fml.javafmlmod.FMLJavaModLanguageProvider/LOADING]: Loading FMLModContainer from classloader cpw.mods.modlauncher.TransformingClassLoader@26865482 - got cpw.mods.cl.ModuleClassLoader@3d36dff4
[26Sep2025 23:14:36.266] [main/DEBUG] [net.minecraftforge.fml.javafmlmod.FMLModContainer/LOADING]: Creating FMLModContainer instance for eu.ha3.presencefootsteps.PresenceFootsteps
[26Sep2025 23:14:36.356] [modloading-worker-0/DEBUG] [net.minecraftforge.fml.javafmlmod.AutomaticEventSubscriber/LOADING]: Attempting to inject @EventBusSubscriber classes into the eventbus for radium
[26Sep2025 23:14:36.364] [modloading-worker-0/DEBUG] [net.minecraftforge.fml.javafmlmod.AutomaticEventSubscriber/LOADING]: Attempting to inject @EventBusSubscriber classes into the eventbus for rhino
[26Sep2025 23:14:36.371] [modloading-worker-0/DEBUG] [net.minecraftforge.fml.javafmlmod.AutomaticEventSubscriber/LOADING]: Attempting to inject @EventBusSubscriber classes into the eventbus for mutantmonsters
[26Sep2025 23:14:36.373] [modloading-worker-0/DEBUG] [net.minecraftforge.fml.javafmlmod.AutomaticEventSubscriber/LOADING]: Attempting to inject @EventBusSubscriber classes into the eventbus for mcef
[26Sep2025 23:14:36.375] [modloading-worker-0/DEBUG] [net.minecraftforge.fml.javafmlmod.AutomaticEventSubscriber/LOADING]: Auto-subscribing fuzs.mutantmonsters.MutantMonstersForge to MOD
[26Sep2025 23:14:36.406] [modloading-worker-0/DEBUG] [mixin/]: Mixing perf.forge_registry_lambda.RegistryObjectMixin from modernfix-forge.mixins.json into net.minecraftforge.registries.RegistryObject
[26Sep2025 23:14:36.435] [modloading-worker-0/INFO] [Puzzles Lib/]: Constructing common components for mutantmonsters:main
[26Sep2025 23:14:36.452] [modloading-worker-0/DEBUG] [net.minecraftforge.fml.config.ConfigTracker/CONFIG]: Config file amendments-common.toml for amendments tracking
[26Sep2025 23:14:36.458] [modloading-worker-0/DEBUG] [net.minecraftforge.fml.config.ConfigTracker/CONFIG]: Config file mutantmonsters-common.toml for mutantmonsters tracking
[26Sep2025 23:14:36.468] [modloading-worker-0/DEBUG] [net.minecraftforge.fml.config.ConfigTracker/CONFIG]: Config file mutantmonsters-server.toml for mutantmonsters tracking
[26Sep2025 23:14:36.476] [modloading-worker-0/DEBUG] [mixin/]: Mixing MixinLevelEvent from architectury.mixins.json into net.minecraftforge.event.level.LevelEvent
[26Sep2025 23:14:36.481] [modloading-worker-0/INFO] [STDOUT/]: [com.gravestone.gravecore.GraveCore:init:50]: /workspaces/literate-parakeet/servidor_minecraft/config
[26Sep2025 23:14:36.487] [modloading-worker-0/DEBUG] [net.minecraftforge.fml.javafmlmod.AutomaticEventSubscriber/LOADING]: Attempting to inject @EventBusSubscriber classes into the eventbus for gravecore
[26Sep2025 23:14:36.487] [modloading-worker-0/DEBUG] [net.minecraftforge.fml.javafmlmod.AutomaticEventSubscriber/LOADING]: Attempting to inject @EventBusSubscriber classes into the eventbus for geckolib
[26Sep2025 23:14:36.488] [modloading-worker-0/DEBUG] [net.minecraftforge.fml.javafmlmod.AutomaticEventSubscriber/LOADING]: Auto-subscribing software.bernie.example.GeckoLibMod to FORGE
[26Sep2025 23:14:36.488] [modloading-worker-0/DEBUG] [net.minecraftforge.fml.javafmlmod.AutomaticEventSubscriber/LOADING]: Auto-subscribing software.bernie.example.CommonListener to MOD
[26Sep2025 23:14:36.495] [modloading-worker-0/DEBUG] [net.minecraftforge.fml.javafmlmod.AutomaticEventSubscriber/LOADING]: Attempting to inject @EventBusSubscriber classes into the eventbus for playeranimator
[26Sep2025 23:14:36.512] [modloading-worker-0/DEBUG] [mixin/]: Mixing compat1201minus.PlayerManagerMixin from pehkui.mixins.json into net.minecraft.server.players.PlayerList
[26Sep2025 23:14:36.514] [modloading-worker-0/DEBUG] [mixin/]: Mixing PlayerListMixin from palladium-common.mixins.json into net.minecraft.server.players.PlayerList
[26Sep2025 23:14:36.516] [modloading-worker-0/DEBUG] [mixin/]: Mixing perf.smart_ingredient_sync.PlayerListMixin from modernfix-forge.mixins.json into net.minecraft.server.players.PlayerList
[26Sep2025 23:14:36.517] [modloading-worker-0/DEBUG] [mixin/]: Mixing MixinPlayerList from xaerohud.mixins.json into net.minecraft.server.players.PlayerList
[26Sep2025 23:14:36.517] [modloading-worker-0/DEBUG] [mixin/]: Mixing PlayerListMixin from kubejs-common.mixins.json into net.minecraft.server.players.PlayerList
[26Sep2025 23:14:36.534] [modloading-worker-0/DEBUG] [mixin/]: Mixing PackTypeMixin from palladium-common.mixins.json into net.minecraft.server.packs.PackType
[26Sep2025 23:14:36.535] [modloading-worker-0/DEBUG] [mixin/]: Renaming @Invoker method create(Ljava/lang/String;ILjava/lang/String;)Lnet/minecraft/server/packs/PackType; to create_$md$139335$0 in palladium-common.mixins.json:PackTypeMixin
[26Sep2025 23:14:36.544] [modloading-worker-0/DEBUG] [mixin/]: Mixing ReloadableServerResourcesMixin from palladium-common.mixins.json into net.minecraft.server.ReloadableServerResources
[26Sep2025 23:14:36.546] [modloading-worker-0/DEBUG] [mixin/]: Mixing ReloadableServerResourcesMixin from blueprint.mixins.json into net.minecraft.server.ReloadableServerResources
[26Sep2025 23:14:36.546] [modloading-worker-0/DEBUG] [mixin/]: Mixing ReloadableServerResourcesMixin from moonlight-common.mixins.json into net.minecraft.server.ReloadableServerResources
[26Sep2025 23:14:36.547] [modloading-worker-0/DEBUG] [mixin/]: Mixing ReloadableServerResourcesMixin from kubejs-common.mixins.json into net.minecraft.server.ReloadableServerResources
[26Sep2025 23:14:36.556] [modloading-worker-0/DEBUG] [net.minecraftforge.fml.javafmlmod.AutomaticEventSubscriber/LOADING]: Attempting to inject @EventBusSubscriber classes into the eventbus for palladiumcore
[26Sep2025 23:14:36.558] [modloading-worker-0/DEBUG] [net.minecraftforge.fml.javafmlmod.AutomaticEventSubscriber/LOADING]: Auto-subscribing net.threetag.palladiumcore.registry.forge.VillagerTradeRegistryImpl to FORGE
[26Sep2025 23:14:36.561] [modloading-worker-0/DEBUG] [net.minecraftforge.fml.javafmlmod.AutomaticEventSubscriber/LOADING]: Auto-subscribing net.threetag.palladiumcore.registry.forge.ReloadListenerRegistryImpl to FORGE
[26Sep2025 23:14:36.566] [modloading-worker-0/DEBUG] [net.minecraftforge.fml.javafmlmod.AutomaticEventSubscriber/LOADING]: Auto-subscribing net.threetag.palladiumcore.registry.forge.EntityAttributeRegistryImpl to MOD
[26Sep2025 23:14:36.572] [modloading-worker-0/DEBUG] [net.minecraftforge.fml.javafmlmod.AutomaticEventSubscriber/LOADING]: Auto-subscribing net.threetag.palladiumcore.registry.forge.CreativeModeTabRegistryImpl to MOD
[26Sep2025 23:14:36.573] [modloading-worker-0/DEBUG] [net.minecraftforge.fml.javafmlmod.AutomaticEventSubscriber/LOADING]: Auto-subscribing net.threetag.palladiumcore.forge.PalladiumCoreForge to MOD
[26Sep2025 23:14:36.579] [modloading-worker-0/DEBUG] [net.minecraftforge.fml.javafmlmod.AutomaticEventSubscriber/LOADING]: Auto-subscribing net.threetag.palladiumcore.event.forge.PalladiumCoreEventHandler to FORGE
[26Sep2025 23:14:36.631] [modloading-worker-0/DEBUG] [mixin/]: Mixing accessor.LootContextParamSetsAccessor from mutantmonsters.common.mixins.json into net.minecraft.world.level.storage.loot.parameters.LootContextParamSets
[26Sep2025 23:14:36.639] [modloading-worker-0/DEBUG] [net.minecraftforge.fml.config.ConfigTracker/CONFIG]: Config file jei-server.toml for jei tracking
[26Sep2025 23:14:36.646] [modloading-worker-0/DEBUG] [net.minecraftforge.fml.javafmlmod.AutomaticEventSubscriber/LOADING]: Attempting to inject @EventBusSubscriber classes into the eventbus for jei
[26Sep2025 23:14:36.662] [modloading-worker-0/DEBUG] [net.minecraftforge.fml.javafmlmod.AutomaticEventSubscriber/LOADING]: Attempting to inject @EventBusSubscriber classes into the eventbus for particlerain
[26Sep2025 23:14:36.664] [modloading-worker-0/DEBUG] [mixin/]: Mixing pehkui.compat.ScaleTypeMixin from pehkui.mixins.json into virtuoel.pehkui.api.ScaleType
[26Sep2025 23:14:36.687] [modloading-worker-0/DEBUG] [net.minecraftforge.fml.config.ConfigTracker/CONFIG]: Config file mowziesmobs-common.toml for mowziesmobs tracking
[26Sep2025 23:14:36.695] [modloading-worker-0/DEBUG] [mixin/]: Mixing IngredientsWithChildrenMixin from kubejs-forge.mixins.json into net.minecraftforge.common.crafting.CompoundIngredient
[26Sep2025 23:14:36.712] [modloading-worker-0/INFO] [com.jtorleonstudios.libraryferret.LibraryFerret/]: Initialize mod Library Ferret
[26Sep2025 23:14:36.726] [modloading-worker-0/DEBUG] [net.minecraftforge.fml.config.ConfigTracker/CONFIG]: Config file pehkui-client.toml for pehkui tracking
[26Sep2025 23:14:36.726] [modloading-worker-0/DEBUG] [net.minecraftforge.fml.config.ConfigTracker/CONFIG]: Config file pehkui-server.toml for pehkui tracking
[26Sep2025 23:14:36.726] [modloading-worker-0/DEBUG] [net.minecraftforge.fml.config.ConfigTracker/CONFIG]: Config file pehkui-common.toml for pehkui tracking
[26Sep2025 23:14:36.734] [modloading-worker-0/DEBUG] [net.minecraftforge.fml.javafmlmod.AutomaticEventSubscriber/LOADING]: Attempting to inject @EventBusSubscriber classes into the eventbus for amendments
[26Sep2025 23:14:36.733] [modloading-worker-0/INFO] [com.jtorleonstudios.libraryferret.LibraryFerret/]: Initialized mod Library Ferret
[26Sep2025 23:14:36.737] [modloading-worker-0/DEBUG] [net.minecraftforge.fml.javafmlmod.AutomaticEventSubscriber/LOADING]: Attempting to inject @EventBusSubscriber classes into the eventbus for libraryferret
[26Sep2025 23:14:36.737] [modloading-worker-0/DEBUG] [net.minecraftforge.fml.javafmlmod.AutomaticEventSubscriber/LOADING]: Auto-subscribing com.jtorleonstudios.libraryferret.CommonEvent to FORGE
[26Sep2025 23:14:36.735] [modloading-worker-0/DEBUG] [net.minecraftforge.fml.javafmlmod.AutomaticEventSubscriber/LOADING]: Auto-subscribing net.mehvahdjukaar.amendments.forge.RemapHandler to FORGE
[26Sep2025 23:14:36.739] [modloading-worker-0/DEBUG] [net.minecraftforge.fml.javafmlmod.AutomaticEventSubscriber/LOADING]: Attempting to inject @EventBusSubscriber classes into the eventbus for trender
[26Sep2025 23:14:36.744] [modloading-worker-0/DEBUG] [net.minecraftforge.fml.javafmlmod.AutomaticEventSubscriber/LOADING]: Attempting to inject @EventBusSubscriber classes into the eventbus for betterendcities
[26Sep2025 23:14:36.747] [modloading-worker-0/DEBUG] [net.minecraftforge.fml.javafmlmod.AutomaticEventSubscriber/LOADING]: Attempting to inject @EventBusSubscriber classes into the eventbus for pehkui
[26Sep2025 23:14:36.755] [modloading-worker-0/DEBUG] [mixin/]: Mixing CommandSourceStackMixin from kubejs-common.mixins.json into net.minecraft.commands.CommandSourceStack
[26Sep2025 23:14:36.755] [modloading-worker-0/DEBUG] [mixin/]: Renaming synthetic method lambda$kjs$sendSuccess$0(Lnet/minecraft/network/chat/Component;)Lnet/minecraft/network/chat/Component; to md139335$lambda$kjs$sendSuccess$0$0 in kubejs-common.mixins.json:CommandSourceStackMixin
[26Sep2025 23:14:36.763] [modloading-worker-0/DEBUG] [net.minecraftforge.fml.config.ConfigTracker/CONFIG]: Config file modernfix-common.toml for modernfix tracking
[26Sep2025 23:14:36.767] [modloading-worker-0/DEBUG] [net.minecraftforge.fml.javafmlmod.AutomaticEventSubscriber/LOADING]: Attempting to inject @EventBusSubscriber classes into the eventbus for modernfix
[26Sep2025 23:14:36.776] [modloading-worker-0/DEBUG] [net.minecraftforge.fml.config.ConfigTracker/CONFIG]: Config file citadel-common.toml for citadel tracking
[26Sep2025 23:14:36.777] [modloading-worker-0/DEBUG] [net.minecraftforge.fml.javafmlmod.AutomaticEventSubscriber/LOADING]: Attempting to inject @EventBusSubscriber classes into the eventbus for mowziesmobs
[26Sep2025 23:14:36.777] [modloading-worker-0/DEBUG] [net.minecraftforge.fml.javafmlmod.AutomaticEventSubscriber/LOADING]: Auto-subscribing com.bobmowzie.mowziesmobs.server.sound.MMSounds to FORGE
[26Sep2025 23:14:36.780] [modloading-worker-0/DEBUG] [net.minecraftforge.fml.javafmlmod.AutomaticEventSubscriber/LOADING]: Auto-subscribing com.bobmowzie.mowziesmobs.server.inventory.ContainerHandler to MOD
[26Sep2025 23:14:36.780] [modloading-worker-0/DEBUG] [net.minecraftforge.fml.javafmlmod.AutomaticEventSubscriber/LOADING]: Auto-subscribing com.bobmowzie.mowziesmobs.server.entity.EntityHandler to MOD
[26Sep2025 23:14:36.780] [modloading-worker-0/DEBUG] [net.minecraftforge.fml.javafmlmod.AutomaticEventSubscriber/LOADING]: Auto-subscribing com.bobmowzie.mowziesmobs.server.config.ConfigHandler to MOD
[26Sep2025 23:14:36.780] [modloading-worker-0/DEBUG] [net.minecraftforge.fml.javafmlmod.AutomaticEventSubscriber/LOADING]: Auto-subscribing com.bobmowzie.mowziesmobs.MowziesMobs to FORGE
[26Sep2025 23:14:36.780] [modloading-worker-0/DEBUG] [net.minecraftforge.fml.javafmlmod.AutomaticEventSubscriber/LOADING]: Auto-subscribing com.bobmowzie.mowziesmobs.datagen.DataGenerators to MOD
[26Sep2025 23:14:36.779] [modloading-worker-0/DEBUG] [net.minecraftforge.fml.javafmlmod.AutomaticEventSubscriber/LOADING]: Attempting to inject @EventBusSubscriber classes into the eventbus for citadel
[26Sep2025 23:14:36.782] [modloading-worker-0/DEBUG] [net.minecraftforge.fml.javafmlmod.AutomaticEventSubscriber/LOADING]: Auto-subscribing com.github.alexthe666.citadel.ServerProxy to MOD
[26Sep2025 23:14:36.817] [modloading-worker-0/DEBUG] [net.minecraftforge.fml.config.ConfigTracker/CONFIG]: Config file travelersbackpack-server.toml for travelersbackpack tracking
[26Sep2025 23:14:36.820] [modloading-worker-0/INFO] [STDOUT/]: [com.tiviacz.travelersbackpack.TravelersBackpack:readOldCommonConfig:178]: curiosIntegration not found in the [common.backpackSettings] section.
[26Sep2025 23:14:36.821] [modloading-worker-0/DEBUG] [net.minecraftforge.fml.config.ConfigTracker/CONFIG]: Config file travelersbackpack-common.toml for travelersbackpack tracking
[26Sep2025 23:14:36.821] [modloading-worker-0/DEBUG] [net.minecraftforge.fml.config.ConfigTracker/CONFIG]: Config file travelersbackpack-client.toml for travelersbackpack tracking
[26Sep2025 23:14:36.884] [modloading-worker-0/DEBUG] [net.minecraftforge.fml.javafmlmod.AutomaticEventSubscriber/LOADING]: Attempting to inject @EventBusSubscriber classes into the eventbus for yungsapi
[26Sep2025 23:14:36.959] [modloading-worker-0/DEBUG] [mixin/]: Mixing ExtendedEntitySpawnDataMixin from palladiumcore.mixins.json into net.threetag.palladiumcore.network.ExtendedEntitySpawnData
[26Sep2025 23:14:37.090] [modloading-worker-0/DEBUG] [mixin/]: Mixing SimpleJsonResourceReloadListenerMixin from blueprint.mixins.json into net.minecraft.server.packs.resources.SimpleJsonResourceReloadListener
[26Sep2025 23:14:37.097] [modloading-worker-0/DEBUG] [mixin/]: Mixing ConditionHackMixin from moonlight.mixins.json into net.minecraft.server.packs.resources.SimplePreparableReloadListener
[26Sep2025 23:14:37.131] [modloading-worker-0/DEBUG] [mixin/]: Mixing NetworkManagerMixin from palladium.mixins.json into net.threetag.palladiumcore.network.forge.NetworkManagerImpl
[26Sep2025 23:14:37.136] [modloading-worker-0/DEBUG] [net.minecraftforge.fml.javafmlmod.AutomaticEventSubscriber/LOADING]: Attempting to inject @EventBusSubscriber classes into the eventbus for relics
[26Sep2025 23:14:37.136] [modloading-worker-0/DEBUG] [net.minecraftforge.fml.javafmlmod.AutomaticEventSubscriber/LOADING]: Auto-subscribing it.hurts.sskirillss.relics.network.NetworkHandler to MOD
[26Sep2025 23:14:37.137] [modloading-worker-0/DEBUG] [net.minecraftforge.fml.javafmlmod.AutomaticEventSubscriber/LOADING]: Auto-subscribing it.hurts.sskirillss.relics.items.relics.ring.ChorusInhibitorItem$Events to FORGE
[26Sep2025 23:14:37.139] [modloading-worker-0/DEBUG] [net.minecraftforge.fml.javafmlmod.AutomaticEventSubscriber/LOADING]: Auto-subscribing it.hurts.sskirillss.relics.items.relics.ring.BastionRingItem$Events to FORGE
[26Sep2025 23:14:37.140] [modloading-worker-0/DEBUG] [net.minecraftforge.fml.javafmlmod.AutomaticEventSubscriber/LOADING]: Auto-subscribing it.hurts.sskirillss.relics.items.relics.necklace.ReflectionNecklaceItem$ReflectionNecklaceServerEvents to FORGE
[26Sep2025 23:14:37.144] [modloading-worker-0/DEBUG] [net.minecraftforge.fml.javafmlmod.AutomaticEventSubscriber/LOADING]: Auto-subscribing it.hurts.sskirillss.relics.items.relics.necklace.HolyLocketItem$Events to FORGE
[26Sep2025 23:14:37.158] [modloading-worker-0/DEBUG] [net.minecraftforge.fml.javafmlmod.AutomaticEventSubscriber/LOADING]: Auto-subscribing it.hurts.sskirillss.relics.items.relics.hands.WoolMittenItem$Events to FORGE
[26Sep2025 23:14:37.159] [modloading-worker-0/DEBUG] [net.minecraftforge.fml.javafmlmod.AutomaticEventSubscriber/LOADING]: Auto-subscribing it.hurts.sskirillss.relics.items.relics.hands.RageGloveItem$Events to FORGE
[26Sep2025 23:14:37.160] [modloading-worker-0/DEBUG] [net.minecraftforge.fml.javafmlmod.AutomaticEventSubscriber/LOADING]: Auto-subscribing it.hurts.sskirillss.relics.items.relics.feet.RollerSkatesItem$Events to FORGE
[26Sep2025 23:14:37.162] [modloading-worker-0/DEBUG] [net.minecraftforge.fml.javafmlmod.AutomaticEventSubscriber/LOADING]: Auto-subscribing it.hurts.sskirillss.relics.items.relics.feet.MagmaWalkerItem to FORGE
[26Sep2025 23:14:37.189] [modloading-worker-0/DEBUG] [net.minecraftforge.fml.config.ConfigTracker/CONFIG]: Config file alexsmobs.toml for alexsmobs tracking
[26Sep2025 23:14:37.224] [modloading-worker-0/DEBUG] [net.minecraftforge.fml.javafmlmod.AutomaticEventSubscriber/LOADING]: Auto-subscribing it.hurts.sskirillss.relics.items.relics.feet.IceBreakerItem$Events to FORGE
[26Sep2025 23:14:37.227] [modloading-worker-0/DEBUG] [net.minecraftforge.fml.javafmlmod.AutomaticEventSubscriber/LOADING]: Auto-subscribing it.hurts.sskirillss.relics.items.relics.feet.AquaWalkerItem to FORGE
[26Sep2025 23:14:37.230] [modloading-worker-0/DEBUG] [net.minecraftforge.fml.javafmlmod.AutomaticEventSubscriber/LOADING]: Auto-subscribing it.hurts.sskirillss.relics.items.relics.feet.AmphibianBootItem$Events to FORGE
[26Sep2025 23:14:37.232] [modloading-worker-0/DEBUG] [net.minecraftforge.fml.javafmlmod.AutomaticEventSubscriber/LOADING]: Auto-subscribing it.hurts.sskirillss.relics.items.relics.charm.SporeSackItem$Events to FORGE
[26Sep2025 23:14:37.235] [modloading-worker-0/DEBUG] [net.minecraftforge.fml.javafmlmod.AutomaticEventSubscriber/LOADING]: Auto-subscribing it.hurts.sskirillss.relics.items.relics.belt.LeatherBeltItem to FORGE
[26Sep2025 23:14:37.236] [modloading-worker-0/DEBUG] [net.minecraftforge.fml.javafmlmod.AutomaticEventSubscriber/LOADING]: Auto-subscribing it.hurts.sskirillss.relics.items.relics.belt.HunterBeltItem$HunterBeltEvents to FORGE
[26Sep2025 23:14:37.237] [modloading-worker-0/DEBUG] [net.minecraftforge.fml.javafmlmod.AutomaticEventSubscriber/LOADING]: Auto-subscribing it.hurts.sskirillss.relics.items.relics.belt.DrownedBeltItem$Events to FORGE
[26Sep2025 23:14:37.241] [modloading-worker-0/DEBUG] [net.minecraftforge.fml.javafmlmod.AutomaticEventSubscriber/LOADING]: Auto-subscribing it.hurts.sskirillss.relics.items.relics.back.MidnightRobeItem$ServerEvents to FORGE
[26Sep2025 23:14:37.244] [modloading-worker-0/DEBUG] [net.minecraftforge.fml.javafmlmod.AutomaticEventSubscriber/LOADING]: Auto-subscribing it.hurts.sskirillss.relics.items.relics.back.ElytraBoosterItem to FORGE
[26Sep2025 23:14:37.244] [modloading-worker-0/DEBUG] [net.minecraftforge.fml.javafmlmod.AutomaticEventSubscriber/LOADING]: Auto-subscribing it.hurts.sskirillss.relics.items.relics.back.ArrowQuiverItem$Events to FORGE
[26Sep2025 23:14:37.251] [modloading-worker-0/DEBUG] [net.minecraftforge.fml.javafmlmod.AutomaticEventSubscriber/LOADING]: Attempting to inject @EventBusSubscriber classes into the eventbus for alexsmobs
[26Sep2025 23:14:37.251] [modloading-worker-0/DEBUG] [net.minecraftforge.fml.javafmlmod.AutomaticEventSubscriber/LOADING]: Auto-subscribing com.github.alexthe666.alexsmobs.world.AMWorldRegistry to MOD
[26Sep2025 23:14:37.251] [modloading-worker-0/DEBUG] [net.minecraftforge.fml.config.ConfigTracker/CONFIG]: Config file palladium-client.toml for palladium tracking
[26Sep2025 23:14:37.252] [modloading-worker-0/DEBUG] [net.minecraftforge.fml.config.ConfigTracker/CONFIG]: Config file palladium-server.toml for palladium tracking
[26Sep2025 23:14:37.256] [modloading-worker-0/DEBUG] [net.minecraftforge.fml.javafmlmod.AutomaticEventSubscriber/LOADING]: Auto-subscribing it.hurts.sskirillss.relics.items.relics.SpatialSignItem$Events to FORGE
[26Sep2025 23:14:37.253] [modloading-worker-0/DEBUG] [net.minecraftforge.fml.javafmlmod.AutomaticEventSubscriber/LOADING]: Attempting to inject @EventBusSubscriber classes into the eventbus for travelersbackpack
[26Sep2025 23:14:37.256] [modloading-worker-0/DEBUG] [net.minecraftforge.fml.javafmlmod.AutomaticEventSubscriber/LOADING]: Auto-subscribing com.tiviacz.travelersbackpack.handlers.NeoForgeEventHandler to FORGE
[26Sep2025 23:14:37.257] [modloading-worker-0/DEBUG] [net.minecraftforge.fml.javafmlmod.AutomaticEventSubscriber/LOADING]: Auto-subscribing it.hurts.sskirillss.relics.items.relics.MagicMirrorItem$ServerEvents to FORGE
[26Sep2025 23:14:37.258] [modloading-worker-0/DEBUG] [net.minecraftforge.fml.javafmlmod.AutomaticEventSubscriber/LOADING]: Auto-subscribing it.hurts.sskirillss.relics.items.relics.InfinityHamItem$Events to FORGE
[26Sep2025 23:14:37.258] [modloading-worker-0/DEBUG] [net.minecraftforge.fml.javafmlmod.AutomaticEventSubscriber/LOADING]: Auto-subscribing it.hurts.sskirillss.relics.init.CommandRegistry to FORGE
[26Sep2025 23:14:37.259] [modloading-worker-0/DEBUG] [net.minecraftforge.fml.javafmlmod.AutomaticEventSubscriber/LOADING]: Auto-subscribing com.github.alexthe666.alexsmobs.tileentity.AMTileEntityRegistry to MOD
[26Sep2025 23:14:37.259] [modloading-worker-0/DEBUG] [net.minecraftforge.fml.javafmlmod.AutomaticEventSubscriber/LOADING]: Auto-subscribing com.github.alexthe666.alexsmobs.event.ServerEvents to FORGE
[26Sep2025 23:14:37.260] [modloading-worker-0/DEBUG] [net.minecraftforge.fml.javafmlmod.AutomaticEventSubscriber/LOADING]: Auto-subscribing it.hurts.sskirillss.relics.init.CapabilityRegistry to FORGE
[26Sep2025 23:14:37.262] [modloading-worker-0/DEBUG] [net.minecraftforge.fml.javafmlmod.AutomaticEventSubscriber/LOADING]: Auto-subscribing com.github.alexthe666.alexsmobs.entity.AMEntityRegistry to MOD
[26Sep2025 23:14:37.265] [modloading-worker-0/DEBUG] [net.minecraftforge.fml.javafmlmod.AutomaticEventSubscriber/LOADING]: Auto-subscribing com.github.alexthe666.alexsmobs.CommonProxy to MOD
[26Sep2025 23:14:37.266] [modloading-worker-0/DEBUG] [net.minecraftforge.fml.javafmlmod.AutomaticEventSubscriber/LOADING]: Auto-subscribing com.github.alexthe666.alexsmobs.AlexsMobs to FORGE
[26Sep2025 23:14:37.266] [modloading-worker-0/DEBUG] [net.minecraftforge.fml.javafmlmod.AutomaticEventSubscriber/LOADING]: Auto-subscribing it.hurts.sskirillss.relics.entities.ArrowRainEntity$Events to FORGE
[26Sep2025 23:14:37.271] [modloading-worker-0/DEBUG] [mixin/]: Mixing PalladiumItemMixin from palladiumcore.mixins.json into net.threetag.palladiumcore.item.PalladiumItem
[26Sep2025 23:14:37.273] [modloading-worker-0/DEBUG] [net.minecraftforge.fml.javafmlmod.AutomaticEventSubscriber/LOADING]: Auto-subscribing it.hurts.sskirillss.relics.effects.BleedingEffect$Events to FORGE
[26Sep2025 23:14:37.273] [modloading-worker-0/DEBUG] [net.minecraftforge.fml.javafmlmod.AutomaticEventSubscriber/LOADING]: Auto-subscribing it.hurts.sskirillss.relics.effects.AntiHealEffect$Events to FORGE
[26Sep2025 23:14:37.274] [modloading-worker-0/DEBUG] [net.minecraftforge.fml.javafmlmod.AutomaticEventSubscriber/LOADING]: Auto-subscribing it.hurts.sskirillss.relics.capability.handlers.SyncHandler to FORGE
[26Sep2025 23:14:37.278] [modloading-worker-0/DEBUG] [net.minecraftforge.fml.javafmlmod.AutomaticEventSubscriber/LOADING]: Attempting to inject @EventBusSubscriber classes into the eventbus for palladium
[26Sep2025 23:14:37.278] [modloading-worker-0/DEBUG] [net.minecraftforge.fml.javafmlmod.AutomaticEventSubscriber/LOADING]: Auto-subscribing net.threetag.palladium.power.forge.AbilityEventHandler to FORGE
[26Sep2025 23:14:37.280] [modloading-worker-0/DEBUG] [net.minecraftforge.fml.javafmlmod.AutomaticEventSubscriber/LOADING]: Auto-subscribing net.threetag.palladium.forge.PalladiumForge to MOD
[26Sep2025 23:14:37.282] [modloading-worker-0/DEBUG] [net.minecraftforge.fml.javafmlmod.AutomaticEventSubscriber/LOADING]: Auto-subscribing net.threetag.palladium.forge.PalladiumEventHandler to FORGE
[26Sep2025 23:14:37.285] [modloading-worker-0/DEBUG] [net.minecraftforge.fml.javafmlmod.AutomaticEventSubscriber/LOADING]: Auto-subscribing com.tiviacz.travelersbackpack.handlers.ModEventHandler to MOD
[26Sep2025 23:14:37.287] [modloading-worker-0/DEBUG] [net.minecraftforge.fml.config.ConfigTracker/CONFIG]: Config file iceandfire-client.toml for iceandfire tracking
[26Sep2025 23:14:37.288] [modloading-worker-0/DEBUG] [net.minecraftforge.fml.config.ConfigTracker/CONFIG]: Config file iceandfire-common.toml for iceandfire tracking
[26Sep2025 23:14:37.287] [modloading-worker-0/DEBUG] [mixin/]: Mixing accessor.LootTableForgeAccessor from puzzleslib.forge.mixins.json into net.minecraft.world.level.storage.loot.LootTable
[26Sep2025 23:14:37.294] [modloading-worker-0/DEBUG] [net.minecraftforge.fml.javafmlmod.AutomaticEventSubscriber/LOADING]: Auto-subscribing net.threetag.palladium.energy.forge.EnergyHelperImpl to FORGE
[26Sep2025 23:14:37.296] [modloading-worker-0/DEBUG] [net.minecraftforge.fml.javafmlmod.AutomaticEventSubscriber/LOADING]: Auto-subscribing net.threetag.palladium.addonpack.parser.forge.AddonParserImpl to MOD
[26Sep2025 23:14:37.306] [modloading-worker-0/DEBUG] [net.minecraftforge.fml.javafmlmod.AutomaticEventSubscriber/LOADING]: Attempting to inject @EventBusSubscriber classes into the eventbus for puzzlesaccessapi
[26Sep2025 23:14:37.307] [modloading-worker-0/DEBUG] [net.minecraftforge.fml.javafmlmod.AutomaticEventSubscriber/LOADING]: Attempting to inject @EventBusSubscriber classes into the eventbus for cloth_config
[26Sep2025 23:14:37.311] [modloading-worker-0/DEBUG] [net.minecraftforge.versions.forge.ForgeVersion/CORE]: Forge Version package package net.minecraftforge.versions.forge, Forge, version 47.3 from cpw.mods.modlauncher.TransformingClassLoader@26865482
[26Sep2025 23:14:37.311] [modloading-worker-0/DEBUG] [net.minecraftforge.versions.forge.ForgeVersion/CORE]: Found Forge version 47.3.7
[26Sep2025 23:14:37.311] [modloading-worker-0/DEBUG] [net.minecraftforge.versions.forge.ForgeVersion/CORE]: Found Forge spec 47.3
[26Sep2025 23:14:37.311] [modloading-worker-0/DEBUG] [net.minecraftforge.versions.forge.ForgeVersion/CORE]: Found Forge group net.minecraftforge
[26Sep2025 23:14:37.311] [modloading-worker-0/INFO] [net.minecraftforge.common.ForgeMod/FORGEMOD]: Forge mod loading, version 47.3.7, for MC 1.20.1 with MCP 20230612.114412
[26Sep2025 23:14:37.311] [modloading-worker-0/INFO] [net.minecraftforge.common.MinecraftForge/FORGE]: MinecraftForge v47.3.7 Initialized
[26Sep2025 23:14:37.322] [modloading-worker-0/DEBUG] [Carry On/]: Loaded tschipp.carryon.platform.ForgePlatformHelper@73352cda for service interface tschipp.carryon.platform.services.IPlatformHelper
[26Sep2025 23:14:37.326] [modloading-worker-0/DEBUG] [Carry On/]: Loaded tschipp.carryon.platform.ForgeGamestagesHelper@2f47a400 for service interface tschipp.carryon.platform.services.IGamestagePlatformHelper
[26Sep2025 23:14:37.330] [modloading-worker-0/DEBUG] [net.minecraftforge.common.ForgeMod/FORGEMOD]: Loading Network data for FML net version: FML3
[26Sep2025 23:14:37.341] [modloading-worker-0/DEBUG] [net.minecraftforge.fml.config.ConfigTracker/CONFIG]: Config file forge-client.toml for forge tracking
[26Sep2025 23:14:37.346] [modloading-worker-0/DEBUG] [net.minecraftforge.fml.config.ConfigTracker/CONFIG]: Config file forge-server.toml for forge tracking
[26Sep2025 23:14:37.346] [modloading-worker-0/DEBUG] [net.minecraftforge.fml.ModLoadingContext/]: Attempted to register an empty config for type COMMON on mod forge
[26Sep2025 23:14:37.342] [modloading-worker-0/DEBUG] [net.minecraftforge.fml.config.ConfigTracker/CONFIG]: Config file carryon-client.toml for carryon tracking
[26Sep2025 23:14:37.349] [modloading-worker-0/DEBUG] [net.minecraftforge.fml.config.ConfigTracker/CONFIG]: Config file carryon-common.toml for carryon tracking
[26Sep2025 23:14:37.349] [modloading-worker-0/DEBUG] [net.minecraftforge.fml.javafmlmod.AutomaticEventSubscriber/LOADING]: Attempting to inject @EventBusSubscriber classes into the eventbus for carryon
[26Sep2025 23:14:37.349] [modloading-worker-0/DEBUG] [net.minecraftforge.fml.javafmlmod.AutomaticEventSubscriber/LOADING]: Auto-subscribing tschipp.carryon.CarryOnForge to MOD
[26Sep2025 23:14:37.349] [modloading-worker-0/DEBUG] [net.minecraftforge.fml.javafmlmod.AutomaticEventSubscriber/LOADING]: Auto-subscribing tschipp.carryon.events.CommonEvents to FORGE
[26Sep2025 23:14:37.363] [modloading-worker-0/DEBUG] [net.minecraftforge.fml.javafmlmod.AutomaticEventSubscriber/LOADING]: Auto-subscribing tschipp.carryon.events.ModBusEvents to MOD
[26Sep2025 23:14:37.364] [modloading-worker-0/DEBUG] [mixin/]: Mixing RecipeManagerAccessor from kubejs-forge.mixins.json into net.minecraft.world.item.crafting.RecipeManager
[26Sep2025 23:14:37.364] [modloading-worker-0/DEBUG] [mixin/]: Mixing RecipeManagerMixin from kubejs-common.mixins.json into net.minecraft.world.item.crafting.RecipeManager
[26Sep2025 23:14:37.365] [modloading-worker-0/DEBUG] [net.minecraftforge.fml.javafmlmod.AutomaticEventSubscriber/LOADING]: Attempting to inject @EventBusSubscriber classes into the eventbus for forge
[26Sep2025 23:14:37.366] [modloading-worker-0/DEBUG] [net.minecraftforge.fml.javafmlmod.AutomaticEventSubscriber/LOADING]: Auto-subscribing net.minecraftforge.common.ForgeSpawnEggItem$CommonHandler to MOD
[26Sep2025 23:14:37.366] [modloading-worker-0/DEBUG] [mixin/]: Mixing perf.datapack_reload_exceptions.RecipeManagerMixin from modernfix-forge.mixins.json into net.minecraft.world.item.crafting.RecipeManager
[26Sep2025 23:14:37.369] [modloading-worker-0/DEBUG] [net.minecraftforge.fml.javafmlmod.AutomaticEventSubscriber/LOADING]: Attempting to inject @EventBusSubscriber classes into the eventbus for extensibleenums
[26Sep2025 23:14:37.369] [modloading-worker-0/DEBUG] [net.minecraftforge.fml.javafmlmod.AutomaticEventSubscriber/LOADING]: Auto-subscribing fuzs.extensibleenums.forge.impl.ExtensibleEnumsForge to MOD
[26Sep2025 23:14:37.372] [modloading-worker-0/DEBUG] [mixin/]: Mixing TagManagerMixin from kubejs-common.mixins.json into net.minecraft.tags.TagManager
[26Sep2025 23:14:37.374] [modloading-worker-0/DEBUG] [mixin/]: Mixing LootDataManagerMixin from blueprint.mixins.json into net.minecraft.world.level.storage.loot.LootDataManager
[26Sep2025 23:14:37.375] [modloading-worker-0/DEBUG] [mixin/]: Renaming synthetic method lambda$modifyLootTables$0(Lcom/teamabnormals/blueprint/common/loot/modification/LootModificationManager;Lnet/minecraft/resources/ResourceLocation;Lnet/minecraft/world/level/storage/loot/LootTable;)V to md139335$lambda$modifyLootTables$0$0 in blueprint.mixins.json:LootDataManagerMixin
[26Sep2025 23:14:37.376] [modloading-worker-0/DEBUG] [mixin/]: Mixing MixinLootDataManager from architectury.mixins.json into net.minecraft.world.level.storage.loot.LootDataManager
[26Sep2025 23:14:37.377] [modloading-worker-0/DEBUG] [mixin/]: Mixing LootTablesMixin from kubejs-common.mixins.json into net.minecraft.world.level.storage.loot.LootDataManager
[26Sep2025 23:14:37.378] [modloading-worker-0/DEBUG] [mixin/]: Mixing LootDataManagerForgeMixin from puzzleslib.forge.mixins.json into net.minecraft.world.level.storage.loot.LootDataManager
[26Sep2025 23:14:37.384] [modloading-worker-0/DEBUG] [net.minecraftforge.fml.javafmlmod.AutomaticEventSubscriber/LOADING]: Attempting to inject @EventBusSubscriber classes into the eventbus for rubidium
[26Sep2025 23:14:37.403] [modloading-worker-0/DEBUG] [net.minecraftforge.fml.javafmlmod.AutomaticEventSubscriber/LOADING]: Attempting to inject @EventBusSubscriber classes into the eventbus for embeddium
[26Sep2025 23:14:37.412] [modloading-worker-0/DEBUG] [net.minecraftforge.fml.javafmlmod.AutomaticEventSubscriber/LOADING]: Attempting to inject @EventBusSubscriber classes into the eventbus for dungeons_arise
[26Sep2025 23:14:37.412] [modloading-worker-0/DEBUG] [net.minecraftforge.fml.javafmlmod.AutomaticEventSubscriber/LOADING]: Attempting to inject @EventBusSubscriber classes into the eventbus for hoppergadgetry
[26Sep2025 23:14:37.412] [modloading-worker-0/DEBUG] [net.minecraftforge.fml.javafmlmod.AutomaticEventSubscriber/LOADING]: Auto-subscribing fuzs.hoppergadgetry.forge.HopperGadgetryForge to MOD
[26Sep2025 23:14:37.417] [modloading-worker-0/INFO] [Puzzles Lib/]: Constructing common components for hoppergadgetry:main
[26Sep2025 23:14:37.422] [modloading-worker-0/DEBUG] [net.minecraftforge.fml.config.ConfigTracker/CONFIG]: Config file blueprint-client.toml for blueprint tracking
[26Sep2025 23:14:37.422] [modloading-worker-0/DEBUG] [net.minecraftforge.fml.config.ConfigTracker/CONFIG]: Config file blueprint-common.toml for blueprint tracking
[26Sep2025 23:14:37.422] [modloading-worker-0/DEBUG] [net.minecraftforge.fml.javafmlmod.AutomaticEventSubscriber/LOADING]: Attempting to inject @EventBusSubscriber classes into the eventbus for blueprint
[26Sep2025 23:14:37.422] [modloading-worker-0/DEBUG] [net.minecraftforge.fml.javafmlmod.AutomaticEventSubscriber/LOADING]: Auto-subscribing com.teamabnormals.blueprint.core.util.DataUtil to FORGE
[26Sep2025 23:14:37.434] [modloading-worker-0/DEBUG] [net.minecraftforge.fml.javafmlmod.AutomaticEventSubscriber/LOADING]: Auto-subscribing com.teamabnormals.blueprint.core.registry.BlueprintEntityTypes to MOD
[26Sep2025 23:14:37.437] [modloading-worker-0/DEBUG] [net.minecraftforge.fml.config.ConfigTracker/CONFIG]: Config file webdisplays_common.toml for webdisplays tracking
[26Sep2025 23:14:37.440] [modloading-worker-0/DEBUG] [mixin/]: Mixing accessor.CriteriaTriggersAccessor from yungsapi.mixins.json into net.minecraft.advancements.CriteriaTriggers
[26Sep2025 23:14:37.440] [modloading-worker-0/DEBUG] [mixin/]: Renaming @Accessor method getValues()Ljava/util/Map; to getValues_$md$139335$0 in yungsapi.mixins.json:accessor.CriteriaTriggersAccessor
[26Sep2025 23:14:37.456] [modloading-worker-0/DEBUG] [net.minecraftforge.fml.javafmlmod.AutomaticEventSubscriber/LOADING]: Auto-subscribing com.teamabnormals.blueprint.core.registry.BlueprintBlockEntityTypes to MOD
[26Sep2025 23:14:37.474] [modloading-worker-0/DEBUG] [net.minecraftforge.fml.javafmlmod.AutomaticEventSubscriber/LOADING]: Auto-subscribing com.teamabnormals.blueprint.core.other.BlueprintEvents to FORGE
[26Sep2025 23:14:37.476] [modloading-worker-0/DEBUG] [net.minecraftforge.fml.javafmlmod.AutomaticEventSubscriber/LOADING]: Auto-subscribing com.teamabnormals.blueprint.core.Blueprint to MOD
[26Sep2025 23:14:37.477] [modloading-worker-0/DEBUG] [net.minecraftforge.fml.javafmlmod.AutomaticEventSubscriber/LOADING]: Auto-subscribing com.teamabnormals.blueprint.common.world.modification.structure.StructureRepalleterManager to FORGE
[26Sep2025 23:14:37.480] [modloading-worker-0/DEBUG] [net.minecraftforge.fml.javafmlmod.AutomaticEventSubscriber/LOADING]: Auto-subscribing com.teamabnormals.blueprint.common.world.modification.chunk.ChunkGeneratorModificationManager to FORGE
[26Sep2025 23:14:37.486] [modloading-worker-0/DEBUG] [net.minecraftforge.fml.javafmlmod.AutomaticEventSubscriber/LOADING]: Auto-subscribing com.teamabnormals.blueprint.common.loot.modification.LootModificationManager to FORGE
[26Sep2025 23:14:37.512] [modloading-worker-0/DEBUG] [mixin/]: Mixing TagsProviderForgeMixin from puzzleslib.forge.mixins.json into net.minecraft.data.tags.TagsProvider
[26Sep2025 23:14:37.512] [modloading-worker-0/DEBUG] [net.minecraftforge.fml.javafmlmod.AutomaticEventSubscriber/LOADING]: Auto-subscribing com.teamabnormals.blueprint.common.advancement.modification.AdvancementModificationManager to FORGE
[26Sep2025 23:14:37.565] [modloading-worker-0/DEBUG] [net.minecraftforge.fml.config.ConfigTracker/CONFIG]: Config file castle_in_the_sky-common.toml for castle_in_the_sky tracking
[26Sep2025 23:14:37.569] [modloading-worker-0/DEBUG] [net.minecraftforge.fml.config.ConfigTracker/CONFIG]: Config file castle_in_the_sky-server.toml for castle_in_the_sky tracking
[26Sep2025 23:14:37.570] [modloading-worker-0/DEBUG] [net.minecraftforge.fml.javafmlmod.AutomaticEventSubscriber/LOADING]: Attempting to inject @EventBusSubscriber classes into the eventbus for castle_in_the_sky
[26Sep2025 23:14:37.621] [modloading-worker-0/DEBUG] [net.minecraftforge.fml.javafmlmod.AutomaticEventSubscriber/LOADING]: Attempting to inject @EventBusSubscriber classes into the eventbus for webdisplays
[26Sep2025 23:14:37.641] [modloading-worker-0/DEBUG] [net.minecraftforge.fml.javafmlmod.AutomaticEventSubscriber/LOADING]: Attempting to inject @EventBusSubscriber classes into the eventbus for rustic_engineer
[26Sep2025 23:14:37.645] [modloading-worker-0/DEBUG] [net.minecraftforge.fml.javafmlmod.AutomaticEventSubscriber/LOADING]: Auto-subscribing net.mcreator.rusticengineer.procedures.WoodenCubeDropDiesProcedure to FORGE
[26Sep2025 23:14:37.645] [modloading-worker-0/DEBUG] [net.minecraftforge.fml.javafmlmod.AutomaticEventSubscriber/LOADING]: Attempting to inject @EventBusSubscriber classes into the eventbus for boiled_reimagined
[26Sep2025 23:14:37.646] [modloading-worker-0/DEBUG] [net.minecraftforge.fml.javafmlmod.AutomaticEventSubscriber/LOADING]: Auto-subscribing net.hqrvester.boiled.procedures.TheBoiledOneSpawningProcedure to FORGE
[26Sep2025 23:14:37.649] [modloading-worker-0/DEBUG] [net.minecraftforge.fml.javafmlmod.AutomaticEventSubscriber/LOADING]: Auto-subscribing net.mcreator.rusticengineer.procedures.TakeIronPlateProcedure to FORGE
[26Sep2025 23:14:37.650] [modloading-worker-0/DEBUG] [net.minecraftforge.fml.javafmlmod.AutomaticEventSubscriber/LOADING]: Auto-subscribing net.mcreator.rusticengineer.procedures.StopFlyingLogoutProcedure to FORGE
[26Sep2025 23:14:37.651] [modloading-worker-0/DEBUG] [net.minecraftforge.fml.javafmlmod.AutomaticEventSubscriber/LOADING]: Auto-subscribing net.mcreator.rusticengineer.procedures.RusticGogglesSystemProcedure to FORGE
[26Sep2025 23:14:37.652] [modloading-worker-0/DEBUG] [net.minecraftforge.fml.javafmlmod.AutomaticEventSubscriber/LOADING]: Auto-subscribing net.mcreator.rusticengineer.procedures.RusticGliderSystemProcedure to FORGE
[26Sep2025 23:14:37.652] [modloading-worker-0/DEBUG] [net.minecraftforge.fml.javafmlmod.AutomaticEventSubscriber/LOADING]: Auto-subscribing net.mcreator.rusticengineer.procedures.RightclickGoldenBotProcedure to FORGE
[26Sep2025 23:14:37.653] [modloading-worker-0/DEBUG] [net.minecraftforge.fml.javafmlmod.AutomaticEventSubscriber/LOADING]: Auto-subscribing net.hqrvester.boiled.procedures.PlayerLeavesGameProcedure to FORGE
[26Sep2025 23:14:37.656] [modloading-worker-0/DEBUG] [net.minecraftforge.fml.javafmlmod.AutomaticEventSubscriber/LOADING]: Auto-subscribing net.hqrvester.boiled.procedures.IfPlayerWakesUpProcedure to FORGE
[26Sep2025 23:14:37.656] [modloading-worker-0/DEBUG] [net.minecraftforge.fml.javafmlmod.AutomaticEventSubscriber/LOADING]: Auto-subscribing net.mcreator.rusticengineer.procedures.RemoveChestGoldenBotProcedure to FORGE
[26Sep2025 23:14:37.656] [modloading-worker-0/DEBUG] [net.minecraftforge.fml.javafmlmod.AutomaticEventSubscriber/LOADING]: Auto-subscribing net.hqrvester.boiled.procedures.IfPlayerSleepsProcedure to FORGE
[26Sep2025 23:14:37.657] [modloading-worker-0/DEBUG] [net.minecraftforge.fml.javafmlmod.AutomaticEventSubscriber/LOADING]: Auto-subscribing net.mcreator.rusticengineer.procedures.RemoteControlProcedure to FORGE
[26Sep2025 23:14:37.659] [modloading-worker-0/DEBUG] [net.minecraftforge.fml.javafmlmod.AutomaticEventSubscriber/LOADING]: Auto-subscribing net.hqrvester.boiled.procedures.BloodyRainProcedure to FORGE
[26Sep2025 23:14:37.660] [modloading-worker-0/DEBUG] [net.minecraftforge.fml.javafmlmod.AutomaticEventSubscriber/LOADING]: Auto-subscribing net.mcreator.rusticengineer.procedures.PlaceMechsProcedure to FORGE
[26Sep2025 23:14:37.661] [modloading-worker-0/DEBUG] [net.minecraftforge.fml.javafmlmod.AutomaticEventSubscriber/LOADING]: Auto-subscribing net.mcreator.rusticengineer.procedures.PlaceIronProcedure to FORGE
[26Sep2025 23:14:37.662] [modloading-worker-0/DEBUG] [net.minecraftforge.fml.javafmlmod.AutomaticEventSubscriber/LOADING]: Auto-subscribing net.hqrvester.boiled.network.BoiledReimaginedModVariables to MOD
[26Sep2025 23:14:37.662] [modloading-worker-0/DEBUG] [net.minecraftforge.fml.javafmlmod.AutomaticEventSubscriber/LOADING]: Auto-subscribing net.mcreator.rusticengineer.procedures.PlaceChestGoldenBotProcedure to FORGE
[26Sep2025 23:14:37.662] [modloading-worker-0/DEBUG] [net.minecraftforge.fml.javafmlmod.AutomaticEventSubscriber/LOADING]: Auto-subscribing net.hqrvester.boiled.network.BoiledReimaginedModVariables$EventBusVariableHandlers to FORGE
[26Sep2025 23:14:37.663] [modloading-worker-0/DEBUG] [net.minecraftforge.fml.javafmlmod.AutomaticEventSubscriber/LOADING]: Auto-subscribing net.mcreator.rusticengineer.procedures.MakeIronPlateProcedure to FORGE
[26Sep2025 23:14:37.663] [modloading-worker-0/DEBUG] [net.minecraftforge.fml.javafmlmod.AutomaticEventSubscriber/LOADING]: Auto-subscribing net.mcreator.rusticengineer.procedures.FunctionToolMechProcedure to FORGE
[26Sep2025 23:14:37.664] [modloading-worker-0/DEBUG] [net.minecraftforge.fml.javafmlmod.AutomaticEventSubscriber/LOADING]: Auto-subscribing net.mcreator.rusticengineer.procedures.DropItensGUIProcedure to FORGE
[26Sep2025 23:14:37.665] [modloading-worker-0/DEBUG] [net.minecraftforge.fml.javafmlmod.AutomaticEventSubscriber/LOADING]: Auto-subscribing net.mcreator.rusticengineer.procedures.DisableDamageProcedure to FORGE
[26Sep2025 23:14:37.667] [modloading-worker-0/DEBUG] [net.minecraftforge.fml.javafmlmod.AutomaticEventSubscriber/LOADING]: Auto-subscribing net.mcreator.rusticengineer.procedures.CollectMachinesProcedure to FORGE
[26Sep2025 23:14:37.670] [modloading-worker-0/DEBUG] [net.minecraftforge.fml.javafmlmod.AutomaticEventSubscriber/LOADING]: Auto-subscribing net.mcreator.rusticengineer.network.WMessage to MOD
[26Sep2025 23:14:37.671] [modloading-worker-0/DEBUG] [net.minecraftforge.fml.javafmlmod.AutomaticEventSubscriber/LOADING]: Auto-subscribing net.mcreator.rusticengineer.network.TurnGogglesMessage to MOD
[26Sep2025 23:14:37.672] [modloading-worker-0/DEBUG] [net.minecraftforge.fml.javafmlmod.AutomaticEventSubscriber/LOADING]: Auto-subscribing net.hqrvester.boiled.init.EntityAnimationFactory to FORGE
[26Sep2025 23:14:37.673] [modloading-worker-0/DEBUG] [net.minecraftforge.fml.javafmlmod.AutomaticEventSubscriber/LOADING]: Auto-subscribing net.mcreator.rusticengineer.network.TurnGliderMessage to MOD
[26Sep2025 23:14:37.673] [modloading-worker-0/DEBUG] [net.minecraftforge.fml.javafmlmod.AutomaticEventSubscriber/LOADING]: Auto-subscribing net.hqrvester.boiled.init.BoiledReimaginedModTabs to MOD
[26Sep2025 23:14:37.674] [modloading-worker-0/DEBUG] [net.minecraftforge.fml.javafmlmod.AutomaticEventSubscriber/LOADING]: Auto-subscribing net.mcreator.rusticengineer.network.SpeedBoosterKeyMessage to MOD
[26Sep2025 23:14:37.674] [modloading-worker-0/DEBUG] [net.minecraftforge.fml.javafmlmod.AutomaticEventSubscriber/LOADING]: Auto-subscribing net.hqrvester.boiled.init.BoiledReimaginedModEntities to MOD
[26Sep2025 23:14:37.675] [modloading-worker-0/DEBUG] [net.minecraftforge.fml.javafmlmod.AutomaticEventSubscriber/LOADING]: Auto-subscribing net.hqrvester.boiled.init.BoiledReimaginedModConfigs to MOD
[26Sep2025 23:14:37.676] [modloading-worker-0/DEBUG] [net.minecraftforge.fml.javafmlmod.AutomaticEventSubscriber/LOADING]: Auto-subscribing net.hqrvester.boiled.command.TheBoiledOneCommandsCommand to FORGE
[26Sep2025 23:14:37.676] [modloading-worker-0/DEBUG] [net.minecraftforge.fml.javafmlmod.AutomaticEventSubscriber/LOADING]: Auto-subscribing net.mcreator.rusticengineer.network.SpaceMessage to MOD
[26Sep2025 23:14:37.677] [modloading-worker-0/DEBUG] [net.minecraftforge.fml.javafmlmod.AutomaticEventSubscriber/LOADING]: Auto-subscribing net.mcreator.rusticengineer.network.SMessage to MOD
[26Sep2025 23:14:37.679] [modloading-worker-0/DEBUG] [net.minecraftforge.fml.javafmlmod.AutomaticEventSubscriber/LOADING]: Auto-subscribing net.mcreator.rusticengineer.network.KeyShootSpiderMessage to MOD
[26Sep2025 23:14:37.680] [modloading-worker-0/DEBUG] [net.minecraftforge.fml.config.ConfigTracker/CONFIG]: Config file moonlight-common.toml for moonlight tracking
[26Sep2025 23:14:37.682] [modloading-worker-0/DEBUG] [net.minecraftforge.fml.javafmlmod.AutomaticEventSubscriber/LOADING]: Auto-subscribing net.mcreator.rusticengineer.network.DMessage to MOD
[26Sep2025 23:14:37.685] [modloading-worker-0/DEBUG] [net.minecraftforge.fml.javafmlmod.AutomaticEventSubscriber/LOADING]: Auto-subscribing net.mcreator.rusticengineer.network.AMessage to MOD
[26Sep2025 23:14:37.686] [modloading-worker-0/DEBUG] [net.minecraftforge.fml.javafmlmod.AutomaticEventSubscriber/LOADING]: Auto-subscribing net.mcreator.rusticengineer.init.RusticEngineerModLootModifier to MOD
[26Sep2025 23:14:37.691] [modloading-worker-0/DEBUG] [net.minecraftforge.fml.javafmlmod.AutomaticEventSubscriber/LOADING]: Auto-subscribing net.mcreator.rusticengineer.init.RusticEngineerModEntities to MOD
[26Sep2025 23:14:37.694] [modloading-worker-0/DEBUG] [net.minecraftforge.fml.javafmlmod.AutomaticEventSubscriber/LOADING]: Auto-subscribing net.mcreator.rusticengineer.init.ItemAnimationFactory to FORGE
[26Sep2025 23:14:37.694] [modloading-worker-0/DEBUG] [net.minecraftforge.fml.javafmlmod.AutomaticEventSubscriber/LOADING]: Auto-subscribing net.mcreator.rusticengineer.init.EntityAnimationFactory to FORGE
[26Sep2025 23:14:37.695] [modloading-worker-0/DEBUG] [net.minecraftforge.fml.javafmlmod.AutomaticEventSubscriber/LOADING]: Auto-subscribing net.mcreator.rusticengineer.init.ArmorAnimationFactory to FORGE
[26Sep2025 23:14:37.726] [modloading-worker-0/DEBUG] [net.minecraftforge.fml.config.ConfigTracker/CONFIG]: Config file toolbelt-server.toml for toolbelt tracking
[26Sep2025 23:14:37.728] [modloading-worker-0/DEBUG] [net.minecraftforge.fml.config.ConfigTracker/CONFIG]: Config file toolbelt-client.toml for toolbelt tracking
[26Sep2025 23:14:37.728] [modloading-worker-0/DEBUG] [net.minecraftforge.fml.config.ConfigTracker/CONFIG]: Config file toolbelt-common.toml for toolbelt tracking
[26Sep2025 23:14:37.728] [modloading-worker-0/DEBUG] [net.minecraftforge.fml.javafmlmod.AutomaticEventSubscriber/LOADING]: Attempting to inject @EventBusSubscriber classes into the eventbus for toolbelt
[26Sep2025 23:14:37.728] [modloading-worker-0/DEBUG] [net.minecraftforge.fml.javafmlmod.AutomaticEventSubscriber/LOADING]: Auto-subscribing dev.gigaherz.toolbelt.common.BeltEvents to FORGE
[26Sep2025 23:14:37.729] [modloading-worker-0/DEBUG] [net.minecraftforge.fml.javafmlmod.AutomaticEventSubscriber/LOADING]: Auto-subscribing dev.gigaherz.toolbelt.BeltFinderDebug to MOD
[26Sep2025 23:14:37.737] [modloading-worker-0/DEBUG] [net.minecraftforge.fml.javafmlmod.AutomaticEventSubscriber/LOADING]: Attempting to inject @EventBusSubscriber classes into the eventbus for mr_serversleep
[26Sep2025 23:14:37.792] [modloading-worker-0/DEBUG] [net.minecraftforge.fml.javafmlmod.AutomaticEventSubscriber/LOADING]: Attempting to inject @EventBusSubscriber classes into the eventbus for moonlight
[26Sep2025 23:14:37.823] [modloading-worker-0/DEBUG] [net.minecraftforge.fml.javafmlmod.AutomaticEventSubscriber/LOADING]: Attempting to inject @EventBusSubscriber classes into the eventbus for brainrot
[26Sep2025 23:14:37.823] [modloading-worker-0/DEBUG] [net.minecraftforge.fml.javafmlmod.AutomaticEventSubscriber/LOADING]: Auto-subscribing net.mcreator.brainrot.procedures.PlayerTickUpdateProcedure to FORGE
[26Sep2025 23:14:37.824] [modloading-worker-0/DEBUG] [net.minecraftforge.fml.javafmlmod.AutomaticEventSubscriber/LOADING]: Auto-subscribing net.mcreator.brainrot.procedures.IntroProcedure to FORGE
[26Sep2025 23:14:37.827] [modloading-worker-0/DEBUG] [net.minecraftforge.fml.javafmlmod.AutomaticEventSubscriber/LOADING]: Auto-subscribing net.mcreator.brainrot.procedures.DieProcedure to FORGE
[26Sep2025 23:14:37.829] [modloading-worker-0/DEBUG] [net.minecraftforge.fml.javafmlmod.AutomaticEventSubscriber/LOADING]: Auto-subscribing net.mcreator.brainrot.procedures.AttackProcedure to FORGE
[26Sep2025 23:14:37.831] [modloading-worker-0/DEBUG] [net.minecraftforge.fml.javafmlmod.AutomaticEventSubscriber/LOADING]: Auto-subscribing net.mcreator.brainrot.procedures.AnimationConditionProcedure to FORGE
[26Sep2025 23:14:37.835] [modloading-worker-0/DEBUG] [net.minecraftforge.fml.javafmlmod.AutomaticEventSubscriber/LOADING]: Auto-subscribing net.mcreator.brainrot.network.RightClickTanquiniMessage to MOD
[26Sep2025 23:14:37.839] [modloading-worker-0/DEBUG] [net.minecraftforge.fml.javafmlmod.AutomaticEventSubscriber/LOADING]: Auto-subscribing net.mcreator.brainrot.init.EntityAnimationFactory to FORGE
[26Sep2025 23:14:37.840] [modloading-worker-0/DEBUG] [net.minecraftforge.fml.javafmlmod.AutomaticEventSubscriber/LOADING]: Auto-subscribing net.mcreator.brainrot.init.BrainrotModTabs to MOD
[26Sep2025 23:14:37.840] [modloading-worker-0/DEBUG] [net.minecraftforge.fml.javafmlmod.AutomaticEventSubscriber/LOADING]: Auto-subscribing net.mcreator.brainrot.init.BrainrotModEntities to MOD
[26Sep2025 23:14:37.841] [modloading-worker-0/DEBUG] [net.minecraftforge.fml.javafmlmod.AutomaticEventSubscriber/LOADING]: Auto-subscribing net.mcreator.brainrot.command.SoyheriosCommand to FORGE
[26Sep2025 23:14:37.871] [modloading-worker-0/DEBUG] [net.minecraftforge.fml.javafmlmod.AutomaticEventSubscriber/LOADING]: Attempting to inject @EventBusSubscriber classes into the eventbus for alienevo
[26Sep2025 23:14:37.874] [modloading-worker-0/DEBUG] [net.minecraftforge.fml.javafmlmod.AutomaticEventSubscriber/LOADING]: Auto-subscribing net.habb.alienevo.forge.AlienEvoForge to MOD
[26Sep2025 23:14:37.874] [modloading-worker-0/DEBUG] [net.minecraftforge.fml.javafmlmod.AutomaticEventSubscriber/LOADING]: Attempting to inject @EventBusSubscriber classes into the eventbus for notenoughanimations
[26Sep2025 23:14:37.889] [modloading-worker-0/DEBUG] [net.minecraftforge.fml.config.ConfigTracker/CONFIG]: Config file curios-client.toml for curios tracking
[26Sep2025 23:14:37.894] [modloading-worker-0/DEBUG] [net.minecraftforge.fml.config.ConfigTracker/CONFIG]: Config file curios-common.toml for curios tracking
[26Sep2025 23:14:37.894] [modloading-worker-0/DEBUG] [net.minecraftforge.fml.config.ConfigTracker/CONFIG]: Config file curios-server.toml for curios tracking
[26Sep2025 23:14:37.894] [modloading-worker-0/DEBUG] [net.minecraftforge.fml.javafmlmod.AutomaticEventSubscriber/LOADING]: Attempting to inject @EventBusSubscriber classes into the eventbus for curios
[26Sep2025 23:14:37.897] [modloading-worker-0/DEBUG] [creativecore/]: Created network creativecore:main
[26Sep2025 23:14:37.904] [modloading-worker-0/DEBUG] [net.minecraftforge.fml.javafmlmod.AutomaticEventSubscriber/LOADING]: Attempting to inject @EventBusSubscriber classes into the eventbus for creativecore
[26Sep2025 23:14:37.922] [modloading-worker-0/DEBUG] [net.minecraftforge.fml.config.ConfigTracker/CONFIG]: Config file gravestone-server.toml for gravestone tracking
[26Sep2025 23:14:37.927] [modloading-worker-0/DEBUG] [net.minecraftforge.fml.config.ConfigTracker/CONFIG]: Config file gravestone-client.toml for gravestone tracking
[26Sep2025 23:14:37.928] [modloading-worker-0/DEBUG] [net.minecraftforge.fml.javafmlmod.AutomaticEventSubscriber/LOADING]: Attempting to inject @EventBusSubscriber classes into the eventbus for gravestone
[26Sep2025 23:14:37.931] [modloading-worker-0/DEBUG] [net.minecraftforge.fml.javafmlmod.AutomaticEventSubscriber/LOADING]: Auto-subscribing de.maxhenkel.gravestone.Main to FORGE
[26Sep2025 23:14:37.939] [modloading-worker-0/DEBUG] [net.minecraftforge.fml.javafmlmod.AutomaticEventSubscriber/LOADING]: Attempting to inject @EventBusSubscriber classes into the eventbus for pet_cemetery
[26Sep2025 23:14:37.939] [modloading-worker-0/DEBUG] [net.minecraftforge.fml.javafmlmod.AutomaticEventSubscriber/LOADING]: Auto-subscribing com.teamabnormals.pet_cemetery.core.registry.PCItems to MOD
[26Sep2025 23:14:37.956] [modloading-worker-0/DEBUG] [xaero.hud.minimap.MinimapLogs/]: Loaded xaero.common.platform.services.ForgePlatformHelper@aec9f04 for service interface xaero.common.platform.services.IPlatformHelper
[26Sep2025 23:14:37.973] [modloading-worker-0/DEBUG] [net.minecraftforge.fml.javafmlmod.AutomaticEventSubscriber/LOADING]: Attempting to inject @EventBusSubscriber classes into the eventbus for xaerominimap
[26Sep2025 23:14:37.979] [modloading-worker-0/DEBUG] [net.minecraftforge.fml.javafmlmod.AutomaticEventSubscriber/LOADING]: Auto-subscribing com.teamabnormals.pet_cemetery.core.registry.PCEntityTypes to MOD
[26Sep2025 23:14:37.982] [modloading-worker-0/DEBUG] [net.minecraftforge.fml.javafmlmod.AutomaticEventSubscriber/LOADING]: Auto-subscribing com.teamabnormals.pet_cemetery.core.other.PCEvents to FORGE
[26Sep2025 23:14:37.986] [modloading-worker-0/DEBUG] [net.minecraftforge.fml.javafmlmod.AutomaticEventSubscriber/LOADING]: Auto-subscribing com.teamabnormals.pet_cemetery.core.other.PCCriteriaTriggers to FORGE
[26Sep2025 23:14:37.988] [modloading-worker-0/DEBUG] [net.minecraftforge.fml.javafmlmod.AutomaticEventSubscriber/LOADING]: Attempting to inject @EventBusSubscriber classes into the eventbus for loafcats
[26Sep2025 23:14:37.990] [modloading-worker-0/DEBUG] [net.minecraftforge.fml.javafmlmod.AutomaticEventSubscriber/LOADING]: Auto-subscribing net.imoqen.loafcats.event.PlayerTickHandler to FORGE
[26Sep2025 23:14:37.991] [modloading-worker-0/DEBUG] [net.minecraftforge.fml.javafmlmod.AutomaticEventSubscriber/LOADING]: Auto-subscribing net.imoqen.loafcats.event.ModEvents to MOD
[26Sep2025 23:14:37.992] [modloading-worker-0/DEBUG] [net.minecraftforge.fml.javafmlmod.AutomaticEventSubscriber/LOADING]: Auto-subscribing net.imoqen.loafcats.event.ForgeEvents to FORGE
[26Sep2025 23:14:37.992] [modloading-worker-0/DEBUG] [net.minecraftforge.fml.javafmlmod.AutomaticEventSubscriber/LOADING]: Attempting to inject @EventBusSubscriber classes into the eventbus for bettervillage
[26Sep2025 23:14:37.999] [modloading-worker-0/DEBUG] [net.minecraftforge.fml.javafmlmod.AutomaticEventSubscriber/LOADING]: Auto-subscribing net.imoqen.loafcats.datagen.DataGenerators to MOD
[26Sep2025 23:14:38.063] [modloading-worker-0/DEBUG] [net.minecraftforge.fml.javafmlmod.AutomaticEventSubscriber/LOADING]: Attempting to inject @EventBusSubscriber classes into the eventbus for architectury
[26Sep2025 23:14:38.066] [modloading-worker-0/DEBUG] [net.minecraftforge.fml.javafmlmod.AutomaticEventSubscriber/LOADING]: Auto-subscribing dev.architectury.registry.level.entity.trade.forge.TradeRegistryImpl to FORGE
[26Sep2025 23:14:38.067] [modloading-worker-0/DEBUG] [net.minecraftforge.fml.javafmlmod.AutomaticEventSubscriber/LOADING]: Auto-subscribing dev.architectury.registry.forge.ReloadListenerRegistryImpl to FORGE
[26Sep2025 23:14:38.070] [modloading-worker-0/DEBUG] [net.minecraftforge.fml.javafmlmod.AutomaticEventSubscriber/LOADING]: Auto-subscribing dev.architectury.networking.forge.NetworkManagerImpl to FORGE
[26Sep2025 23:14:38.080] [modloading-worker-0/INFO] [dev.architectury.networking.forge.NetworkManagerImpl/]: Registering C2S receiver with id architectury:sync_ids
[26Sep2025 23:14:38.113] [KubeJS Background Thread/DEBUG] [mixin/]: Mixing ScriptManagerMixin from palladium-common.mixins.json into dev.latvian.mods.kubejs.script.ScriptManager
[26Sep2025 23:14:38.114] [KubeJS Background Thread/DEBUG] [mixin/]: Renaming synthetic method lambda$loadFromDirectory$2(Ljava/util/Map;Ljava/lang/String;Lnet/minecraft/server/packs/repository/Pack;Lnet/minecraft/server/packs/PackType;Lnet/minecraft/resources/ResourceLocation;Lnet/minecraft/server/packs/resources/IoSupplier;)V to md139335$lambda$loadFromDirectory$2$0 in palladium-common.mixins.json:ScriptManagerMixin
[26Sep2025 23:14:38.114] [KubeJS Background Thread/DEBUG] [mixin/]: Renaming synthetic method lambda$loadFromDirectory$1(Lnet/minecraft/server/packs/repository/Pack;Lnet/minecraft/server/packs/PackType;Lnet/minecraft/resources/ResourceLocation;)Ljava/io/InputStream; to md139335$lambda$loadFromDirectory$1$1 in palladium-common.mixins.json:ScriptManagerMixin
[26Sep2025 23:14:38.114] [KubeJS Background Thread/DEBUG] [mixin/]: Renaming synthetic method lambda$loadFromDirectory$0(Ljava/lang/String;)Lcom/mojang/datafixers/util/Pair; to md139335$lambda$loadFromDirectory$0$2 in palladium-common.mixins.json:ScriptManagerMixin
[26Sep2025 23:14:38.139] [modloading-worker-0/DEBUG] [net.minecraftforge.fml.javafmlmod.AutomaticEventSubscriber/LOADING]: Attempting to inject @EventBusSubscriber classes into the eventbus for iceandfire
[26Sep2025 23:14:38.143] [modloading-worker-0/DEBUG] [net.minecraftforge.fml.javafmlmod.AutomaticEventSubscriber/LOADING]: Auto-subscribing com.github.alexthe666.iceandfire.recipe.IafRecipeRegistry to MOD
[26Sep2025 23:14:38.143] [modloading-worker-0/DEBUG] [net.minecraftforge.fml.javafmlmod.AutomaticEventSubscriber/LOADING]: Auto-subscribing com.github.alexthe666.iceandfire.misc.IafSoundRegistry to MOD
[26Sep2025 23:14:38.143] [modloading-worker-0/DEBUG] [net.minecraftforge.fml.javafmlmod.AutomaticEventSubscriber/LOADING]: Auto-subscribing com.github.alexthe666.iceandfire.misc.IafDamageRegistry to MOD
[26Sep2025 23:14:38.146] [modloading-worker-0/DEBUG] [net.minecraftforge.fml.javafmlmod.AutomaticEventSubscriber/LOADING]: Auto-subscribing com.github.alexthe666.iceandfire.item.IafItemRegistry to MOD
[26Sep2025 23:14:38.148] [modloading-worker-0/DEBUG] [net.minecraftforge.fml.javafmlmod.AutomaticEventSubscriber/LOADING]: Auto-subscribing com.github.alexthe666.iceandfire.event.ServerEvents to FORGE
[26Sep2025 23:14:38.157] [modloading-worker-0/DEBUG] [net.minecraftforge.fml.javafmlmod.AutomaticEventSubscriber/LOADING]: Auto-subscribing com.github.alexthe666.iceandfire.entity.props.CapabilityHandler to FORGE
[26Sep2025 23:14:38.163] [modloading-worker-0/DEBUG] [net.minecraftforge.fml.javafmlmod.AutomaticEventSubscriber/LOADING]: Auto-subscribing com.github.alexthe666.iceandfire.entity.IafVillagerRegistry to MOD
[26Sep2025 23:14:38.163] [KubeJS Background Thread/INFO] [KubeJS/]: Loaded common.properties
[26Sep2025 23:14:38.165] [modloading-worker-0/DEBUG] [net.minecraftforge.fml.javafmlmod.AutomaticEventSubscriber/LOADING]: Auto-subscribing com.github.alexthe666.iceandfire.entity.IafEntityRegistry to MOD
[26Sep2025 23:14:38.164] [KubeJS Background Thread/INFO] [KubeJS/]: Loaded dev.properties
[26Sep2025 23:14:38.169] [modloading-worker-0/DEBUG] [net.minecraftforge.fml.javafmlmod.AutomaticEventSubscriber/LOADING]: Auto-subscribing com.github.alexthe666.iceandfire.datagen.DataGenerators to MOD
[26Sep2025 23:14:38.180] [modloading-worker-0/DEBUG] [net.minecraftforge.fml.javafmlmod.AutomaticEventSubscriber/LOADING]: Auto-subscribing com.github.alexthe666.iceandfire.block.IafBlockRegistry to MOD
[26Sep2025 23:14:38.180] [modloading-worker-0/DEBUG] [net.minecraftforge.fml.javafmlmod.AutomaticEventSubscriber/LOADING]: Auto-subscribing com.github.alexthe666.iceandfire.IceAndFire to FORGE
[26Sep2025 23:14:38.180] [modloading-worker-0/DEBUG] [net.minecraftforge.fml.javafmlmod.AutomaticEventSubscriber/LOADING]: Auto-subscribing com.github.alexthe666.iceandfire.CommonProxy to MOD
[26Sep2025 23:14:38.185] [modloading-worker-0/INFO] [KubeJS/]: Looking for KubeJS plugins...
[26Sep2025 23:14:38.189] [modloading-worker-0/INFO] [KubeJS/]: Found plugin source kubejs
[26Sep2025 23:14:38.204] [modloading-worker-0/WARN] [KubeJS/]: Plugin dev.latvian.mods.kubejs.forge.BuiltinKubeJSForgeClientPlugin does not load on server side, skipping
[26Sep2025 23:14:38.204] [modloading-worker-0/WARN] [KubeJS/]: Plugin dev.latvian.mods.kubejs.integration.forge.gamestages.GameStagesIntegration does not have required mod gamestages loaded, skipping
[26Sep2025 23:14:38.205] [modloading-worker-0/DEBUG] [net.minecraftforge.fml.javafmlmod.AutomaticEventSubscriber/LOADING]: Attempting to inject @EventBusSubscriber classes into the eventbus for octolib
[26Sep2025 23:14:38.205] [modloading-worker-0/INFO] [KubeJS/]: Found plugin source palladium
[26Sep2025 23:14:38.210] [modloading-worker-0/DEBUG] [net.minecraftforge.fml.javafmlmod.AutomaticEventSubscriber/LOADING]: Attempting to inject @EventBusSubscriber classes into the eventbus for ferritecore
[26Sep2025 23:14:38.213] [modloading-worker-0/DEBUG] [net.minecraftforge.fml.javafmlmod.AutomaticEventSubscriber/LOADING]: Attempting to inject @EventBusSubscriber classes into the eventbus for transition
[26Sep2025 23:14:38.219] [modloading-worker-0/DEBUG] [betterendisland/]: Loaded com.yungnickyoung.minecraft.betterendisland.services.ForgePlatformHelper@7200b500 for service interface com.yungnickyoung.minecraft.betterendisland.services.IPlatformHelper
[26Sep2025 23:14:38.223] [modloading-worker-0/DEBUG] [betterendisland/]: Loaded com.yungnickyoung.minecraft.betterendisland.services.ForgeModulesLoader@4bb6cee9 for service interface com.yungnickyoung.minecraft.betterendisland.services.IModulesLoader
[26Sep2025 23:14:38.226] [modloading-worker-0/DEBUG] [net.minecraftforge.fml.config.ConfigTracker/CONFIG]: Config file betterendisland-forge-1_20.toml for betterendisland tracking
[26Sep2025 23:14:38.227] [modloading-worker-0/DEBUG] [net.minecraftforge.fml.javafmlmod.AutomaticEventSubscriber/LOADING]: Attempting to inject @EventBusSubscriber classes into the eventbus for betterendisland
[26Sep2025 23:14:38.230] [modloading-worker-0/DEBUG] [net.minecraftforge.fml.javafmlmod.AutomaticEventSubscriber/LOADING]: Attempting to inject @EventBusSubscriber classes into the eventbus for puzzleslib
[26Sep2025 23:14:38.230] [modloading-worker-0/DEBUG] [net.minecraftforge.fml.javafmlmod.AutomaticEventSubscriber/LOADING]: Auto-subscribing fuzs.puzzleslib.impl.PuzzlesLibForge to MOD
[26Sep2025 23:14:38.243] [modloading-worker-0/DEBUG] [net.minecraftforge.fml.config.ConfigTracker/CONFIG]: Config file cfm-client.toml for cfm tracking
[26Sep2025 23:14:38.243] [modloading-worker-0/DEBUG] [net.minecraftforge.fml.config.ConfigTracker/CONFIG]: Config file cfm-common.toml for cfm tracking
[26Sep2025 23:14:38.244] [modloading-worker-0/DEBUG] [net.minecraftforge.fml.javafmlmod.AutomaticEventSubscriber/LOADING]: Attempting to inject @EventBusSubscriber classes into the eventbus for cfm
[26Sep2025 23:14:38.245] [modloading-worker-0/DEBUG] [net.minecraftforge.fml.javafmlmod.AutomaticEventSubscriber/LOADING]: Auto-subscribing com.mrcrayfish.furniture.common.mail.PostOffice to FORGE
[26Sep2025 23:14:38.253] [modloading-worker-0/DEBUG] [mixin/]: Mixing EntitySelectorMixin from pehkui.mixins.json into net.minecraft.commands.arguments.selector.EntitySelector
[26Sep2025 23:14:38.273] [modloading-worker-0/INFO] [Puzzles Lib/]: Constructing common components for puzzleslib:main
[26Sep2025 23:14:38.273] [modloading-worker-0/INFO] [KubeJS/]: Done in 86.00 ms
[26Sep2025 23:14:38.287] [modloading-worker-0/DEBUG] [net.minecraftforge.fml.javafmlmod.AutomaticEventSubscriber/LOADING]: Attempting to inject @EventBusSubscriber classes into the eventbus for the_knocker
[26Sep2025 23:14:38.288] [modloading-worker-0/DEBUG] [net.minecraftforge.fml.javafmlmod.AutomaticEventSubscriber/LOADING]: Auto-subscribing net.mcreator.theknocker.procedures.SignBreakProcedure to FORGE
[26Sep2025 23:14:38.289] [modloading-worker-0/DEBUG] [net.minecraftforge.fml.javafmlmod.AutomaticEventSubscriber/LOADING]: Auto-subscribing net.mcreator.theknocker.procedures.RandomspawnProcedure to FORGE
[26Sep2025 23:14:38.290] [modloading-worker-0/DEBUG] [net.minecraftforge.fml.javafmlmod.AutomaticEventSubscriber/LOADING]: Auto-subscribing net.mcreator.theknocker.procedures.PlayertickProcedure to FORGE
[26Sep2025 23:14:38.291] [modloading-worker-0/DEBUG] [net.minecraftforge.fml.javafmlmod.AutomaticEventSubscriber/LOADING]: Auto-subscribing net.mcreator.theknocker.procedures.NightCounterProcedure to FORGE
[26Sep2025 23:14:38.292] [modloading-worker-0/DEBUG] [net.minecraftforge.fml.javafmlmod.AutomaticEventSubscriber/LOADING]: Auto-subscribing net.mcreator.theknocker.procedures.KnocksleepProcedure to FORGE
[26Sep2025 23:14:38.298] [modloading-worker-0/DEBUG] [net.minecraftforge.fml.javafmlmod.AutomaticEventSubscriber/LOADING]: Auto-subscribing net.mcreator.theknocker.procedures.KnockerDeathCounterProcedure to FORGE
[26Sep2025 23:14:38.299] [modloading-worker-0/DEBUG] [net.minecraftforge.fml.javafmlmod.AutomaticEventSubscriber/LOADING]: Auto-subscribing net.mcreator.theknocker.procedures.DespawnwhenkillProcedure to FORGE
[26Sep2025 23:14:38.300] [modloading-worker-0/DEBUG] [net.minecraftforge.fml.javafmlmod.AutomaticEventSubscriber/LOADING]: Auto-subscribing net.mcreator.theknocker.procedures.CansleepProcedure to FORGE
[26Sep2025 23:14:38.301] [modloading-worker-0/DEBUG] [net.minecraftforge.fml.javafmlmod.AutomaticEventSubscriber/LOADING]: Auto-subscribing net.mcreator.theknocker.network.TheKnockerModVariables to MOD
[26Sep2025 23:14:38.303] [modloading-worker-0/DEBUG] [net.minecraftforge.fml.javafmlmod.AutomaticEventSubscriber/LOADING]: Auto-subscribing net.mcreator.theknocker.network.TheKnockerModVariables$PlayerVariablesProvider to FORGE
[26Sep2025 23:14:38.305] [modloading-worker-0/DEBUG] [net.minecraftforge.fml.javafmlmod.AutomaticEventSubscriber/LOADING]: Auto-subscribing net.mcreator.theknocker.network.TheKnockerModVariables$EventBusVariableHandlers to FORGE
[26Sep2025 23:14:38.310] [modloading-worker-0/DEBUG] [net.minecraftforge.fml.javafmlmod.AutomaticEventSubscriber/LOADING]: Auto-subscribing net.mcreator.theknocker.init.TheKnockerModTabs to MOD
[26Sep2025 23:14:38.313] [modloading-worker-0/DEBUG] [net.minecraftforge.fml.javafmlmod.AutomaticEventSubscriber/LOADING]: Auto-subscribing net.mcreator.theknocker.init.TheKnockerModEntities to MOD
[26Sep2025 23:14:38.314] [modloading-worker-0/DEBUG] [net.minecraftforge.fml.javafmlmod.AutomaticEventSubscriber/LOADING]: Auto-subscribing net.mcreator.theknocker.init.TheKnockerModConfigs to MOD
[26Sep2025 23:14:38.316] [modloading-worker-0/DEBUG] [net.minecraftforge.fml.javafmlmod.AutomaticEventSubscriber/LOADING]: Auto-subscribing net.mcreator.theknocker.command.KnockercommandCommand to FORGE
[26Sep2025 23:14:38.317] [modloading-worker-0/DEBUG] [mixin/]: Mixing CropBlockMixin from kubejs-forge.mixins.json into dev.latvian.mods.kubejs.block.custom.BasicCropBlockJS
[26Sep2025 23:14:38.328] [modloading-worker-0/DEBUG] [net.minecraftforge.fml.config.ConfigTracker/CONFIG]: Config file lodestone-client.toml for lodestone tracking
[26Sep2025 23:14:38.358] [modloading-worker-0/DEBUG] [net.minecraftforge.fml.javafmlmod.AutomaticEventSubscriber/LOADING]: Attempting to inject @EventBusSubscriber classes into the eventbus for lodestone
[26Sep2025 23:14:38.358] [modloading-worker-0/DEBUG] [net.minecraftforge.fml.javafmlmod.AutomaticEventSubscriber/LOADING]: Auto-subscribing team.lodestar.lodestone.registry.common.LodestonePlacementFillerRegistry to MOD
[26Sep2025 23:14:38.359] [modloading-worker-0/DEBUG] [net.minecraftforge.fml.javafmlmod.AutomaticEventSubscriber/LOADING]: Auto-subscribing team.lodestar.lodestone.registry.common.LodestonePacketRegistry to MOD
[26Sep2025 23:14:38.360] [modloading-worker-0/DEBUG] [net.minecraftforge.fml.javafmlmod.AutomaticEventSubscriber/LOADING]: Auto-subscribing team.lodestar.lodestone.registry.common.LodestoneCommandRegistry to FORGE
[26Sep2025 23:14:38.363] [modloading-worker-0/DEBUG] [net.minecraftforge.fml.javafmlmod.AutomaticEventSubscriber/LOADING]: Auto-subscribing team.lodestar.lodestone.registry.common.LodestoneAttributeRegistry to MOD
[26Sep2025 23:14:38.367] [modloading-worker-0/DEBUG] [net.minecraftforge.fml.javafmlmod.AutomaticEventSubscriber/LOADING]: Auto-subscribing team.lodestar.lodestone.events.SetupEvents to MOD
[26Sep2025 23:14:38.369] [modloading-worker-0/DEBUG] [net.minecraftforge.fml.javafmlmod.AutomaticEventSubscriber/LOADING]: Auto-subscribing team.lodestar.lodestone.events.RuntimeEvents to FORGE
[26Sep2025 23:14:38.378] [modloading-worker-0/DEBUG] [net.minecraftforge.fml.javafmlmod.AutomaticEventSubscriber/LOADING]: Attempting to inject @EventBusSubscriber classes into the eventbus for fallingtree
[26Sep2025 23:14:38.379] [modloading-worker-0/DEBUG] [net.minecraftforge.fml.javafmlmod.AutomaticEventSubscriber/LOADING]: Attempting to inject @EventBusSubscriber classes into the eventbus for packetfixer
[26Sep2025 23:14:38.380] [modloading-worker-0/DEBUG] [playerrevive/]: Created network playerrevive:main
[26Sep2025 23:14:38.381] [modloading-worker-0/DEBUG] [net.minecraftforge.fml.javafmlmod.AutomaticEventSubscriber/LOADING]: Attempting to inject @EventBusSubscriber classes into the eventbus for playerrevive
[26Sep2025 23:14:38.381] [modloading-worker-0/DEBUG] [net.minecraftforge.fml.javafmlmod.AutomaticEventSubscriber/LOADING]: Attempting to inject @EventBusSubscriber classes into the eventbus for presencefootsteps
[26Sep2025 23:14:38.384] [modloading-worker-0/DEBUG] [net.minecraftforge.fml.config.ConfigTracker/CONFIG]: Config file toms_storage-common.toml for toms_storage tracking
[26Sep2025 23:14:38.385] [modloading-worker-0/DEBUG] [net.minecraftforge.fml.config.ConfigTracker/CONFIG]: Config file toms_storage-server.toml for toms_storage tracking
[26Sep2025 23:14:38.395] [modloading-worker-0/DEBUG] [mixin/]: Mixing EventHandlerBridgeMixin from kubejs-common.mixins.json into dev.latvian.mods.kubejs.event.EventHandler
[26Sep2025 23:14:38.400] [modloading-worker-0/DEBUG] [mixin/]: Mixing EventHandlerInvoker from kubejs-common.mixins.json into dev.latvian.mods.kubejs.event.EventHandler
[26Sep2025 23:14:38.474] [modloading-worker-0/DEBUG] [net.minecraftforge.fml.javafmlmod.AutomaticEventSubscriber/LOADING]: Attempting to inject @EventBusSubscriber classes into the eventbus for toms_storage
[26Sep2025 23:14:38.488] [modloading-worker-0/DEBUG] [mixin/]: Mixing ScriptFileInfoMixin from palladium-common.mixins.json into dev.latvian.mods.kubejs.script.ScriptFileInfo
[26Sep2025 23:14:38.491] [modloading-worker-0/DEBUG] [mixin/]: Mixing ReloadableResourceManagerMixin from palladium-common.mixins.json into net.minecraft.server.packs.resources.ReloadableResourceManager
[26Sep2025 23:14:38.492] [modloading-worker-0/DEBUG] [mixin/]: Mixing ReloadableClientResourcesMixin from moonlight-common.mixins.json into net.minecraft.server.packs.resources.ReloadableResourceManager
[26Sep2025 23:14:38.492] [modloading-worker-0/DEBUG] [mixin/]: Renaming synthetic method lambda$moonlight$clientDynamicPackEarlyReload$0(Lcom/llamalad7/mixinextras/injector/wrapoperation/Operation;Lnet/minecraft/server/packs/resources/ResourceManager;Ljava/util/List;Ljava/util/concurrent/Executor;Ljava/util/concurrent/Executor;Ljava/util/concurrent/CompletableFuture;Z)Lnet/minecraft/server/packs/resources/ReloadInstance; to md139335$lambda$moonlight$clientDynamicPackEarlyReload$0$0 in moonlight-common.mixins.json:ReloadableClientResourcesMixin
[26Sep2025 23:14:38.496] [modloading-worker-0/DEBUG] [mixin/]: Mixing ServerMultiPackResourceManagerMixin from moonlight-common.mixins.json into net.minecraft.server.packs.resources.MultiPackResourceManager
[26Sep2025 23:14:38.520] [modloading-worker-0/DEBUG] [mixin/]: Mixing PathPackResourcesAccessor from palladium.mixins.json into net.minecraftforge.resource.PathPackResources
[26Sep2025 23:14:38.520] [modloading-worker-0/DEBUG] [mixin/]: Mixing perf.resourcepacks.ForgePathPackResourcesMixin from modernfix-forge.mixins.json into net.minecraftforge.resource.PathPackResources
[26Sep2025 23:14:38.521] [modloading-worker-0/DEBUG] [mixin/]: Renaming synthetic method lambda$generateResourceCache$0(Lnet/minecraft/server/packs/PackType;)Ljava/nio/file/Path; to md139335$lambda$generateResourceCache$0$0 in modernfix-forge.mixins.json:perf.resourcepacks.ForgePathPackResourcesMixin
[26Sep2025 23:14:38.544] [modloading-worker-0/DEBUG] [mixin/]: Mixing perf.faster_ingredients.ForgeHooksMixin from modernfix-forge.mixins.json into net.minecraftforge.common.ForgeHooks
[26Sep2025 23:14:38.544] [modloading-worker-0/DEBUG] [mixin/]: Mixing ForgeHooksMixin from palladium.mixins.json into net.minecraftforge.common.ForgeHooks
[26Sep2025 23:14:38.582] [modloading-worker-0/ERROR] [net.minecraft.server.packs.AbstractPackResources/]: Couldn't load pack metadata
com.google.gson.JsonSyntaxException: Missing pack_format, expected to find a Int
	at net.minecraft.util.GsonHelper.m_13927_(GsonHelper.java:277) ~[server-1.20.1-20230612.114412-srg.jar%23223!/:?]
	at net.minecraft.server.packs.metadata.pack.PackMetadataSectionSerializer.m_6322_(PackMetadataSectionSerializer.java:15) ~[server-1.20.1-20230612.114412-srg.jar%23223!/:?]
	at net.minecraft.server.packs.metadata.pack.PackMetadataSectionSerializer.m_6322_(PackMetadataSectionSerializer.java:9) ~[server-1.20.1-20230612.114412-srg.jar%23223!/:?]
	at net.minecraft.server.packs.AbstractPackResources.m_10214_(AbstractPackResources.java:52) ~[server-1.20.1-20230612.114412-srg.jar%23223!/:?]
	at net.minecraft.server.packs.AbstractPackResources.m_5550_(AbstractPackResources.java:33) ~[server-1.20.1-20230612.114412-srg.jar%23223!/:?]
	at net.minecraft.server.packs.repository.Pack.m_246334_(Pack.java:60) ~[server-1.20.1-20230612.114412-srg.jar%23223!/:?]
	at net.minecraft.server.packs.repository.Pack.m_245429_(Pack.java:35) ~[server-1.20.1-20230612.114412-srg.jar%23223!/:?]
	at net.threetag.palladium.addonpack.forge.AddonPackManagerImpl$ModPackSource.m_7686_(AddonPackManagerImpl.java:49) ~[palladium-4.2.8+1.20.1-forge.jar%23201!/:4.2.8+1.20.1]
	at net.minecraft.server.packs.repository.PackRepository.m_10526_(PackRepository.java:39) ~[server-1.20.1-20230612.114412-srg.jar%23223!/:?]
	at net.minecraft.server.packs.repository.PackRepository.m_10506_(PackRepository.java:31) ~[server-1.20.1-20230612.114412-srg.jar%23223!/:?]
	at dev.latvian.mods.kubejs.script.ScriptManager.handler$zpo000$loadFromDirectory(ScriptManager.java:537) ~[kubejs-forge-2001.6.5-build.16.jar%23189!/:2001.6.5-build.16]
	at dev.latvian.mods.kubejs.script.ScriptManager.loadFromDirectory(ScriptManager.java:150) ~[kubejs-forge-2001.6.5-build.16.jar%23189!/:2001.6.5-build.16]
	at dev.latvian.mods.kubejs.script.ScriptManager.reload(ScriptManager.java:72) ~[kubejs-forge-2001.6.5-build.16.jar%23189!/:2001.6.5-build.16]
	at dev.latvian.mods.kubejs.KubeJS.<init>(KubeJS.java:137) ~[kubejs-forge-2001.6.5-build.16.jar%23189!/:2001.6.5-build.16]
	at dev.latvian.mods.kubejs.forge.KubeJSForge.<init>(KubeJSForge.java:51) ~[kubejs-forge-2001.6.5-build.16.jar%23189!/:2001.6.5-build.16]
	at jdk.internal.reflect.NativeConstructorAccessorImpl.newInstance0(Native Method) ~[?:?]
	at jdk.internal.reflect.NativeConstructorAccessorImpl.newInstance(NativeConstructorAccessorImpl.java:77) ~[?:?]
	at jdk.internal.reflect.DelegatingConstructorAccessorImpl.newInstance(DelegatingConstructorAccessorImpl.java:45) ~[?:?]
	at java.lang.reflect.Constructor.newInstanceWithCaller(Constructor.java:500) ~[?:?]
	at java.lang.reflect.Constructor.newInstance(Constructor.java:481) ~[?:?]
	at net.minecraftforge.fml.javafmlmod.FMLModContainer.constructMod(FMLModContainer.java:70) ~[javafmllanguage-1.20.1-47.3.7.jar%23225!/:?]
	at net.minecraftforge.fml.ModContainer.lambda$buildTransitionHandler$4(ModContainer.java:124) ~[fmlcore-1.20.1-47.3.7.jar%23224!/:?]
	at java.util.concurrent.CompletableFuture$AsyncRun.run(CompletableFuture.java:1804) ~[?:?]
	at java.util.concurrent.CompletableFuture$AsyncRun.exec(CompletableFuture.java:1796) ~[?:?]
	at java.util.concurrent.ForkJoinTask.doExec(ForkJoinTask.java:373) ~[?:?]
	at java.util.concurrent.ForkJoinPool$WorkQueue.topLevelExec(ForkJoinPool.java:1182) ~[?:?]
	at java.util.concurrent.ForkJoinPool.scan(ForkJoinPool.java:1655) ~[?:?]
	at java.util.concurrent.ForkJoinPool.runWorker(ForkJoinPool.java:1622) ~[?:?]
	at java.util.concurrent.ForkJoinWorkerThread.run(ForkJoinWorkerThread.java:165) ~[?:?]
[26Sep2025 23:14:38.585] [modloading-worker-0/WARN] [net.minecraft.server.packs.repository.Pack/]: Missing metadata in pack mod:minecraft
[26Sep2025 23:14:38.595] [modloading-worker-0/DEBUG] [mixin/]: Mixing PathPackResourcesAccessor from creativecore.mixins.json into net.minecraft.server.packs.PathPackResources
[26Sep2025 23:14:38.642] [modloading-worker-0/INFO] [Rhino Script Remapper/]: Loading Rhino Minecraft remapper...
[26Sep2025 23:14:38.645] [modloading-worker-0/INFO] [dev.latvian.mods.rhino.mod.util.RhinoProperties/]: Rhino properties loaded.
[26Sep2025 23:14:38.650] [modloading-worker-0/INFO] [Rhino Script Remapper/]: Loading mappings for 1.20.1
[26Sep2025 23:14:38.725] [modloading-worker-0/DEBUG] [net.minecraftforge.fml.javafmlmod.AutomaticEventSubscriber/LOADING]: Attempting to inject @EventBusSubscriber classes into the eventbus for mofus_better_end_
[26Sep2025 23:14:38.725] [modloading-worker-0/DEBUG] [net.minecraftforge.fml.javafmlmod.AutomaticEventSubscriber/LOADING]: Auto-subscribing net.mcreator.mofusbetterend.world.teleporter.BrokenConstellationTeleporter to MOD
[26Sep2025 23:14:38.743] [modloading-worker-0/DEBUG] [net.minecraftforge.fml.javafmlmod.AutomaticEventSubscriber/LOADING]: Auto-subscribing net.mcreator.mofusbetterend.world.inventory.MechCreationStationGUIMenu to FORGE
[26Sep2025 23:14:38.757] [modloading-worker-0/INFO] [Rhino Script Remapper/]: Done in 0.115 s
[26Sep2025 23:14:38.767] [modloading-worker-0/DEBUG] [net.minecraftforge.fml.javafmlmod.AutomaticEventSubscriber/LOADING]: Auto-subscribing net.mcreator.mofusbetterend.world.inventory.CrestguinGUIMenu to FORGE
[26Sep2025 23:14:38.771] [modloading-worker-0/DEBUG] [net.minecraftforge.fml.javafmlmod.AutomaticEventSubscriber/LOADING]: Auto-subscribing net.mcreator.mofusbetterend.world.features.StructureFeature to FORGE
[26Sep2025 23:14:38.772] [modloading-worker-0/DEBUG] [net.minecraftforge.fml.javafmlmod.AutomaticEventSubscriber/LOADING]: Auto-subscribing net.mcreator.mofusbetterend.world.dimension.BrokenConstellationDimension to FORGE
[26Sep2025 23:14:38.772] [modloading-worker-0/DEBUG] [net.minecraftforge.fml.javafmlmod.AutomaticEventSubscriber/LOADING]: Auto-subscribing net.mcreator.mofusbetterend.world.dimension.BrokenConstellationDimension$DimensionSpecialEffectsHandler to MOD
[26Sep2025 23:14:38.774] [modloading-worker-0/DEBUG] [net.minecraftforge.fml.javafmlmod.AutomaticEventSubscriber/LOADING]: Auto-subscribing net.mcreator.mofusbetterend.recipes.brewing.WasppheromoneRecipeBrewingRecipe to MOD
[26Sep2025 23:14:38.775] [modloading-worker-0/DEBUG] [net.minecraftforge.fml.javafmlmod.AutomaticEventSubscriber/LOADING]: Auto-subscribing net.mcreator.mofusbetterend.recipes.brewing.LongAntidoteRecipeBrewingRecipe to MOD
[26Sep2025 23:14:38.776] [modloading-worker-0/DEBUG] [net.minecraftforge.fml.javafmlmod.AutomaticEventSubscriber/LOADING]: Auto-subscribing net.mcreator.mofusbetterend.recipes.brewing.EndMantaPotionRecipeBrewingRecipe to MOD
[26Sep2025 23:14:38.777] [modloading-worker-0/DEBUG] [net.minecraftforge.fml.javafmlmod.AutomaticEventSubscriber/LOADING]: Auto-subscribing net.mcreator.mofusbetterend.recipes.brewing.Antidote1RecipeBrewingRecipe to MOD
[26Sep2025 23:14:38.778] [modloading-worker-0/DEBUG] [net.minecraftforge.fml.javafmlmod.AutomaticEventSubscriber/LOADING]: Auto-subscribing net.mcreator.mofusbetterend.procedures.VoidjellyattackProcedure to FORGE
[26Sep2025 23:14:38.778] [modloading-worker-0/DEBUG] [net.minecraftforge.fml.javafmlmod.AutomaticEventSubscriber/LOADING]: Auto-subscribing net.mcreator.mofusbetterend.procedures.TowerbeforehurtProcedure to FORGE
[26Sep2025 23:14:38.780] [modloading-worker-0/DEBUG] [net.minecraftforge.fml.javafmlmod.AutomaticEventSubscriber/LOADING]: Auto-subscribing net.mcreator.mofusbetterend.procedures.ThecetoustriggerProcedure to FORGE
[26Sep2025 23:14:38.780] [modloading-worker-0/DEBUG] [net.minecraftforge.fml.javafmlmod.AutomaticEventSubscriber/LOADING]: Auto-subscribing net.mcreator.mofusbetterend.procedures.StripwoodprocedureProcedure to FORGE
[26Sep2025 23:14:38.781] [modloading-worker-0/DEBUG] [net.minecraftforge.fml.javafmlmod.AutomaticEventSubscriber/LOADING]: Auto-subscribing net.mcreator.mofusbetterend.procedures.RightclickalleyeguardiansProcedure to FORGE
[26Sep2025 23:14:38.782] [modloading-worker-0/DEBUG] [net.minecraftforge.fml.javafmlmod.AutomaticEventSubscriber/LOADING]: Auto-subscribing net.mcreator.mofusbetterend.procedures.RebornLitchMusicResetProcedure to FORGE
[26Sep2025 23:14:38.783] [modloading-worker-0/DEBUG] [net.minecraftforge.fml.javafmlmod.AutomaticEventSubscriber/LOADING]: Auto-subscribing net.mcreator.mofusbetterend.procedures.RebornLitchMusicProcedure to FORGE
[26Sep2025 23:14:38.784] [modloading-worker-0/DEBUG] [net.minecraftforge.fml.javafmlmod.AutomaticEventSubscriber/LOADING]: Auto-subscribing net.mcreator.mofusbetterend.procedures.RebornLitchMusicPlayProcedure to FORGE
[26Sep2025 23:14:38.785] [modloading-worker-0/DEBUG] [net.minecraftforge.fml.javafmlmod.AutomaticEventSubscriber/LOADING]: Auto-subscribing net.mcreator.mofusbetterend.procedures.RavenousreactionsProcedure to FORGE
[26Sep2025 23:14:38.786] [modloading-worker-0/DEBUG] [net.minecraftforge.fml.javafmlmod.AutomaticEventSubscriber/LOADING]: Auto-subscribing net.mcreator.mofusbetterend.procedures.QueenprojectileblockProcedure to FORGE
[26Sep2025 23:14:38.786] [modloading-worker-0/DEBUG] [net.minecraftforge.fml.javafmlmod.AutomaticEventSubscriber/LOADING]: Auto-subscribing net.mcreator.mofusbetterend.procedures.PlayerjoinProcedure to FORGE
[26Sep2025 23:14:38.787] [modloading-worker-0/DEBUG] [net.minecraftforge.fml.javafmlmod.AutomaticEventSubscriber/LOADING]: Auto-subscribing net.mcreator.mofusbetterend.procedures.PlayerNautilusOverlayProcedure to FORGE
[26Sep2025 23:14:38.788] [modloading-worker-0/DEBUG] [net.minecraftforge.fml.javafmlmod.AutomaticEventSubscriber/LOADING]: Auto-subscribing net.mcreator.mofusbetterend.procedures.PlayerLooksatEndermanProcedure to FORGE
[26Sep2025 23:14:38.789] [modloading-worker-0/DEBUG] [net.minecraftforge.fml.javafmlmod.AutomaticEventSubscriber/LOADING]: Auto-subscribing net.mcreator.mofusbetterend.procedures.PlayerEndSpawnProcedure to FORGE
[26Sep2025 23:14:38.789] [modloading-worker-0/DEBUG] [net.minecraftforge.fml.javafmlmod.AutomaticEventSubscriber/LOADING]: Auto-subscribing net.mcreator.mofusbetterend.procedures.NomouthendermanaggroProcedure to FORGE
[26Sep2025 23:14:38.790] [modloading-worker-0/DEBUG] [net.minecraftforge.fml.javafmlmod.AutomaticEventSubscriber/LOADING]: Auto-subscribing net.mcreator.mofusbetterend.procedures.NestAttackProcedureProcedure to FORGE
[26Sep2025 23:14:38.791] [modloading-worker-0/DEBUG] [net.minecraftforge.fml.javafmlmod.AutomaticEventSubscriber/LOADING]: Auto-subscribing net.mcreator.mofusbetterend.procedures.LitchMusicResetProcedure to FORGE
[26Sep2025 23:14:38.792] [modloading-worker-0/DEBUG] [net.minecraftforge.fml.javafmlmod.AutomaticEventSubscriber/LOADING]: Auto-subscribing net.mcreator.mofusbetterend.procedures.LitchMusicProcedure to FORGE
[26Sep2025 23:14:38.793] [modloading-worker-0/DEBUG] [net.minecraftforge.fml.javafmlmod.AutomaticEventSubscriber/LOADING]: Auto-subscribing net.mcreator.mofusbetterend.procedures.LitchMusicPlayProcedure to FORGE
[26Sep2025 23:14:38.794] [modloading-worker-0/DEBUG] [net.minecraftforge.fml.javafmlmod.AutomaticEventSubscriber/LOADING]: Auto-subscribing net.mcreator.mofusbetterend.procedures.ItemexplosionresistanceProcedure to FORGE
[26Sep2025 23:14:38.795] [modloading-worker-0/DEBUG] [net.minecraftforge.fml.javafmlmod.AutomaticEventSubscriber/LOADING]: Auto-subscribing net.mcreator.mofusbetterend.procedures.ImmortalmobsProcedure to FORGE
[26Sep2025 23:14:38.795] [modloading-worker-0/DEBUG] [net.minecraftforge.fml.javafmlmod.AutomaticEventSubscriber/LOADING]: Auto-subscribing net.mcreator.mofusbetterend.procedures.GuardianPropellerItemInInventoryTickProcedure to FORGE
[26Sep2025 23:14:38.797] [modloading-worker-0/DEBUG] [net.minecraftforge.fml.javafmlmod.AutomaticEventSubscriber/LOADING]: Auto-subscribing net.mcreator.mofusbetterend.procedures.GuardianGolemSpawnProcedureProcedure to FORGE
[26Sep2025 23:14:38.797] [modloading-worker-0/DEBUG] [net.minecraftforge.fml.javafmlmod.AutomaticEventSubscriber/LOADING]: Auto-subscribing net.mcreator.mofusbetterend.procedures.GliderroarProcedure to FORGE
[26Sep2025 23:14:38.799] [modloading-worker-0/DEBUG] [net.minecraftforge.fml.javafmlmod.AutomaticEventSubscriber/LOADING]: Auto-subscribing net.mcreator.mofusbetterend.procedures.GlassjugusageProcedure to FORGE
[26Sep2025 23:14:38.800] [modloading-worker-0/DEBUG] [net.minecraftforge.fml.javafmlmod.AutomaticEventSubscriber/LOADING]: Auto-subscribing net.mcreator.mofusbetterend.procedures.ForgottenengageProcedure to FORGE
[26Sep2025 23:14:38.800] [modloading-worker-0/DEBUG] [net.minecraftforge.fml.javafmlmod.AutomaticEventSubscriber/LOADING]: Auto-subscribing net.mcreator.mofusbetterend.procedures.EyeGuardianBlockingProcedure to FORGE
[26Sep2025 23:14:38.801] [modloading-worker-0/DEBUG] [net.minecraftforge.fml.javafmlmod.AutomaticEventSubscriber/LOADING]: Auto-subscribing net.mcreator.mofusbetterend.procedures.EndermitesAttackedProcedure to FORGE
[26Sep2025 23:14:38.802] [modloading-worker-0/DEBUG] [net.minecraftforge.fml.javafmlmod.AutomaticEventSubscriber/LOADING]: Auto-subscribing net.mcreator.mofusbetterend.procedures.EndermenpagedropProcedure to FORGE
[26Sep2025 23:14:38.803] [modloading-worker-0/DEBUG] [net.minecraftforge.fml.javafmlmod.AutomaticEventSubscriber/LOADING]: Auto-subscribing net.mcreator.mofusbetterend.procedures.CrestguinNestStickCheckProcedure to FORGE
[26Sep2025 23:14:38.804] [modloading-worker-0/DEBUG] [net.minecraftforge.fml.javafmlmod.AutomaticEventSubscriber/LOADING]: Auto-subscribing net.mcreator.mofusbetterend.procedures.CastlemusicresetProcedure to FORGE
[26Sep2025 23:14:38.806] [modloading-worker-0/DEBUG] [net.minecraftforge.fml.javafmlmod.AutomaticEventSubscriber/LOADING]: Auto-subscribing net.mcreator.mofusbetterend.procedures.CastleMusicProcedure to FORGE
[26Sep2025 23:14:38.807] [modloading-worker-0/DEBUG] [net.minecraftforge.fml.javafmlmod.AutomaticEventSubscriber/LOADING]: Auto-subscribing net.mcreator.mofusbetterend.procedures.CastleMusicPlayProcedure to FORGE
[26Sep2025 23:14:38.807] [modloading-worker-0/DEBUG] [net.minecraftforge.fml.javafmlmod.AutomaticEventSubscriber/LOADING]: Auto-subscribing net.mcreator.mofusbetterend.procedures.CalmthefuckdownProcedure to FORGE
[26Sep2025 23:14:38.808] [modloading-worker-0/DEBUG] [net.minecraftforge.fml.javafmlmod.AutomaticEventSubscriber/LOADING]: Auto-subscribing net.mcreator.mofusbetterend.procedures.BugSnatcherBlockIsPlacedByProcedure to FORGE
[26Sep2025 23:14:38.809] [modloading-worker-0/DEBUG] [net.minecraftforge.fml.javafmlmod.AutomaticEventSubscriber/LOADING]: Auto-subscribing net.mcreator.mofusbetterend.procedures.BleedingeffectProcedure to FORGE
[26Sep2025 23:14:38.811] [modloading-worker-0/DEBUG] [net.minecraftforge.fml.javafmlmod.AutomaticEventSubscriber/LOADING]: Auto-subscribing net.mcreator.mofusbetterend.procedures.BlackwaspAttackedProcedure to FORGE
[26Sep2025 23:14:38.812] [modloading-worker-0/DEBUG] [net.minecraftforge.fml.javafmlmod.AutomaticEventSubscriber/LOADING]: Auto-subscribing net.mcreator.mofusbetterend.procedures.AsteroidElytraeffectProcedure to FORGE
[26Sep2025 23:14:38.813] [modloading-worker-0/DEBUG] [net.minecraftforge.fml.javafmlmod.AutomaticEventSubscriber/LOADING]: Auto-subscribing net.mcreator.mofusbetterend.network.SacredTableGuiSlotMessage to MOD
[26Sep2025 23:14:38.813] [modloading-worker-0/DEBUG] [net.minecraftforge.fml.javafmlmod.AutomaticEventSubscriber/LOADING]: Auto-subscribing net.mcreator.mofusbetterend.network.SacredTableGuiButtonMessage to MOD
[26Sep2025 23:14:38.814] [modloading-worker-0/DEBUG] [net.minecraftforge.fml.javafmlmod.AutomaticEventSubscriber/LOADING]: Auto-subscribing net.mcreator.mofusbetterend.network.NautilusUpMessage to MOD
[26Sep2025 23:14:38.815] [modloading-worker-0/DEBUG] [net.minecraftforge.fml.javafmlmod.AutomaticEventSubscriber/LOADING]: Auto-subscribing net.mcreator.mofusbetterend.network.NautilusThrustMessage to MOD
[26Sep2025 23:14:38.816] [modloading-worker-0/DEBUG] [net.minecraftforge.fml.javafmlmod.AutomaticEventSubscriber/LOADING]: Auto-subscribing net.mcreator.mofusbetterend.network.NautilusForwardMessage to MOD
[26Sep2025 23:14:38.817] [modloading-worker-0/DEBUG] [net.minecraftforge.fml.javafmlmod.AutomaticEventSubscriber/LOADING]: Auto-subscribing net.mcreator.mofusbetterend.network.NautilusDownMessage to MOD
[26Sep2025 23:14:38.817] [modloading-worker-0/DEBUG] [net.minecraftforge.fml.javafmlmod.AutomaticEventSubscriber/LOADING]: Auto-subscribing net.mcreator.mofusbetterend.network.MofusBetterEndModVariables to MOD
[26Sep2025 23:14:38.819] [modloading-worker-0/DEBUG] [net.minecraftforge.fml.javafmlmod.AutomaticEventSubscriber/LOADING]: Auto-subscribing net.mcreator.mofusbetterend.network.MofusBetterEndModVariables$PlayerVariablesProvider to FORGE
[26Sep2025 23:14:38.820] [modloading-worker-0/DEBUG] [net.minecraftforge.fml.javafmlmod.AutomaticEventSubscriber/LOADING]: Auto-subscribing net.mcreator.mofusbetterend.network.MofusBetterEndModVariables$EventBusVariableHandlers to FORGE
[26Sep2025 23:14:38.824] [modloading-worker-0/DEBUG] [net.minecraftforge.fml.javafmlmod.AutomaticEventSubscriber/LOADING]: Auto-subscribing net.mcreator.mofusbetterend.network.MechCreationStationGUISlotMessage to MOD
[26Sep2025 23:14:38.825] [modloading-worker-0/DEBUG] [net.minecraftforge.fml.javafmlmod.AutomaticEventSubscriber/LOADING]: Auto-subscribing net.mcreator.mofusbetterend.network.MechCreationStationGUIButtonMessage to MOD
[26Sep2025 23:14:38.826] [modloading-worker-0/DEBUG] [net.minecraftforge.fml.javafmlmod.AutomaticEventSubscriber/LOADING]: Auto-subscribing net.mcreator.mofusbetterend.network.GrassHopperSuitGuiSlotMessage to MOD
[26Sep2025 23:14:38.826] [modloading-worker-0/DEBUG] [net.minecraftforge.fml.javafmlmod.AutomaticEventSubscriber/LOADING]: Auto-subscribing net.mcreator.mofusbetterend.network.GhSuitWalkrMessage to MOD
[26Sep2025 23:14:38.827] [modloading-worker-0/DEBUG] [net.minecraftforge.fml.javafmlmod.AutomaticEventSubscriber/LOADING]: Auto-subscribing net.mcreator.mofusbetterend.network.GhSuitWalklMessage to MOD
[26Sep2025 23:14:38.828] [modloading-worker-0/DEBUG] [net.minecraftforge.fml.javafmlmod.AutomaticEventSubscriber/LOADING]: Auto-subscribing net.mcreator.mofusbetterend.network.GhSuitWalkfMessage to MOD
[26Sep2025 23:14:38.829] [modloading-worker-0/DEBUG] [net.minecraftforge.fml.javafmlmod.AutomaticEventSubscriber/LOADING]: Auto-subscribing net.mcreator.mofusbetterend.network.GhSuitJumpMessage to MOD
[26Sep2025 23:14:38.830] [modloading-worker-0/DEBUG] [net.minecraftforge.fml.javafmlmod.AutomaticEventSubscriber/LOADING]: Auto-subscribing net.mcreator.mofusbetterend.network.GhSuitInventoryMessage to MOD
[26Sep2025 23:14:38.831] [modloading-worker-0/DEBUG] [net.minecraftforge.fml.javafmlmod.AutomaticEventSubscriber/LOADING]: Auto-subscribing net.mcreator.mofusbetterend.network.GhSuitFlyMessage to MOD
[26Sep2025 23:14:38.832] [modloading-worker-0/DEBUG] [net.minecraftforge.fml.javafmlmod.AutomaticEventSubscriber/LOADING]: Auto-subscribing net.mcreator.mofusbetterend.network.GhSuitAttackMessage to MOD
[26Sep2025 23:14:38.833] [modloading-worker-0/DEBUG] [net.minecraftforge.fml.javafmlmod.AutomaticEventSubscriber/LOADING]: Auto-subscribing net.mcreator.mofusbetterend.network.FlyingmantaupMessage to MOD
[26Sep2025 23:14:38.834] [modloading-worker-0/DEBUG] [net.minecraftforge.fml.javafmlmod.AutomaticEventSubscriber/LOADING]: Auto-subscribing net.mcreator.mofusbetterend.network.FlyingmantadownMessage to MOD
[26Sep2025 23:14:38.835] [modloading-worker-0/DEBUG] [net.minecraftforge.fml.javafmlmod.AutomaticEventSubscriber/LOADING]: Auto-subscribing net.mcreator.mofusbetterend.network.EndstoryBookButtonMessage to MOD
[26Sep2025 23:14:38.836] [modloading-worker-0/DEBUG] [net.minecraftforge.fml.javafmlmod.AutomaticEventSubscriber/LOADING]: Auto-subscribing net.mcreator.mofusbetterend.network.BookOfVoidGUIButtonMessage to MOD
[26Sep2025 23:14:38.837] [modloading-worker-0/DEBUG] [net.minecraftforge.fml.javafmlmod.AutomaticEventSubscriber/LOADING]: Auto-subscribing net.mcreator.mofusbetterend.network.ArmorsAbilitiesMessage to MOD
[26Sep2025 23:14:38.838] [modloading-worker-0/DEBUG] [net.minecraftforge.fml.javafmlmod.AutomaticEventSubscriber/LOADING]: Auto-subscribing net.mcreator.mofusbetterend.init.MofusBetterEndModSurfaceRules to FORGE
[26Sep2025 23:14:38.839] [modloading-worker-0/DEBUG] [net.minecraftforge.fml.javafmlmod.AutomaticEventSubscriber/LOADING]: Auto-subscribing net.mcreator.mofusbetterend.init.MofusBetterEndModEntities to MOD
[26Sep2025 23:14:38.839] [modloading-worker-0/DEBUG] [net.minecraftforge.fml.javafmlmod.AutomaticEventSubscriber/LOADING]: Auto-subscribing net.mcreator.mofusbetterend.init.MofusBetterEndModEndBiomes to MOD
[26Sep2025 23:14:38.842] [modloading-worker-0/DEBUG] [net.minecraftforge.fml.javafmlmod.AutomaticEventSubscriber/LOADING]: Auto-subscribing net.mcreator.mofusbetterend.init.ItemAnimationFactory to FORGE
[26Sep2025 23:14:38.844] [modloading-worker-0/DEBUG] [net.minecraftforge.fml.javafmlmod.AutomaticEventSubscriber/LOADING]: Auto-subscribing net.mcreator.mofusbetterend.init.EntityAnimationFactory to FORGE
[26Sep2025 23:14:38.845] [modloading-worker-0/DEBUG] [net.minecraftforge.fml.javafmlmod.AutomaticEventSubscriber/LOADING]: Auto-subscribing net.mcreator.mofusbetterend.init.ArmorAnimationFactory to FORGE
[26Sep2025 23:14:38.846] [modloading-worker-0/DEBUG] [net.minecraftforge.fml.javafmlmod.AutomaticEventSubscriber/LOADING]: Auto-subscribing net.mcreator.mofusbetterend.block.listener.ClientListener to MOD
[26Sep2025 23:14:38.900] [modloading-worker-0/DEBUG] [mixin/]: Mixing components.ClickEventMixin from kubejs-common.mixins.json into net.minecraft.network.chat.ClickEvent
[26Sep2025 23:14:38.900] [modloading-worker-0/DEBUG] [mixin/]: Renaming synthetic method lambda$toJsonJS$0(Lcom/google/gson/JsonObject;)V to md139335$lambda$toJsonJS$0$0 in kubejs-common.mixins.json:components.ClickEventMixin
[26Sep2025 23:14:38.954] [modloading-worker-0/DEBUG] [mixin/]: Mixing DifferenceIngredientMixin from kubejs-forge.mixins.json into net.minecraftforge.common.crafting.DifferenceIngredient
[26Sep2025 23:14:38.957] [modloading-worker-0/DEBUG] [mixin/]: Mixing TrivialIngredientsMixin from kubejs-forge.mixins.json into net.minecraftforge.common.crafting.PartialNBTIngredient
[26Sep2025 23:14:38.958] [modloading-worker-0/DEBUG] [mixin/]: Mixing TrivialIngredientsMixin from kubejs-forge.mixins.json into net.minecraftforge.common.crafting.StrictNBTIngredient
[26Sep2025 23:14:39.023] [modloading-worker-0/DEBUG] [mixin/]: Mixing accessor.BoundingBoxAccessor from yungsapi.mixins.json into net.minecraft.world.level.levelgen.structure.BoundingBox
[26Sep2025 23:14:39.079] [modloading-worker-0/INFO] [KubeJS Startup/]: example.js#5: Hello, World! (Loaded startup scripts)
[26Sep2025 23:14:39.081] [modloading-worker-0/INFO] [KubeJS Startup/]: Loaded script startup_scripts:example.js in 0.039 s
[26Sep2025 23:14:39.091] [modloading-worker-0/INFO] [KubeJS Startup/]: Loaded script addonpack_alienevo:kubejs_scripts/wall_run_up.js in 0.009 s
[26Sep2025 23:14:39.092] [modloading-worker-0/INFO] [KubeJS Startup/]: Loaded script addonpack_alienevo:kubejs_scripts/wall_run_down.js in 0.001 s
[26Sep2025 23:14:39.106] [modloading-worker-0/INFO] [KubeJS Startup/]: addonpack_alienevo:kubejs_scripts/wall_run.js#1: Loaded Java class 'net.minecraft.world.level.ClipContext'
[26Sep2025 23:14:39.113] [modloading-worker-0/INFO] [KubeJS Startup/]: addonpack_alienevo:kubejs_scripts/wall_run.js#51: Loaded Java class 'net.minecraft.network.protocol.game.ClientboundSetEntityMotionPacket'
[26Sep2025 23:14:39.114] [modloading-worker-0/INFO] [KubeJS Startup/]: Loaded script addonpack_alienevo:kubejs_scripts/wall_run.js in 0.021 s
[26Sep2025 23:14:39.121] [modloading-worker-0/INFO] [KubeJS Startup/]: Loaded script addonpack_alienevo:kubejs_scripts/wall_climb_small.js in 0.007 s
[26Sep2025 23:14:39.123] [modloading-worker-0/INFO] [KubeJS Startup/]: Loaded script addonpack_alienevo:kubejs_scripts/wall_climb_move_condition.js in 0.0 s
[26Sep2025 23:14:39.124] [modloading-worker-0/INFO] [KubeJS Startup/]: Loaded script addonpack_alienevo:kubejs_scripts/wall_climb_condition.js in 0.001 s
[26Sep2025 23:14:39.131] [modloading-worker-0/INFO] [KubeJS Startup/]: Loaded script addonpack_alienevo:kubejs_scripts/wall_climb.js in 0.007 s
[26Sep2025 23:14:39.147] [modloading-worker-0/INFO] [KubeJS Startup/]: Loaded script addonpack_alienevo:kubejs_scripts/transform.js in 0.016 s
[26Sep2025 23:14:39.151] [modloading-worker-0/INFO] [KubeJS Startup/]: Loaded script addonpack_alienevo:kubejs_scripts/store_armor.js in 0.004 s
[26Sep2025 23:14:39.155] [modloading-worker-0/INFO] [KubeJS Startup/]: Loaded script addonpack_alienevo:kubejs_scripts/stat_ability.js in 0.003 s
[26Sep2025 23:14:39.177] [modloading-worker-0/INFO] [KubeJS Startup/]: Loaded script addonpack_alienevo:kubejs_scripts/spawn_particles_block.js in 0.022 s
[26Sep2025 23:14:39.183] [modloading-worker-0/INFO] [KubeJS Startup/]: Loaded script addonpack_alienevo:kubejs_scripts/sounds.js in 0.004 s
[26Sep2025 23:14:39.205] [modloading-worker-0/INFO] [KubeJS Startup/]: Loaded script addonpack_alienevo:kubejs_scripts/slot_transform.js in 0.022 s
[26Sep2025 23:14:39.207] [modloading-worker-0/INFO] [KubeJS Startup/]: Loaded script addonpack_alienevo:kubejs_scripts/screen_shake.js in 0.002 s
[26Sep2025 23:14:39.232] [modloading-worker-0/DEBUG] [mixin/]: Mixing collections.attributes.AttributeContainerMixin from lithium.mixins.json into net.minecraft.world.entity.ai.attributes.AttributeMap
[26Sep2025 23:14:39.235] [modloading-worker-0/DEBUG] [mixin/]: lithium.mixins.json:collections.attributes.AttributeContainerMixin: Class version 61 required is higher than the class version supported by the current version of Mixin (JAVA_16 supports class version 60)
[26Sep2025 23:14:39.241] [modloading-worker-0/DEBUG] [mixin/]: Mixing compat116plus.TargetPredicateMixin from pehkui.mixins.json into net.minecraft.world.entity.ai.targeting.TargetingConditions
[26Sep2025 23:14:39.244] [modloading-worker-0/DEBUG] [mixin/]: Mixing CombatTrackerAccessor from playerrevive.mixins.json into net.minecraft.world.damagesource.CombatTracker
[26Sep2025 23:14:39.252] [modloading-worker-0/DEBUG] [mixin/]: Mixing ai.task.launch.BrainMixin from lithium.mixins.json into net.minecraft.world.entity.ai.Brain
[26Sep2025 23:14:39.252] [modloading-worker-0/DEBUG] [mixin/]: lithium.mixins.json:ai.task.launch.BrainMixin: Class version 61 required is higher than the class version supported by the current version of Mixin (JAVA_16 supports class version 60)
[26Sep2025 23:14:39.256] [modloading-worker-0/DEBUG] [mixin/]: Mixing ai.task.memory_change_counting.BrainMixin from lithium.mixins.json into net.minecraft.world.entity.ai.Brain
[26Sep2025 23:14:39.256] [modloading-worker-0/DEBUG] [mixin/]: lithium.mixins.json:ai.task.memory_change_counting.BrainMixin: Class version 61 required is higher than the class version supported by the current version of Mixin (JAVA_16 supports class version 60)
[26Sep2025 23:14:39.257] [modloading-worker-0/DEBUG] [mixin/]: Mixing collections.brain.BrainMixin from lithium.mixins.json into net.minecraft.world.entity.ai.Brain
[26Sep2025 23:14:39.257] [modloading-worker-0/DEBUG] [mixin/]: lithium.mixins.json:collections.brain.BrainMixin: Class version 61 required is higher than the class version supported by the current version of Mixin (JAVA_16 supports class version 60)
[26Sep2025 23:14:39.259] [modloading-worker-0/DEBUG] [mixin/]: Mixing accessor.BrainAccessor from moonlight-common.mixins.json into net.minecraft.world.entity.ai.Brain
[26Sep2025 23:14:39.287] [modloading-worker-0/DEBUG] [mixin/]: Mixing IEnergyStorageMixin from palladium.mixins.json into net.threetag.palladium.energy.IEnergyStorage
[26Sep2025 23:14:39.293] [modloading-worker-0/INFO] [KubeJS Startup/]: addonpack_alienevo:kubejs_scripts/rolling_mechanics.js#117: Loaded Java class 'net.minecraft.world.entity.LivingEntity'
[26Sep2025 23:14:39.295] [modloading-worker-0/INFO] [KubeJS Startup/]: Loaded script addonpack_alienevo:kubejs_scripts/rolling_mechanics.js in 0.088 s
[26Sep2025 23:14:39.297] [modloading-worker-0/INFO] [KubeJS Startup/]: Loaded script addonpack_alienevo:kubejs_scripts/recharge.js in 0.002 s
[26Sep2025 23:14:39.298] [modloading-worker-0/INFO] [KubeJS Startup/]: Loaded script addonpack_alienevo:kubejs_scripts/quick_change_wheel_condition.js in 0.001 s
[26Sep2025 23:14:39.299] [modloading-worker-0/INFO] [KubeJS Startup/]: Loaded script addonpack_alienevo:kubejs_scripts/quick_change.js in 0.001 s
[26Sep2025 23:14:39.300] [modloading-worker-0/INFO] [KubeJS Startup/]: Loaded script addonpack_alienevo:kubejs_scripts/pyro_surf.js in 0.001 s
[26Sep2025 23:14:39.304] [modloading-worker-0/INFO] [KubeJS Startup/]: addonpack_alienevo:kubejs_scripts/projectile.js#2: Loaded Java class 'net.minecraft.world.phys.Vec3'
[26Sep2025 23:14:39.305] [modloading-worker-0/INFO] [KubeJS Startup/]: Loaded script addonpack_alienevo:kubejs_scripts/projectile.js in 0.003 s
[26Sep2025 23:14:39.308] [modloading-worker-0/INFO] [KubeJS Startup/]: Loaded script addonpack_alienevo:kubejs_scripts/predator_vision.js in 0.003 s
[26Sep2025 23:14:39.312] [modloading-worker-0/INFO] [KubeJS Startup/]: Loaded script addonpack_alienevo:kubejs_scripts/playlist_cycle.js in 0.001 s
[26Sep2025 23:14:39.321] [modloading-worker-0/INFO] [KubeJS Startup/]: Loaded script addonpack_alienevo:kubejs_scripts/ore_detect.js in 0.009 s
[26Sep2025 23:14:39.335] [modloading-worker-0/INFO] [KubeJS Startup/]: Loaded script addonpack_alienevo:kubejs_scripts/omnitrix_timer.js in 0.012 s
[26Sep2025 23:14:39.338] [modloading-worker-0/INFO] [KubeJS Startup/]: Loaded script addonpack_alienevo:kubejs_scripts/omnitrix_cycle_animation.js in 0.002 s
[26Sep2025 23:14:39.348] [modloading-worker-0/INFO] [KubeJS Startup/]: Loaded script addonpack_alienevo:kubejs_scripts/omnitrix_cycle.js in 0.008 s
[26Sep2025 23:14:39.349] [modloading-worker-0/INFO] [KubeJS Startup/]: Loaded script addonpack_alienevo:kubejs_scripts/omni_properties.js in 0.001 s
[26Sep2025 23:14:39.350] [modloading-worker-0/INFO] [KubeJS Startup/]: Loaded script addonpack_alienevo:kubejs_scripts/motion_water.js in 0.001 s
[26Sep2025 23:14:39.357] [modloading-worker-0/INFO] [KubeJS Startup/]: Loaded script addonpack_alienevo:kubejs_scripts/motion_to_entity.js in 0.007 s
[26Sep2025 23:14:39.361] [modloading-worker-0/INFO] [KubeJS Startup/]: Loaded script addonpack_alienevo:kubejs_scripts/motion_dash.js in 0.001 s
[26Sep2025 23:14:39.363] [modloading-worker-0/INFO] [KubeJS Startup/]: Loaded script addonpack_alienevo:kubejs_scripts/motion.js in 0.0 s
[26Sep2025 23:14:39.368] [modloading-worker-0/INFO] [KubeJS Startup/]: Loaded script addonpack_alienevo:kubejs_scripts/items.js in 0.005 s
[26Sep2025 23:14:39.371] [modloading-worker-0/INFO] [KubeJS Startup/]: Loaded script addonpack_alienevo:kubejs_scripts/is_alien.js in 0.003 s
[26Sep2025 23:14:39.372] [modloading-worker-0/INFO] [KubeJS Startup/]: Loaded script addonpack_alienevo:kubejs_scripts/invulnerable.js in 0.001 s
[26Sep2025 23:14:39.376] [modloading-worker-0/INFO] [KubeJS Startup/]: Loaded script addonpack_alienevo:kubejs_scripts/infinity.js in 0.004 s
[26Sep2025 23:14:39.381] [modloading-worker-0/INFO] [KubeJS Startup/]: Loaded script addonpack_alienevo:kubejs_scripts/ice_layer.js in 0.004 s
[26Sep2025 23:14:39.381] [modloading-worker-0/INFO] [KubeJS Startup/]: Loaded script addonpack_alienevo:kubejs_scripts/hunger_fix.js in 0.0 s
[26Sep2025 23:14:39.388] [modloading-worker-0/INFO] [KubeJS Startup/]: Loaded script addonpack_alienevo:kubejs_scripts/ground_slam.js in 0.006 s
[26Sep2025 23:14:39.391] [modloading-worker-0/INFO] [KubeJS Startup/]: Loaded script addonpack_alienevo:kubejs_scripts/grapple.js in 0.003 s
[26Sep2025 23:14:39.393] [modloading-worker-0/INFO] [KubeJS Startup/]: Loaded script addonpack_alienevo:kubejs_scripts/goo_fire.js in 0.002 s
[26Sep2025 23:14:39.396] [modloading-worker-0/INFO] [KubeJS Startup/]: Loaded script addonpack_alienevo:kubejs_scripts/glow_crystals.js in 0.002 s
[26Sep2025 23:14:39.402] [modloading-worker-0/INFO] [KubeJS Startup/]: Loaded script addonpack_alienevo:kubejs_scripts/glide.js in 0.002 s
[26Sep2025 23:14:39.410] [modloading-worker-0/INFO] [KubeJS Startup/]: Loaded script addonpack_alienevo:kubejs_scripts/galvan_blueprints.js in 0.008 s
[26Sep2025 23:14:39.411] [modloading-worker-0/INFO] [KubeJS Startup/]: Loaded script addonpack_alienevo:kubejs_scripts/freeze_immunity.js in 0.001 s
[26Sep2025 23:14:39.412] [modloading-worker-0/INFO] [KubeJS Startup/]: addonpack_alienevo:kubejs_scripts/flatten.js#1: Loaded Java class 'virtuoel.pehkui.api.ScaleTypes'
[26Sep2025 23:14:39.415] [modloading-worker-0/INFO] [KubeJS Startup/]: Loaded script addonpack_alienevo:kubejs_scripts/flatten.js in 0.004 s
[26Sep2025 23:14:39.417] [modloading-worker-0/INFO] [KubeJS Startup/]: Loaded script addonpack_alienevo:kubejs_scripts/fire_immunity.js in 0.002 s
[26Sep2025 23:14:39.430] [modloading-worker-0/INFO] [KubeJS Startup/]: Loaded script addonpack_alienevo:kubejs_scripts/fire_absorb.js in 0.012 s
[26Sep2025 23:14:39.431] [modloading-worker-0/INFO] [KubeJS Startup/]: Loaded script addonpack_alienevo:kubejs_scripts/explosion.js in 0.001 s
[26Sep2025 23:14:39.434] [modloading-worker-0/INFO] [KubeJS Startup/]: Loaded script addonpack_alienevo:kubejs_scripts/entity_damage.js in 0.003 s
[26Sep2025 23:14:39.438] [modloading-worker-0/INFO] [KubeJS Startup/]: Loaded script addonpack_alienevo:kubejs_scripts/draganoid.js in 0.004 s
[26Sep2025 23:14:39.439] [modloading-worker-0/INFO] [KubeJS Startup/]: Loaded script addonpack_alienevo:kubejs_scripts/directional_damage.js in 0.001 s
[26Sep2025 23:14:39.449] [modloading-worker-0/INFO] [KubeJS Startup/]: Loaded script addonpack_alienevo:kubejs_scripts/diamond_creation.js in 0.009 s
[26Sep2025 23:14:39.450] [modloading-worker-0/INFO] [KubeJS Startup/]: Loaded script addonpack_alienevo:kubejs_scripts/detransform.js in 0.001 s
[26Sep2025 23:14:39.462] [modloading-worker-0/INFO] [KubeJS Startup/]: Loaded script addonpack_alienevo:kubejs_scripts/decouple.js in 0.011 s
[26Sep2025 23:14:39.463] [modloading-worker-0/INFO] [KubeJS Startup/]: Loaded script addonpack_alienevo:kubejs_scripts/damage_effect.js in 0.001 s
[26Sep2025 23:14:39.465] [modloading-worker-0/INFO] [KubeJS Startup/]: Loaded script addonpack_alienevo:kubejs_scripts/cycle_sounds.js in 0.0 s
[26Sep2025 23:14:39.465] [modloading-worker-0/INFO] [KubeJS Startup/]: Loaded script addonpack_alienevo:kubejs_scripts/current_alien_nickname_condition.js in 0.0 s
[26Sep2025 23:14:39.472] [modloading-worker-0/INFO] [KubeJS Startup/]: Loaded script addonpack_alienevo:kubejs_scripts/crystal_pillar.js in 0.006 s
[26Sep2025 23:14:39.479] [modloading-worker-0/INFO] [KubeJS Startup/]: Loaded script addonpack_alienevo:kubejs_scripts/core_removal.js in 0.006 s
[26Sep2025 23:14:39.482] [modloading-worker-0/INFO] [KubeJS Startup/]: Loaded script addonpack_alienevo:kubejs_scripts/color_modules.js in 0.003 s
[26Sep2025 23:14:39.484] [modloading-worker-0/INFO] [KubeJS Startup/]: Loaded script addonpack_alienevo:kubejs_scripts/codes.js in 0.002 s
[26Sep2025 23:14:39.485] [modloading-worker-0/INFO] [KubeJS Startup/]: Loaded script addonpack_alienevo:kubejs_scripts/charge_leap.js in 0.001 s
[26Sep2025 23:14:39.487] [modloading-worker-0/INFO] [KubeJS Startup/]: Loaded script addonpack_alienevo:kubejs_scripts/bounce.js in 0.002 s
[26Sep2025 23:14:39.490] [modloading-worker-0/DEBUG] [mixin/]: Mixing v1_19_4_forge.NbtAccounterMixin from packetfixer.v1_19_4.forge.mixins.json into net.minecraft.nbt.NbtAccounter
[26Sep2025 23:14:39.493] [modloading-worker-0/INFO] [KubeJS Startup/]: addonpack_alienevo:kubejs_scripts/blocks.js#1: Loaded Java class 'net.minecraft.nbt.CompoundTag'
[26Sep2025 23:14:39.494] [modloading-worker-0/INFO] [KubeJS Startup/]: Loaded script addonpack_alienevo:kubejs_scripts/blocks.js in 0.007 s
[26Sep2025 23:14:39.496] [modloading-worker-0/INFO] [KubeJS Startup/]: Loaded script addonpack_alienevo:kubejs_scripts/block_wave.js in 0.002 s
[26Sep2025 23:14:39.497] [modloading-worker-0/INFO] [KubeJS Startup/]: Loaded script addonpack_alienevo:kubejs_scripts/behind.js in 0.001 s
[26Sep2025 23:14:39.503] [modloading-worker-0/INFO] [KubeJS Startup/]: Loaded script addonpack_alienevo:kubejs_scripts/astro_powers.js in 0.005 s
[26Sep2025 23:14:39.504] [modloading-worker-0/INFO] [KubeJS Startup/]: Loaded script addonpack_alienevo:kubejs_scripts/alienevo_watch_condition.js in 0.001 s
[26Sep2025 23:14:39.506] [modloading-worker-0/INFO] [KubeJS Startup/]: Loaded script addonpack_alienevo:kubejs_scripts/alienevo_color_condition.js in 0.001 s
[26Sep2025 23:14:39.512] [modloading-worker-0/INFO] [KubeJS Startup/]: addonpack_alienevo:kubejs_scripts/alien_codex.js#1: Loaded Java class 'net.minecraft.network.chat.Component'
[26Sep2025 23:14:39.516] [modloading-worker-0/INFO] [KubeJS Startup/]: Loaded script addonpack_alienevo:kubejs_scripts/alien_codex.js in 0.01 s
[26Sep2025 23:14:39.518] [modloading-worker-0/INFO] [KubeJS Startup/]: Loaded script addonpack_afomni:kubejs_scripts/new_ice_block.js in 0.001 s
[26Sep2025 23:14:39.518] [modloading-worker-0/INFO] [KubeJS Startup/]: Loaded script addonpack_afomni:kubejs_scripts/leap_vax.js in 0.0 s
[26Sep2025 23:14:39.519] [modloading-worker-0/INFO] [KubeJS Startup/]: Loaded script addonpack_afomni:kubejs_scripts/is_mainhand.js in 0.001 s
[26Sep2025 23:14:39.519] [modloading-worker-0/INFO] [KubeJS Startup/]: Loaded script addonpack_afomni:kubejs_scripts/freezing_effect.js in 0.0 s
[26Sep2025 23:14:39.521] [modloading-worker-0/INFO] [KubeJS Startup/]: Loaded script addonpack_afomni:kubejs_scripts/chroma_leap.js in 0.0 s
[26Sep2025 23:14:39.522] [modloading-worker-0/INFO] [KubeJS Startup/]: Loaded script addonpack_afomni:kubejs_scripts/aoe_damage.js in 0.0 s
[26Sep2025 23:14:39.523] [modloading-worker-0/INFO] [KubeJS Startup/]: Loaded script addonpack_mypowers:kubejs_scripts/teleport.js in 0.001 s
[26Sep2025 23:14:39.524] [modloading-worker-0/INFO] [KubeJS Startup/]: Loaded script addonpack_mypowers:kubejs_scripts/telekinesis.js in 0.001 s
[26Sep2025 23:14:39.524] [modloading-worker-0/INFO] [KubeJS Startup/]: Loaded script addonpack_mypowers:kubejs_scripts/nullvoid_soil.js in 0.0 s
[26Sep2025 23:14:39.525] [modloading-worker-0/INFO] [KubeJS Startup/]: Loaded script addonpack_mypowers:kubejs_scripts/alien_codex.js in 0.0 s
[26Sep2025 23:14:39.527] [modloading-worker-0/DEBUG] [mixin/]: Mixing compat117plus.ProjectileUtilMixin from pehkui.mixins.json into net.minecraft.world.entity.projectile.ProjectileUtil
[26Sep2025 23:14:39.529] [modloading-worker-0/DEBUG] [mixin/]: Mixing compat1202minus.compat120plus.ProjectileUtilMixin from pehkui.mixins.json into net.minecraft.world.entity.projectile.ProjectileUtil
[26Sep2025 23:14:39.536] [modloading-worker-0/INFO] [KubeJS Startup/]: addonpack_grave.core:kubejs_scripts/telekinesis.js#3: Loaded Java class 'net.minecraft.world.entity.projectile.ProjectileUtil'
[26Sep2025 23:14:39.537] [modloading-worker-0/INFO] [KubeJS Startup/]: addonpack_grave.core:kubejs_scripts/telekinesis.js#4: Loaded Java class 'net.minecraft.core.registries.Registries'
[26Sep2025 23:14:39.538] [modloading-worker-0/INFO] [KubeJS Startup/]: addonpack_grave.core:kubejs_scripts/telekinesis.js#5: Loaded Java class 'net.minecraft.tags.TagKey'
[26Sep2025 23:14:39.538] [modloading-worker-0/INFO] [KubeJS Startup/]: Loaded script addonpack_grave.core:kubejs_scripts/telekinesis.js in 0.013 s
[26Sep2025 23:14:39.540] [modloading-worker-0/INFO] [KubeJS Startup/]: Loaded script addonpack_grave.core:kubejs_scripts/store_armour.js in 0.0 s
[26Sep2025 23:14:39.541] [modloading-worker-0/INFO] [KubeJS Startup/]: Loaded script addonpack_grave.core:kubejs_scripts/stone_index.js in 0.001 s
[26Sep2025 23:14:39.542] [modloading-worker-0/INFO] [KubeJS Startup/]: Loaded script addonpack_grave.core:kubejs_scripts/stone_detection.js in 0.0 s
[26Sep2025 23:14:39.543] [modloading-worker-0/INFO] [KubeJS Startup/]: Loaded script addonpack_grave.core:kubejs_scripts/sonic_deafening.js in 0.0 s
[26Sep2025 23:14:39.544] [modloading-worker-0/INFO] [KubeJS Startup/]: Loaded script addonpack_grave.core:kubejs_scripts/shock_effect.js in 0.0 s
[26Sep2025 23:14:39.545] [modloading-worker-0/INFO] [KubeJS Startup/]: Loaded script addonpack_grave.core:kubejs_scripts/power_selected.js in 0.0 s
[26Sep2025 23:14:39.546] [modloading-worker-0/INFO] [KubeJS Startup/]: Loaded script addonpack_grave.core:kubejs_scripts/persistent_data_condition.js in 0.0 s
[26Sep2025 23:14:39.546] [modloading-worker-0/INFO] [KubeJS Startup/]: Loaded script addonpack_grave.core:kubejs_scripts/null_persistent_data_condition.js in 0.0 s
[26Sep2025 23:14:39.547] [modloading-worker-0/INFO] [KubeJS Startup/]: Loaded script addonpack_grave.core:kubejs_scripts/month_condition.js in 0.0 s
[26Sep2025 23:14:39.549] [modloading-worker-0/INFO] [KubeJS Startup/]: Loaded script addonpack_grave.core:kubejs_scripts/knockback.js in 0.001 s
[26Sep2025 23:14:39.551] [modloading-worker-0/INFO] [KubeJS Startup/]: Loaded script addonpack_grave.core:kubejs_scripts/key_condition.js in 0.001 s
[26Sep2025 23:14:39.554] [modloading-worker-0/INFO] [KubeJS Startup/]: Loaded script addonpack_grave.core:kubejs_scripts/items.js in 0.003 s
[26Sep2025 23:14:39.555] [modloading-worker-0/INFO] [KubeJS Startup/]: addonpack_grave.core:kubejs_scripts/get_energy_condition.js#2: Loaded Java class 'net.threetag.palladium.compat.curiostinkets.CuriosTrinketsUtil'
[26Sep2025 23:14:39.556] [modloading-worker-0/INFO] [KubeJS Startup/]: addonpack_grave.core:kubejs_scripts/get_energy_condition.js#3: Loaded Java class 'net.threetag.palladium.energy.EnergyHelper'
[26Sep2025 23:14:39.557] [modloading-worker-0/INFO] [KubeJS Startup/]: Loaded script addonpack_grave.core:kubejs_scripts/get_energy_condition.js in 0.003 s
[26Sep2025 23:14:39.558] [modloading-worker-0/INFO] [KubeJS Startup/]: Loaded script addonpack_grave.core:kubejs_scripts/freeze_effect.js in 0.001 s
[26Sep2025 23:14:39.560] [modloading-worker-0/INFO] [KubeJS Startup/]: addonpack_grave.core:kubejs_scripts/effect_condition.js#6: Loaded Java class 'net.minecraft.core.registries.BuiltInRegistries'
[26Sep2025 23:14:39.561] [modloading-worker-0/INFO] [KubeJS Startup/]: Loaded script addonpack_grave.core:kubejs_scripts/effect_condition.js in 0.003 s
[26Sep2025 23:14:39.563] [modloading-worker-0/INFO] [KubeJS Startup/]: addonpack_grave.core:kubejs_scripts/dynamic_pehkui_scale.js#1: Loaded Java class 'net.threetag.palladium.util.SizeUtil'
[26Sep2025 23:14:39.563] [modloading-worker-0/INFO] [KubeJS Startup/]: Loaded script addonpack_grave.core:kubejs_scripts/dynamic_pehkui_scale.js in 0.002 s
[26Sep2025 23:14:39.564] [modloading-worker-0/INFO] [KubeJS Startup/]: Loaded script addonpack_grave.core:kubejs_scripts/drain_per_tick.js in 0.0 s
[26Sep2025 23:14:39.565] [modloading-worker-0/INFO] [KubeJS Startup/]: Loaded script addonpack_grave.core:kubejs_scripts/drain_accessory_energy.js in 0.0 s
[26Sep2025 23:14:39.566] [modloading-worker-0/INFO] [KubeJS Startup/]: Loaded script addonpack_grave.core:kubejs_scripts/does_accessory_have_energy.js in 0.0 s
[26Sep2025 23:14:39.568] [modloading-worker-0/INFO] [KubeJS Startup/]: Loaded script addonpack_grave.core:kubejs_scripts/does_accessory_exist.js in 0.0 s
[26Sep2025 23:14:39.569] [modloading-worker-0/INFO] [KubeJS Startup/]: Loaded script addonpack_grave.core:kubejs_scripts/depricated_conditions/uuid_condition.js in 0.0 s
[26Sep2025 23:14:39.569] [modloading-worker-0/INFO] [KubeJS Startup/]: Loaded script addonpack_grave.core:kubejs_scripts/depricated_conditions/main_hand_condition.js in 0.0 s
[26Sep2025 23:14:39.570] [modloading-worker-0/INFO] [KubeJS Startup/]: Loaded script addonpack_grave.core:kubejs_scripts/depricated_abilities/snazzier_attribute_ability.js in 0.001 s
[26Sep2025 23:14:39.571] [modloading-worker-0/INFO] [KubeJS Startup/]: Loaded script addonpack_grave.core:kubejs_scripts/depricated_abilities/setppbyscore.js in 0.001 s
[26Sep2025 23:14:39.573] [modloading-worker-0/INFO] [KubeJS Startup/]: Loaded script addonpack_grave.core:kubejs_scripts/depricated_abilities/projectile_script.js in 0.001 s
[26Sep2025 23:14:39.574] [modloading-worker-0/INFO] [KubeJS Startup/]: Loaded script addonpack_grave.core:kubejs_scripts/depricated_abilities/no_burn.js in 0.0 s
[26Sep2025 23:14:39.575] [modloading-worker-0/INFO] [KubeJS Startup/]: Loaded script addonpack_grave.core:kubejs_scripts/depricated_abilities/movement.js in 0.0 s
[26Sep2025 23:14:39.576] [modloading-worker-0/INFO] [KubeJS Startup/]: Loaded script addonpack_grave.core:kubejs_scripts/depricated_abilities/explosion.js in 0.001 s
[26Sep2025 23:14:39.577] [modloading-worker-0/INFO] [KubeJS Startup/]: Loaded script addonpack_grave.core:kubejs_scripts/depricated_abilities/charged_knockback.js in 0.001 s
[26Sep2025 23:14:39.579] [modloading-worker-0/INFO] [KubeJS Startup/]: Loaded script addonpack_grave.core:kubejs_scripts/depricated_abilities/aoe_knockback.js in 0.001 s
[26Sep2025 23:14:39.580] [modloading-worker-0/INFO] [KubeJS Startup/]: Loaded script addonpack_grave.core:kubejs_scripts/depricated_abilities/aoe_damage.js in 0.001 s
[26Sep2025 23:14:39.581] [modloading-worker-0/INFO] [KubeJS Startup/]: Loaded script addonpack_grave.core:kubejs_scripts/date_condition.js in 0.001 s
[26Sep2025 23:14:39.582] [modloading-worker-0/INFO] [KubeJS Startup/]: Loaded script addonpack_grave.core:kubejs_scripts/compare_accessory_energy.js in 0.0 s
[26Sep2025 23:14:39.583] [modloading-worker-0/INFO] [KubeJS Startup/]: Loaded script addonpack_grave.core:kubejs_scripts/camera.js in 0.0 s
[26Sep2025 23:14:39.584] [modloading-worker-0/INFO] [KubeJS Startup/]: Loaded script addonpack_grave.core:kubejs_scripts/burning_effect.js in 0.0 s
[26Sep2025 23:14:39.585] [modloading-worker-0/INFO] [KubeJS Startup/]: Loaded script addonpack_grave.core:kubejs_scripts/blocks.js in 0.001 s
[26Sep2025 23:14:39.592] [modloading-worker-0/INFO] [KubeJS Startup/]: Loaded 118/118 KubeJS startup scripts in 0.83 s with 0 errors and 0 warnings
[26Sep2025 23:14:39.654] [modloading-worker-0/DEBUG] [mixin/]: Mixing StringTagMixin from rhino-common.mixins.json into net.minecraft.nbt.StringTag
[26Sep2025 23:14:39.658] [modloading-worker-0/ERROR] [net.minecraftforge.fml.loading.RuntimeDistCleaner/DISTXFORM]: Attempted to load class net/minecraft/client/Minecraft for invalid dist DEDICATED_SERVER
[26Sep2025 23:14:39.659] [modloading-worker-0/INFO] [STDERR/]: [dev.latvian.mods.rhino.JavaMembers:getDeclaredMethodsSafe:836]: [Rhino] Failed to get declared methods for net.threetag.palladium.util.icon.ItemIcon: java.lang.RuntimeException: Attempted to load class net/minecraft/client/Minecraft for invalid dist DEDICATED_SERVER
[26Sep2025 23:14:39.671] [modloading-worker-0/ERROR] [net.threetag.palladium.Palladium/]: Failed to register ability property "%s", type "%s" is not supported
[26Sep2025 23:14:39.673] [modloading-worker-0/ERROR] [net.threetag.palladium.Palladium/]: Failed to register ability property "%s", type "%s" is not supported
[26Sep2025 23:14:39.674] [modloading-worker-0/ERROR] [net.threetag.palladium.Palladium/]: Failed to register ability property "%s", type "%s" is not supported
[26Sep2025 23:14:39.687] [modloading-worker-0/INFO] [KubeJS Startup/]: addonpack_alienevo:kubejs_scripts/motion_to_entity.js#6: Loaded Java class 'net.minecraft.world.phys.HitResult'
[26Sep2025 23:14:39.703] [modloading-worker-0/INFO] [KubeJS Startup/]: addonpack_alienevo:kubejs_scripts/motion_to_entity.js#7: Loaded Java class 'net.minecraft.world.entity.decoration.ArmorStand'
[26Sep2025 23:14:39.709] [modloading-worker-0/INFO] [KubeJS Startup/]: addonpack_alienevo:kubejs_scripts/motion_to_entity.js#8: Loaded Java class 'net.minecraft.world.entity.boss.enderdragon.EndCrystal'
[26Sep2025 23:14:39.727] [modloading-worker-0/ERROR] [net.threetag.palladium.Palladium/]: Failed to register ability property "%s", type "%s" is not supported
[26Sep2025 23:14:39.781] [modloading-worker-0/INFO] [dev.architectury.networking.forge.NetworkManagerImpl/]: Registering C2S receiver with id kubejs:send_data_from_client
[26Sep2025 23:14:39.785] [modloading-worker-0/INFO] [dev.architectury.networking.forge.NetworkManagerImpl/]: Registering C2S receiver with id kubejs:first_click
[26Sep2025 23:14:39.792] [modloading-worker-0/DEBUG] [net.minecraftforge.fml.javafmlmod.AutomaticEventSubscriber/LOADING]: Attempting to inject @EventBusSubscriber classes into the eventbus for kubejs
[26Sep2025 23:14:39.809] [main/DEBUG] [net.minecraftforge.fml.DeferredWorkQueue/LOADING]: Dispatching synchronous work for work queue CONSTRUCT: 5 jobs
[26Sep2025 23:14:39.809] [main/INFO] [net.threetag.palladium.Palladium/]: Starting addonpack initialisation...
[26Sep2025 23:14:39.815] [main/ERROR] [net.minecraft.server.packs.AbstractPackResources/]: Couldn't load pack metadata
com.google.gson.JsonSyntaxException: Missing pack_format, expected to find a Int
	at net.minecraft.util.GsonHelper.m_13927_(GsonHelper.java:277) ~[server-1.20.1-20230612.114412-srg.jar%23223!/:?]
	at net.minecraft.server.packs.metadata.pack.PackMetadataSectionSerializer.m_6322_(PackMetadataSectionSerializer.java:15) ~[server-1.20.1-20230612.114412-srg.jar%23223!/:?]
	at net.minecraft.server.packs.metadata.pack.PackMetadataSectionSerializer.m_6322_(PackMetadataSectionSerializer.java:9) ~[server-1.20.1-20230612.114412-srg.jar%23223!/:?]
	at net.minecraft.server.packs.AbstractPackResources.m_10214_(AbstractPackResources.java:52) ~[server-1.20.1-20230612.114412-srg.jar%23223!/:?]
	at net.minecraft.server.packs.AbstractPackResources.m_5550_(AbstractPackResources.java:33) ~[server-1.20.1-20230612.114412-srg.jar%23223!/:?]
	at net.minecraft.server.packs.repository.Pack.m_246334_(Pack.java:60) ~[server-1.20.1-20230612.114412-srg.jar%23223!/:?]
	at net.minecraft.server.packs.repository.Pack.m_245429_(Pack.java:35) ~[server-1.20.1-20230612.114412-srg.jar%23223!/:?]
	at net.threetag.palladium.addonpack.forge.AddonPackManagerImpl$ModPackSource.m_7686_(AddonPackManagerImpl.java:49) ~[palladium-4.2.8+1.20.1-forge.jar%23201!/:4.2.8+1.20.1]
	at net.minecraft.server.packs.repository.PackRepository.m_10526_(PackRepository.java:39) ~[server-1.20.1-20230612.114412-srg.jar%23223!/:?]
	at net.minecraft.server.packs.repository.PackRepository.m_10506_(PackRepository.java:31) ~[server-1.20.1-20230612.114412-srg.jar%23223!/:?]
	at net.threetag.palladium.addonpack.AddonPackManager.beginLoading(AddonPackManager.java:136) ~[palladium-4.2.8+1.20.1-forge.jar%23201!/:4.2.8+1.20.1]
	at net.threetag.palladium.addonpack.AddonPackManager.startLoading(AddonPackManager.java:54) ~[palladium-4.2.8+1.20.1-forge.jar%23201!/:4.2.8+1.20.1]
	at java.util.concurrent.CompletableFuture$AsyncRun.run(CompletableFuture.java:1804) ~[?:?]
	at net.minecraftforge.fml.DeferredWorkQueue.lambda$makeRunnable$2(DeferredWorkQueue.java:81) ~[fmlcore-1.20.1-47.3.7.jar%23224!/:?]
	at net.minecraftforge.fml.DeferredWorkQueue.makeRunnable(DeferredWorkQueue.java:76) ~[fmlcore-1.20.1-47.3.7.jar%23224!/:?]
	at net.minecraftforge.fml.DeferredWorkQueue.lambda$runTasks$0(DeferredWorkQueue.java:60) ~[fmlcore-1.20.1-47.3.7.jar%23224!/:?]
	at java.util.concurrent.ConcurrentLinkedDeque.forEach(ConcurrentLinkedDeque.java:1650) ~[?:?]
	at net.minecraftforge.fml.DeferredWorkQueue.runTasks(DeferredWorkQueue.java:60) ~[fmlcore-1.20.1-47.3.7.jar%23224!/:?]
	at net.minecraftforge.fml.core.ParallelTransition.lambda$finalActivityGenerator$2(ParallelTransition.java:35) ~[forge-1.20.1-47.3.7-universal.jar%23228!/:?]
	at java.util.concurrent.CompletableFuture$UniApply.tryFire(CompletableFuture.java:646) ~[?:?]
	at java.util.concurrent.CompletableFuture$Completion.run(CompletableFuture.java:482) ~[?:?]
	at net.minecraftforge.fml.ModWorkManager$SyncExecutor.driveOne(ModWorkManager.java:43) ~[fmlcore-1.20.1-47.3.7.jar%23224!/:?]
	at net.minecraftforge.fml.ModWorkManager$DrivenExecutor.drive(ModWorkManager.java:28) ~[fmlcore-1.20.1-47.3.7.jar%23224!/:?]
	at net.minecraftforge.fml.ModLoader.waitForTransition(ModLoader.java:224) ~[fmlcore-1.20.1-47.3.7.jar%23224!/:?]
	at net.minecraftforge.fml.ModLoader.lambda$dispatchAndHandleError$20(ModLoader.java:210) ~[fmlcore-1.20.1-47.3.7.jar%23224!/:?]
	at java.util.Optional.ifPresent(Optional.java:178) ~[?:?]
	at net.minecraftforge.fml.ModLoader.dispatchAndHandleError(ModLoader.java:210) ~[fmlcore-1.20.1-47.3.7.jar%23224!/:?]
	at net.minecraftforge.fml.ModLoader.lambda$gatherAndInitializeMods$13(ModLoader.java:183) ~[fmlcore-1.20.1-47.3.7.jar%23224!/:?]
	at java.lang.Iterable.forEach(Iterable.java:75) ~[?:?]
	at net.minecraftforge.fml.ModLoader.gatherAndInitializeMods(ModLoader.java:183) ~[fmlcore-1.20.1-47.3.7.jar%23224!/:?]
	at net.minecraftforge.server.loading.ServerModLoader.load(ServerModLoader.java:30) ~[forge-1.20.1-47.3.7-universal.jar%23228!/:?]
	at net.minecraft.server.Main.main(Main.java:125) ~[server-1.20.1-20230612.114412-srg.jar%23223!/:?]
	at jdk.internal.reflect.NativeMethodAccessorImpl.invoke0(Native Method) ~[?:?]
	at jdk.internal.reflect.NativeMethodAccessorImpl.invoke(NativeMethodAccessorImpl.java:77) ~[?:?]
	at jdk.internal.reflect.DelegatingMethodAccessorImpl.invoke(DelegatingMethodAccessorImpl.java:43) ~[?:?]
	at java.lang.reflect.Method.invoke(Method.java:569) ~[?:?]
	at net.minecraftforge.fml.loading.targets.CommonLaunchHandler.runTarget(CommonLaunchHandler.java:111) ~[fmlloader-1.20.1-47.3.7.jar%2369!/:?]
	at net.minecraftforge.fml.loading.targets.CommonLaunchHandler.serverService(CommonLaunchHandler.java:103) ~[fmlloader-1.20.1-47.3.7.jar%2369!/:?]
	at net.minecraftforge.fml.loading.targets.CommonServerLaunchHandler.lambda$makeService$0(CommonServerLaunchHandler.java:27) ~[fmlloader-1.20.1-47.3.7.jar%2369!/:?]
	at cpw.mods.modlauncher.LaunchServiceHandlerDecorator.launch(LaunchServiceHandlerDecorator.java:30) ~[modlauncher-10.0.9.jar%2355!/:?]
	at cpw.mods.modlauncher.LaunchServiceHandler.launch(LaunchServiceHandler.java:53) ~[modlauncher-10.0.9.jar%2355!/:?]
	at cpw.mods.modlauncher.LaunchServiceHandler.launch(LaunchServiceHandler.java:71) ~[modlauncher-10.0.9.jar%2355!/:?]
	at cpw.mods.modlauncher.Launcher.run(Launcher.java:108) ~[modlauncher-10.0.9.jar%2355!/:?]
	at cpw.mods.modlauncher.Launcher.main(Launcher.java:78) ~[modlauncher-10.0.9.jar%2355!/:?]
	at cpw.mods.modlauncher.BootstrapLaunchConsumer.accept(BootstrapLaunchConsumer.java:26) ~[modlauncher-10.0.9.jar%2355!/:?]
	at cpw.mods.modlauncher.BootstrapLaunchConsumer.accept(BootstrapLaunchConsumer.java:23) ~[modlauncher-10.0.9.jar%2355!/:?]
	at cpw.mods.bootstraplauncher.BootstrapLauncher.main(BootstrapLauncher.java:141) ~[bootstraplauncher-1.1.2.jar:?]
[26Sep2025 23:14:39.819] [main/WARN] [net.minecraft.server.packs.repository.Pack/]: Missing metadata in pack mod:minecraft
[26Sep2025 23:14:39.826] [main/INFO] [net.threetag.palladium.Palladium/]: Skipping mod:alexsmobs as it's not been marked as an addonpack
[26Sep2025 23:14:39.826] [main/ERROR] [net.threetag.palladium.Palladium/]: Cannot invoke "net.threetag.palladium.addonpack.PackData.getId()" because "packData" is null
[26Sep2025 23:14:39.833] [main/INFO] [net.threetag.palladium.Palladium/]: Skipping mod:amendments as it's not been marked as an addonpack
[26Sep2025 23:14:39.834] [main/ERROR] [net.threetag.palladium.Palladium/]: Cannot invoke "net.threetag.palladium.addonpack.PackData.getId()" because "packData" is null
[26Sep2025 23:14:39.834] [main/INFO] [net.threetag.palladium.Palladium/]: Skipping mod:architectury as it's not been marked as an addonpack
[26Sep2025 23:14:39.835] [main/ERROR] [net.threetag.palladium.Palladium/]: Cannot invoke "net.threetag.palladium.addonpack.PackData.getId()" because "packData" is null
[26Sep2025 23:14:39.835] [main/INFO] [net.threetag.palladium.Palladium/]: Skipping mod:betterendcities as it's not been marked as an addonpack
[26Sep2025 23:14:39.836] [main/ERROR] [net.threetag.palladium.Palladium/]: Cannot invoke "net.threetag.palladium.addonpack.PackData.getId()" because "packData" is null
[26Sep2025 23:14:39.836] [main/INFO] [net.threetag.palladium.Palladium/]: Skipping mod:betterendisland as it's not been marked as an addonpack
[26Sep2025 23:14:39.837] [main/ERROR] [net.threetag.palladium.Palladium/]: Cannot invoke "net.threetag.palladium.addonpack.PackData.getId()" because "packData" is null
[26Sep2025 23:14:39.837] [main/INFO] [net.threetag.palladium.Palladium/]: Skipping mod:bettervillage as it's not been marked as an addonpack
[26Sep2025 23:14:39.838] [main/ERROR] [net.threetag.palladium.Palladium/]: Cannot invoke "net.threetag.palladium.addonpack.PackData.getId()" because "packData" is null
[26Sep2025 23:14:39.838] [main/INFO] [net.threetag.palladium.Palladium/]: Skipping mod:blueprint as it's not been marked as an addonpack
[26Sep2025 23:14:39.839] [main/ERROR] [net.threetag.palladium.Palladium/]: Cannot invoke "net.threetag.palladium.addonpack.PackData.getId()" because "packData" is null
[26Sep2025 23:14:39.839] [main/INFO] [net.threetag.palladium.Palladium/]: Skipping mod:boiled_reimagined as it's not been marked as an addonpack
[26Sep2025 23:14:39.840] [main/ERROR] [net.threetag.palladium.Palladium/]: Cannot invoke "net.threetag.palladium.addonpack.PackData.getId()" because "packData" is null
[26Sep2025 23:14:39.840] [main/INFO] [net.threetag.palladium.Palladium/]: Skipping mod:brainrot as it's not been marked as an addonpack
[26Sep2025 23:14:39.841] [main/ERROR] [net.threetag.palladium.Palladium/]: Cannot invoke "net.threetag.palladium.addonpack.PackData.getId()" because "packData" is null
[26Sep2025 23:14:39.841] [main/INFO] [net.threetag.palladium.Palladium/]: Skipping mod:carryon as it's not been marked as an addonpack
[26Sep2025 23:14:39.842] [main/ERROR] [net.threetag.palladium.Palladium/]: Cannot invoke "net.threetag.palladium.addonpack.PackData.getId()" because "packData" is null
[26Sep2025 23:14:39.842] [main/INFO] [net.threetag.palladium.Palladium/]: Skipping mod:castle_in_the_sky as it's not been marked as an addonpack
[26Sep2025 23:14:39.843] [main/ERROR] [net.threetag.palladium.Palladium/]: Cannot invoke "net.threetag.palladium.addonpack.PackData.getId()" because "packData" is null
[26Sep2025 23:14:39.843] [main/INFO] [net.threetag.palladium.Palladium/]: Skipping mod:cfm as it's not been marked as an addonpack
[26Sep2025 23:14:39.844] [main/ERROR] [net.threetag.palladium.Palladium/]: Cannot invoke "net.threetag.palladium.addonpack.PackData.getId()" because "packData" is null
[26Sep2025 23:14:39.844] [main/INFO] [net.threetag.palladium.Palladium/]: Skipping mod:citadel as it's not been marked as an addonpack
[26Sep2025 23:14:39.845] [main/ERROR] [net.threetag.palladium.Palladium/]: Cannot invoke "net.threetag.palladium.addonpack.PackData.getId()" because "packData" is null
[26Sep2025 23:14:39.845] [main/INFO] [net.threetag.palladium.Palladium/]: Skipping mod:cloth_config as it's not been marked as an addonpack
[26Sep2025 23:14:39.846] [main/ERROR] [net.threetag.palladium.Palladium/]: Cannot invoke "net.threetag.palladium.addonpack.PackData.getId()" because "packData" is null
[26Sep2025 23:14:39.847] [main/INFO] [net.threetag.palladium.Palladium/]: Skipping mod:creativecore as it's not been marked as an addonpack
[26Sep2025 23:14:39.847] [main/ERROR] [net.threetag.palladium.Palladium/]: Cannot invoke "net.threetag.palladium.addonpack.PackData.getId()" because "packData" is null
[26Sep2025 23:14:39.847] [main/INFO] [net.threetag.palladium.Palladium/]: Skipping mod:curios as it's not been marked as an addonpack
[26Sep2025 23:14:39.848] [main/ERROR] [net.threetag.palladium.Palladium/]: Cannot invoke "net.threetag.palladium.addonpack.PackData.getId()" because "packData" is null
[26Sep2025 23:14:39.849] [main/INFO] [net.threetag.palladium.Palladium/]: Skipping mod:dungeons_arise as it's not been marked as an addonpack
[26Sep2025 23:14:39.852] [main/ERROR] [net.threetag.palladium.Palladium/]: Cannot invoke "net.threetag.palladium.addonpack.PackData.getId()" because "packData" is null
[26Sep2025 23:14:39.852] [main/INFO] [net.threetag.palladium.Palladium/]: Skipping mod:embeddium as it's not been marked as an addonpack
[26Sep2025 23:14:39.852] [main/ERROR] [net.threetag.palladium.Palladium/]: Cannot invoke "net.threetag.palladium.addonpack.PackData.getId()" because "packData" is null
[26Sep2025 23:14:39.853] [main/INFO] [net.threetag.palladium.Palladium/]: Skipping mod:extensibleenums as it's not been marked as an addonpack
[26Sep2025 23:14:39.853] [main/ERROR] [net.threetag.palladium.Palladium/]: Cannot invoke "net.threetag.palladium.addonpack.PackData.getId()" because "packData" is null
[26Sep2025 23:14:39.854] [main/INFO] [net.threetag.palladium.Palladium/]: Skipping mod:fallingtree as it's not been marked as an addonpack
[26Sep2025 23:14:39.854] [main/ERROR] [net.threetag.palladium.Palladium/]: Cannot invoke "net.threetag.palladium.addonpack.PackData.getId()" because "packData" is null
[26Sep2025 23:14:39.855] [main/INFO] [net.threetag.palladium.Palladium/]: Skipping mod:ferritecore as it's not been marked as an addonpack
[26Sep2025 23:14:39.855] [main/ERROR] [net.threetag.palladium.Palladium/]: Cannot invoke "net.threetag.palladium.addonpack.PackData.getId()" because "packData" is null
[26Sep2025 23:14:39.856] [main/INFO] [net.threetag.palladium.Palladium/]: Skipping mod:forge as it's not been marked as an addonpack
[26Sep2025 23:14:39.857] [main/ERROR] [net.threetag.palladium.Palladium/]: Cannot invoke "net.threetag.palladium.addonpack.PackData.getId()" because "packData" is null
[26Sep2025 23:14:39.858] [main/INFO] [net.threetag.palladium.Palladium/]: Skipping mod:geckolib as it's not been marked as an addonpack
[26Sep2025 23:14:39.858] [main/ERROR] [net.threetag.palladium.Palladium/]: Cannot invoke "net.threetag.palladium.addonpack.PackData.getId()" because "packData" is null
[26Sep2025 23:14:39.859] [main/INFO] [net.threetag.palladium.Palladium/]: Skipping mod:gravecore as it's not been marked as an addonpack
[26Sep2025 23:14:39.859] [main/ERROR] [net.threetag.palladium.Palladium/]: Cannot invoke "net.threetag.palladium.addonpack.PackData.getId()" because "packData" is null
[26Sep2025 23:14:39.860] [main/INFO] [net.threetag.palladium.Palladium/]: Skipping mod:gravestone as it's not been marked as an addonpack
[26Sep2025 23:14:39.860] [main/ERROR] [net.threetag.palladium.Palladium/]: Cannot invoke "net.threetag.palladium.addonpack.PackData.getId()" because "packData" is null
[26Sep2025 23:14:39.861] [main/INFO] [net.threetag.palladium.Palladium/]: Skipping mod:hopo as it's not been marked as an addonpack
[26Sep2025 23:14:39.861] [main/ERROR] [net.threetag.palladium.Palladium/]: Cannot invoke "net.threetag.palladium.addonpack.PackData.getId()" because "packData" is null
[26Sep2025 23:14:39.861] [main/INFO] [net.threetag.palladium.Palladium/]: Skipping mod:hoppergadgetry as it's not been marked as an addonpack
[26Sep2025 23:14:39.862] [main/ERROR] [net.threetag.palladium.Palladium/]: Cannot invoke "net.threetag.palladium.addonpack.PackData.getId()" because "packData" is null
[26Sep2025 23:14:39.862] [main/INFO] [net.threetag.palladium.Palladium/]: Skipping mod:iceandfire as it's not been marked as an addonpack
[26Sep2025 23:14:39.863] [main/ERROR] [net.threetag.palladium.Palladium/]: Cannot invoke "net.threetag.palladium.addonpack.PackData.getId()" because "packData" is null
[26Sep2025 23:14:39.863] [main/INFO] [net.threetag.palladium.Palladium/]: Skipping mod:jei as it's not been marked as an addonpack
[26Sep2025 23:14:39.864] [main/ERROR] [net.threetag.palladium.Palladium/]: Cannot invoke "net.threetag.palladium.addonpack.PackData.getId()" because "packData" is null
[26Sep2025 23:14:39.864] [main/INFO] [net.threetag.palladium.Palladium/]: Skipping mod:kubejs as it's not been marked as an addonpack
[26Sep2025 23:14:39.865] [main/ERROR] [net.threetag.palladium.Palladium/]: Cannot invoke "net.threetag.palladium.addonpack.PackData.getId()" because "packData" is null
[26Sep2025 23:14:39.865] [main/INFO] [net.threetag.palladium.Palladium/]: Skipping mod:libraryferret as it's not been marked as an addonpack
[26Sep2025 23:14:39.866] [main/ERROR] [net.threetag.palladium.Palladium/]: Cannot invoke "net.threetag.palladium.addonpack.PackData.getId()" because "packData" is null
[26Sep2025 23:14:39.866] [main/INFO] [net.threetag.palladium.Palladium/]: Skipping mod:loafcats as it's not been marked as an addonpack
[26Sep2025 23:14:39.866] [main/ERROR] [net.threetag.palladium.Palladium/]: Cannot invoke "net.threetag.palladium.addonpack.PackData.getId()" because "packData" is null
[26Sep2025 23:14:39.867] [main/INFO] [net.threetag.palladium.Palladium/]: Skipping mod:lodestone as it's not been marked as an addonpack
[26Sep2025 23:14:39.867] [main/ERROR] [net.threetag.palladium.Palladium/]: Cannot invoke "net.threetag.palladium.addonpack.PackData.getId()" because "packData" is null
[26Sep2025 23:14:39.868] [main/INFO] [net.threetag.palladium.Palladium/]: Skipping mod:mcef as it's not been marked as an addonpack
[26Sep2025 23:14:39.868] [main/ERROR] [net.threetag.palladium.Palladium/]: Cannot invoke "net.threetag.palladium.addonpack.PackData.getId()" because "packData" is null
[26Sep2025 23:14:39.869] [main/INFO] [net.threetag.palladium.Palladium/]: Skipping mod:modernfix as it's not been marked as an addonpack
[26Sep2025 23:14:39.869] [main/ERROR] [net.threetag.palladium.Palladium/]: Cannot invoke "net.threetag.palladium.addonpack.PackData.getId()" because "packData" is null
[26Sep2025 23:14:39.870] [main/INFO] [net.threetag.palladium.Palladium/]: Skipping mod:mofus_better_end_ as it's not been marked as an addonpack
[26Sep2025 23:14:39.871] [main/ERROR] [net.threetag.palladium.Palladium/]: Cannot invoke "net.threetag.palladium.addonpack.PackData.getId()" because "packData" is null
[26Sep2025 23:14:39.871] [main/INFO] [net.threetag.palladium.Palladium/]: Skipping mod:moonlight as it's not been marked as an addonpack
[26Sep2025 23:14:39.872] [main/ERROR] [net.threetag.palladium.Palladium/]: Cannot invoke "net.threetag.palladium.addonpack.PackData.getId()" because "packData" is null
[26Sep2025 23:14:39.872] [main/INFO] [net.threetag.palladium.Palladium/]: Skipping mod:mowziesmobs as it's not been marked as an addonpack
[26Sep2025 23:14:39.873] [main/ERROR] [net.threetag.palladium.Palladium/]: Cannot invoke "net.threetag.palladium.addonpack.PackData.getId()" because "packData" is null
[26Sep2025 23:14:39.873] [main/INFO] [net.threetag.palladium.Palladium/]: Skipping mod:mr_dungeons_andtaverns as it's not been marked as an addonpack
[26Sep2025 23:14:39.874] [main/ERROR] [net.threetag.palladium.Palladium/]: Cannot invoke "net.threetag.palladium.addonpack.PackData.getId()" because "packData" is null
[26Sep2025 23:14:39.874] [main/INFO] [net.threetag.palladium.Palladium/]: Skipping mod:mr_limesplatus_ending as it's not been marked as an addonpack
[26Sep2025 23:14:39.875] [main/ERROR] [net.threetag.palladium.Palladium/]: Cannot invoke "net.threetag.palladium.addonpack.PackData.getId()" because "packData" is null
[26Sep2025 23:14:39.875] [main/INFO] [net.threetag.palladium.Palladium/]: Skipping mod:mr_serversleep as it's not been marked as an addonpack
[26Sep2025 23:14:39.875] [main/ERROR] [net.threetag.palladium.Palladium/]: Cannot invoke "net.threetag.palladium.addonpack.PackData.getId()" because "packData" is null
[26Sep2025 23:14:39.876] [main/INFO] [net.threetag.palladium.Palladium/]: Skipping mod:mutantmonsters as it's not been marked as an addonpack
[26Sep2025 23:14:39.877] [main/ERROR] [net.threetag.palladium.Palladium/]: Cannot invoke "net.threetag.palladium.addonpack.PackData.getId()" because "packData" is null
[26Sep2025 23:14:39.879] [main/INFO] [net.threetag.palladium.Palladium/]: Skipping mod:notenoughanimations as it's not been marked as an addonpack
[26Sep2025 23:14:39.879] [main/ERROR] [net.threetag.palladium.Palladium/]: Cannot invoke "net.threetag.palladium.addonpack.PackData.getId()" because "packData" is null
[26Sep2025 23:14:39.880] [main/INFO] [net.threetag.palladium.Palladium/]: Skipping mod:octolib as it's not been marked as an addonpack
[26Sep2025 23:14:39.880] [main/ERROR] [net.threetag.palladium.Palladium/]: Cannot invoke "net.threetag.palladium.addonpack.PackData.getId()" because "packData" is null
[26Sep2025 23:14:39.881] [main/INFO] [net.threetag.palladium.Palladium/]: Skipping mod:packetfixer as it's not been marked as an addonpack
[26Sep2025 23:14:39.881] [main/ERROR] [net.threetag.palladium.Palladium/]: Cannot invoke "net.threetag.palladium.addonpack.PackData.getId()" because "packData" is null
[26Sep2025 23:14:39.881] [main/INFO] [net.threetag.palladium.Palladium/]: Skipping mod:palladium as it's not been marked as an addonpack
[26Sep2025 23:14:39.882] [main/ERROR] [net.threetag.palladium.Palladium/]: Cannot invoke "net.threetag.palladium.addonpack.PackData.getId()" because "packData" is null
[26Sep2025 23:14:39.882] [main/INFO] [net.threetag.palladium.Palladium/]: Skipping mod:palladiumcore as it's not been marked as an addonpack
[26Sep2025 23:14:39.883] [main/ERROR] [net.threetag.palladium.Palladium/]: Cannot invoke "net.threetag.palladium.addonpack.PackData.getId()" because "packData" is null
[26Sep2025 23:14:39.883] [main/INFO] [net.threetag.palladium.Palladium/]: Skipping mod:particlerain as it's not been marked as an addonpack
[26Sep2025 23:14:39.884] [main/ERROR] [net.threetag.palladium.Palladium/]: Cannot invoke "net.threetag.palladium.addonpack.PackData.getId()" because "packData" is null
[26Sep2025 23:14:39.884] [main/INFO] [net.threetag.palladium.Palladium/]: Skipping mod:pehkui as it's not been marked as an addonpack
[26Sep2025 23:14:39.885] [main/ERROR] [net.threetag.palladium.Palladium/]: Cannot invoke "net.threetag.palladium.addonpack.PackData.getId()" because "packData" is null
[26Sep2025 23:14:39.886] [main/INFO] [net.threetag.palladium.Palladium/]: Skipping mod:pet_cemetery as it's not been marked as an addonpack
[26Sep2025 23:14:39.886] [main/ERROR] [net.threetag.palladium.Palladium/]: Cannot invoke "net.threetag.palladium.addonpack.PackData.getId()" because "packData" is null
[26Sep2025 23:14:39.886] [main/INFO] [net.threetag.palladium.Palladium/]: Skipping mod:playeranimator as it's not been marked as an addonpack
[26Sep2025 23:14:39.886] [main/ERROR] [net.threetag.palladium.Palladium/]: Cannot invoke "net.threetag.palladium.addonpack.PackData.getId()" because "packData" is null
[26Sep2025 23:14:39.886] [main/INFO] [net.threetag.palladium.Palladium/]: Skipping mod:playerrevive as it's not been marked as an addonpack
[26Sep2025 23:14:39.887] [main/ERROR] [net.threetag.palladium.Palladium/]: Cannot invoke "net.threetag.palladium.addonpack.PackData.getId()" because "packData" is null
[26Sep2025 23:14:39.887] [main/INFO] [net.threetag.palladium.Palladium/]: Skipping mod:presencefootsteps as it's not been marked as an addonpack
[26Sep2025 23:14:39.887] [main/ERROR] [net.threetag.palladium.Palladium/]: Cannot invoke "net.threetag.palladium.addonpack.PackData.getId()" because "packData" is null
[26Sep2025 23:14:39.887] [main/INFO] [net.threetag.palladium.Palladium/]: Skipping mod:puzzlesaccessapi as it's not been marked as an addonpack
[26Sep2025 23:14:39.887] [main/ERROR] [net.threetag.palladium.Palladium/]: Cannot invoke "net.threetag.palladium.addonpack.PackData.getId()" because "packData" is null
[26Sep2025 23:14:39.887] [main/INFO] [net.threetag.palladium.Palladium/]: Skipping mod:puzzleslib as it's not been marked as an addonpack
[26Sep2025 23:14:39.888] [main/ERROR] [net.threetag.palladium.Palladium/]: Cannot invoke "net.threetag.palladium.addonpack.PackData.getId()" because "packData" is null
[26Sep2025 23:14:39.888] [main/INFO] [net.threetag.palladium.Palladium/]: Skipping mod:radium as it's not been marked as an addonpack
[26Sep2025 23:14:39.888] [main/ERROR] [net.threetag.palladium.Palladium/]: Cannot invoke "net.threetag.palladium.addonpack.PackData.getId()" because "packData" is null
[26Sep2025 23:14:39.888] [main/INFO] [net.threetag.palladium.Palladium/]: Skipping mod:relics as it's not been marked as an addonpack
[26Sep2025 23:14:39.888] [main/ERROR] [net.threetag.palladium.Palladium/]: Cannot invoke "net.threetag.palladium.addonpack.PackData.getId()" because "packData" is null
[26Sep2025 23:14:39.888] [main/INFO] [net.threetag.palladium.Palladium/]: Skipping mod:rhino as it's not been marked as an addonpack
[26Sep2025 23:14:39.889] [main/ERROR] [net.threetag.palladium.Palladium/]: Cannot invoke "net.threetag.palladium.addonpack.PackData.getId()" because "packData" is null
[26Sep2025 23:14:39.889] [main/INFO] [net.threetag.palladium.Palladium/]: Skipping mod:rubidium as it's not been marked as an addonpack
[26Sep2025 23:14:39.889] [main/ERROR] [net.threetag.palladium.Palladium/]: Cannot invoke "net.threetag.palladium.addonpack.PackData.getId()" because "packData" is null
[26Sep2025 23:14:39.889] [main/INFO] [net.threetag.palladium.Palladium/]: Skipping mod:rustic_engineer as it's not been marked as an addonpack
[26Sep2025 23:14:39.889] [main/ERROR] [net.threetag.palladium.Palladium/]: Cannot invoke "net.threetag.palladium.addonpack.PackData.getId()" because "packData" is null
[26Sep2025 23:14:39.889] [main/INFO] [net.threetag.palladium.Palladium/]: Skipping mod:the_knocker as it's not been marked as an addonpack
[26Sep2025 23:14:39.890] [main/ERROR] [net.threetag.palladium.Palladium/]: Cannot invoke "net.threetag.palladium.addonpack.PackData.getId()" because "packData" is null
[26Sep2025 23:14:39.890] [main/INFO] [net.threetag.palladium.Palladium/]: Skipping mod:toms_storage as it's not been marked as an addonpack
[26Sep2025 23:14:39.890] [main/ERROR] [net.threetag.palladium.Palladium/]: Cannot invoke "net.threetag.palladium.addonpack.PackData.getId()" because "packData" is null
[26Sep2025 23:14:39.891] [main/INFO] [net.threetag.palladium.Palladium/]: Skipping mod:toolbelt as it's not been marked as an addonpack
[26Sep2025 23:14:39.891] [main/ERROR] [net.threetag.palladium.Palladium/]: Cannot invoke "net.threetag.palladium.addonpack.PackData.getId()" because "packData" is null
[26Sep2025 23:14:39.891] [main/INFO] [net.threetag.palladium.Palladium/]: Skipping mod:transition as it's not been marked as an addonpack
[26Sep2025 23:14:39.892] [main/ERROR] [net.threetag.palladium.Palladium/]: Cannot invoke "net.threetag.palladium.addonpack.PackData.getId()" because "packData" is null
[26Sep2025 23:14:39.892] [main/INFO] [net.threetag.palladium.Palladium/]: Skipping mod:travelersbackpack as it's not been marked as an addonpack
[26Sep2025 23:14:39.892] [main/ERROR] [net.threetag.palladium.Palladium/]: Cannot invoke "net.threetag.palladium.addonpack.PackData.getId()" because "packData" is null
[26Sep2025 23:14:39.892] [main/INFO] [net.threetag.palladium.Palladium/]: Skipping mod:trender as it's not been marked as an addonpack
[26Sep2025 23:14:39.893] [main/ERROR] [net.threetag.palladium.Palladium/]: Cannot invoke "net.threetag.palladium.addonpack.PackData.getId()" because "packData" is null
[26Sep2025 23:14:39.893] [main/INFO] [net.threetag.palladium.Palladium/]: Skipping mod:webdisplays as it's not been marked as an addonpack
[26Sep2025 23:14:39.894] [main/ERROR] [net.threetag.palladium.Palladium/]: Cannot invoke "net.threetag.palladium.addonpack.PackData.getId()" because "packData" is null
[26Sep2025 23:14:39.894] [main/INFO] [net.threetag.palladium.Palladium/]: Skipping mod:xaerominimap as it's not been marked as an addonpack
[26Sep2025 23:14:39.894] [main/ERROR] [net.threetag.palladium.Palladium/]: Cannot invoke "net.threetag.palladium.addonpack.PackData.getId()" because "packData" is null
[26Sep2025 23:14:39.894] [main/INFO] [net.threetag.palladium.Palladium/]: Skipping mod:yungsapi as it's not been marked as an addonpack
[26Sep2025 23:14:39.895] [main/ERROR] [net.threetag.palladium.Palladium/]: Cannot invoke "net.threetag.palladium.addonpack.PackData.getId()" because "packData" is null
[26Sep2025 23:14:39.898] [main/INFO] [net.minecraft.server.packs.resources.ReloadableResourceManager/]: Reloading ResourceManager: alexsmobs-1.22.9.jar, AlienEvo-1.1.0-forge.jar, amendments-1.20-2.2.1.jar, architectury-9.2.14-forge.jar, betterendcities-1.0.0-1.20.1.jar, YungsBetterEndIsland-1.20-Forge-2.0.6.jar, bettervillage-forge-1.20.1-3.3.1-all.jar, blueprint-1.20.1-7.1.3.jar, boiled_reimagined-1.0.12-forge-1.20.1.jar, brainrot-5.0.jar, carryon-forge-1.20.1-2.1.2.7.jar, castle_in_the_sky-1.20.1-0.6.0.jar, cfm-forge-1.20.1-7.0.0-pre36.jar, citadel-2.6.2-1.20.1.jar, cloth-config-11.1.136-forge.jar, CreativeCore_FORGE_v2.12.32_mc1.20.1.jar, curios-forge-5.9.1+1.20.1.jar, DungeonsArise-1.20.x-2.1.58-release.jar, embeddium-0.3.31+mc1.20.1.jar, extensibleenums-forge-20.1.1.jar, FallingTree-1.20.1-4.3.4.jar, ferritecore-6.0.1-forge.jar, forge-1.20.1-47.3.7-universal.jar, geckolib-forge-1.20.1-4.7.4.jar, gravecore-1.2.0-forge.jar, gravestone-forge-1.20.1-1.0.32.jar, HopoBetterMineshaft-[1.20.1-1.20.4]-1.2.2c.jar, HopperGadgetry-v20.1.2-1.20.1-Forge.jar, iceandfire-2.1.13-1.20.1-beta-5.jar, jei-1.20.1-forge-15.20.0.112.jar, kubejs-forge-2001.6.5-build.16.jar, libraryferret-forge-1.20.1-4.0.0.jar, loafcats-1.2-1.20.1.jar, lodestone-1.20.1-1.6.2.1.jar, mcef-forge-2.1.6-1.20.1.jar, modernfix-forge-5.24.4+mc1.20.1.jar, mofus_broken_constellation-0.9.0-forge-1.20.1.jar, moonlight-1.20-2.16.8-forge.jar, mowziesmobs-1.7.3.jar, dungeons-and-taverns-3.0.3.f[Forge].jar, tru.e-ending-v1.1.0c.jar, serversleep-mod.jar, MutantMonsters-v8.0.7-1.20.1-Forge.jar, celestialsapien-1.0.5 (quickfix).jar, notenoughanimations-forge-1.10.1-mc1.20.1.jar, OctoLib-FORGE-0.5.0.1+1.20.1.jar, packetfixer-3.1.4-1.18-1.20.4-merged.jar, palladium-4.2.8+1.20.1-forge.jar, palladiumcore-forge-1.0.1+1.20.1-forge.jar, Pretty Rain-1.20.1-Forge-1.1.3.jar, Pehkui-3.8.2+1.20.1-forge.jar, pet_cemetery-1.20.1-2.0.0.jar, player-animation-lib-forge-1.0.2-rc1+1.20.jar, PlayerRevive_FORGE_v2.0.31_mc1.20.1.jar, PresenceFootsteps-1.20.1-1.9.1-beta.1.jar, puzzlesaccessapi-forge-20.1.1.jar, PuzzlesLib-v8.1.33-1.20.1-Forge.jar, radium-mc1.20.1-0.12.4+git.26c9d8e.jar, relics-1.20.1-0.8.0.7.jar, rhino-forge-2001.2.3-build.10.jar, embeddium-0.3.31+mc1.20.1.jar, rustic_engineer-1.1.3-forge-1.20.1.jar, the_knocker-1.5.0-forge-1.20.1.jar, toms_storage-1.20-1.7.1.jar, ToolBelt-1.20.1-1.20.02.jar, TRansition-1.0.3-1.20.1-forge-SNAPSHOT.jar, travelersbackpack-forge-1.20.1-9.1.40.jar, TRender-1.0.5-1.20.1-forge-SNAPSHOT.jar, webdisplays-2.0.2-1.20.1.jar, Xaeros_Minimap_25.2.10_Forge_1.20.jar, YungsApi-1.20-Forge-4.0.6.jar
[26Sep2025 23:14:39.914] [main/DEBUG] [mixin/]: Mixing feature.measure_time.SimpleReloadInstanceMixin from modernfix-common.mixins.json into net.minecraft.server.packs.resources.SimpleReloadInstance
[26Sep2025 23:14:39.914] [main/DEBUG] [mixin/]: Mixing SimpleReloadInstanceMixin from blueprint.mixins.json into net.minecraft.server.packs.resources.SimpleReloadInstance
[26Sep2025 23:14:39.924] [main/DEBUG] [net.minecraftforge.fml.config.ConfigTracker/CONFIG]: Config file the_boiled_one_reimagined-server.toml for boiled_reimagined tracking
[26Sep2025 23:14:39.927] [main/DEBUG] [net.minecraftforge.fml.config.ConfigTracker/CONFIG]: Config file knocker.toml for the_knocker tracking
[26Sep2025 23:14:39.927] [main/DEBUG] [net.minecraftforge.fml.DeferredWorkQueue/LOADING]: Synchronous work queue completed in 117.9 ms
[26Sep2025 23:14:40.060] [main/INFO] [net.threetag.palladium.Palladium/]: Registered 3 addonpack creative_mode_tab
[26Sep2025 23:14:40.061] [main/INFO] [net.threetag.palladium.Palladium/]: Registered 2 addonpack armor materials
[26Sep2025 23:14:40.062] [main/INFO] [net.threetag.palladium.Palladium/]: Registered 1 addonpack tool tiers
[26Sep2025 23:14:40.066] [main/INFO] [net.threetag.palladium.Palladium/]: Registered 14 addonpack block
[26Sep2025 23:14:40.071] [main/INFO] [net.threetag.palladium.Palladium/]: Registered 109 addonpack item
[26Sep2025 23:14:40.071] [main/INFO] [net.threetag.palladium.Palladium/]: Registered 0 addonpack suit_set
[26Sep2025 23:14:40.073] [main/INFO] [net.threetag.palladium.Palladium/]: Registered 29 addonpack particle_type
[26Sep2025 23:14:40.073] [main/INFO] [net.threetag.palladium.Palladium/]: Registered 1 addonpack point_of_interest_type
[26Sep2025 23:14:40.074] [main/INFO] [net.threetag.palladium.Palladium/]: Registered 1 addonpack villager_profession
[26Sep2025 23:14:40.076] [main/INFO] [net.threetag.palladium.Palladium/]: Registered 1 addonpack accessory slots
[26Sep2025 23:14:40.076] [main/INFO] [net.threetag.palladium.Palladium/]: Registered 3 addonpack accessories
[26Sep2025 23:14:40.077] [main/INFO] [net.threetag.palladium.Palladium/]: Finished addonpack initialisation!
[26Sep2025 23:14:40.556] [main/DEBUG] [net.minecraftforge.common.capabilities.CapabilityManager/CAPABILITIES]: Attempting to automatically register: Lcom/tiviacz/travelersbackpack/capability/ITravelersBackpack;
[26Sep2025 23:14:40.556] [main/DEBUG] [net.minecraftforge.common.capabilities.CapabilityManager/CAPABILITIES]: Attempting to automatically register: Lnet/minecraftforge/energy/IEnergyStorage;
[26Sep2025 23:14:40.556] [main/DEBUG] [net.minecraftforge.common.capabilities.CapabilityManager/CAPABILITIES]: Attempting to automatically register: Lnet/minecraftforge/fluids/capability/IFluidHandler;
[26Sep2025 23:14:40.556] [main/DEBUG] [net.minecraftforge.common.capabilities.CapabilityManager/CAPABILITIES]: Attempting to automatically register: Lnet/minecraftforge/fluids/capability/IFluidHandlerItem;
[26Sep2025 23:14:40.556] [main/DEBUG] [net.minecraftforge.common.capabilities.CapabilityManager/CAPABILITIES]: Attempting to automatically register: Lnet/minecraftforge/items/IItemHandler;
[26Sep2025 23:14:40.994] [main/DEBUG] [mixin/]: Mixing SelfCauldronMixin from amendments.mixins.json into net.mehvahdjukaar.amendments.common.tile.LiquidCauldronBlockTile
[26Sep2025 23:14:40.995] [main/DEBUG] [mixin/]: Renaming synthetic method lambda$new$0()Lnet/minecraftforge/fluids/capability/IFluidHandler; to md139335$lambda$new$0$0 in amendments.mixins.json:SelfCauldronMixin
[26Sep2025 23:14:41.021] [main/DEBUG] [mixin/]: Mixing SelfItemDisplayTileMixin from moonlight.mixins.json into net.mehvahdjukaar.moonlight.api.block.ItemDisplayTile
[26Sep2025 23:14:41.988] [main/DEBUG] [software.bernie.geckolib.GeckoLib/]: Registered SyncedAnimatable for class com.bobmowzie.mowziesmobs.server.item.ItemEarthrendGauntlet
[26Sep2025 23:14:41.988] [main/DEBUG] [software.bernie.geckolib.GeckoLib/]: Registered SyncedAnimatable for class com.bobmowzie.mowziesmobs.server.item.ItemSculptorStaff
[26Sep2025 23:14:42.010] [main/DEBUG] [software.bernie.geckolib.GeckoLib/]: Registered SyncedAnimatable for class net.threetag.palladium.compat.geckolib.forge.GeckoLibCompatImpl$ArmorItemImpl
[26Sep2025 23:14:42.088] [main/DEBUG] [mixin/]: Mixing IngredientTagValueMixin from kubejs-common.mixins.json into net.minecraft.world.item.crafting.Ingredient$TagValue
[26Sep2025 23:14:42.280] [main/DEBUG] [mixin/]: Mixing shapes.lazy_shape_context.EntityShapeContextMixin from lithium.mixins.json into net.minecraft.world.phys.shapes.EntityCollisionContext
[26Sep2025 23:14:42.281] [main/DEBUG] [mixin/]: lithium.mixins.json:shapes.lazy_shape_context.EntityShapeContextMixin: Class version 61 required is higher than the class version supported by the current version of Mixin (JAVA_16 supports class version 60)
[26Sep2025 23:14:42.281] [main/DEBUG] [mixin/]: Renaming synthetic method lambda$canWalkOnFluid$0(Lnet/minecraft/world/level/material/FluidState;)Z to md139335$lambda$canWalkOnFluid$0$0 in lithium.mixins.json:shapes.lazy_shape_context.EntityShapeContextMixin
[26Sep2025 23:14:42.295] [main/INFO] [Moonlight/]: Initialized block sets in 17ms
[26Sep2025 23:14:42.885] [main/DEBUG] [mixin/]: Mixing IngredientsWithChildrenMixin from kubejs-forge.mixins.json into net.minecraftforge.common.crafting.IntersectionIngredient
[26Sep2025 23:14:43.066] [main/DEBUG] [net.minecraftforge.coremod.transformer.CoreModBaseTransformer/COREMOD]: Transforming net/minecraft/world/entity/raid/Raid
[26Sep2025 23:14:43.113] [main/DEBUG] [mixin/]: Mixing ai.raid.RaidMixin from lithium.mixins.json into net.minecraft.world.entity.raid.Raid
[26Sep2025 23:14:43.113] [main/DEBUG] [mixin/]: lithium.mixins.json:ai.raid.RaidMixin: Class version 61 required is higher than the class version supported by the current version of Mixin (JAVA_16 supports class version 60)
[26Sep2025 23:14:43.414] [main/DEBUG] [net.minecraftforge.fml.config.ConfigTracker/CONFIG]: Loading configs type COMMON
[26Sep2025 23:14:43.415] [main/DEBUG] [net.minecraftforge.fml.config.ConfigFileTypeHandler/CONFIG]: Built TOML config for /workspaces/literate-parakeet/servidor_minecraft/config/amendments-common.toml
[26Sep2025 23:14:43.415] [main/DEBUG] [net.minecraftforge.fml.config.ConfigFileTypeHandler/CONFIG]: Loaded TOML config file /workspaces/literate-parakeet/servidor_minecraft/config/amendments-common.toml
[26Sep2025 23:14:43.420] [main/DEBUG] [net.minecraftforge.fml.config.ConfigFileTypeHandler/CONFIG]: Watching TOML config file /workspaces/literate-parakeet/servidor_minecraft/config/amendments-common.toml for changes
[26Sep2025 23:14:43.425] [main/DEBUG] [fuzs.puzzleslib.impl.config.core.ForgeConfigFileTypeHandler/CONFIG]: Built TOML config for /workspaces/literate-parakeet/servidor_minecraft/config/mutantmonsters-common.toml
[26Sep2025 23:14:43.425] [main/DEBUG] [fuzs.puzzleslib.impl.config.core.ForgeConfigFileTypeHandler/CONFIG]: Loaded TOML config file /workspaces/literate-parakeet/servidor_minecraft/config/mutantmonsters-common.toml
[26Sep2025 23:14:43.426] [main/DEBUG] [fuzs.puzzleslib.impl.config.core.ForgeConfigFileTypeHandler/CONFIG]: Watching TOML config file /workspaces/literate-parakeet/servidor_minecraft/config/mutantmonsters-common.toml for changes
[26Sep2025 23:14:43.426] [main/INFO] [Puzzles Lib/]: Loading common config for mutantmonsters
[26Sep2025 23:14:43.427] [main/DEBUG] [net.minecraftforge.fml.config.ConfigFileTypeHandler/CONFIG]: Built TOML config for /workspaces/literate-parakeet/servidor_minecraft/config/mowziesmobs-common.toml
[26Sep2025 23:14:43.430] [main/DEBUG] [net.minecraftforge.fml.config.ConfigFileTypeHandler/CONFIG]: Loaded TOML config file /workspaces/literate-parakeet/servidor_minecraft/config/mowziesmobs-common.toml
[26Sep2025 23:14:43.430] [main/DEBUG] [net.minecraftforge.fml.config.ConfigFileTypeHandler/CONFIG]: Watching TOML config file /workspaces/literate-parakeet/servidor_minecraft/config/mowziesmobs-common.toml for changes
[26Sep2025 23:14:43.439] [main/DEBUG] [net.minecraftforge.fml.config.ConfigFileTypeHandler/CONFIG]: Built TOML config for /workspaces/literate-parakeet/servidor_minecraft/config/pehkui-common.toml
[26Sep2025 23:14:43.439] [main/DEBUG] [net.minecraftforge.fml.config.ConfigFileTypeHandler/CONFIG]: Loaded TOML config file /workspaces/literate-parakeet/servidor_minecraft/config/pehkui-common.toml
[26Sep2025 23:14:43.440] [main/DEBUG] [net.minecraftforge.fml.config.ConfigFileTypeHandler/CONFIG]: Watching TOML config file /workspaces/literate-parakeet/servidor_minecraft/config/pehkui-common.toml for changes
[26Sep2025 23:14:43.441] [main/DEBUG] [net.minecraftforge.fml.config.ConfigFileTypeHandler/CONFIG]: Built TOML config for /workspaces/literate-parakeet/servidor_minecraft/config/modernfix-common.toml
[26Sep2025 23:14:43.441] [main/DEBUG] [net.minecraftforge.fml.config.ConfigFileTypeHandler/CONFIG]: Loaded TOML config file /workspaces/literate-parakeet/servidor_minecraft/config/modernfix-common.toml
[26Sep2025 23:14:43.441] [main/DEBUG] [net.minecraftforge.fml.config.ConfigFileTypeHandler/CONFIG]: Watching TOML config file /workspaces/literate-parakeet/servidor_minecraft/config/modernfix-common.toml for changes
[26Sep2025 23:14:43.442] [main/DEBUG] [net.minecraftforge.fml.config.ConfigFileTypeHandler/CONFIG]: Built TOML config for /workspaces/literate-parakeet/servidor_minecraft/config/citadel-common.toml
[26Sep2025 23:14:43.442] [main/DEBUG] [net.minecraftforge.fml.config.ConfigFileTypeHandler/CONFIG]: Loaded TOML config file /workspaces/literate-parakeet/servidor_minecraft/config/citadel-common.toml
[26Sep2025 23:14:43.442] [main/DEBUG] [net.minecraftforge.fml.config.ConfigFileTypeHandler/CONFIG]: Watching TOML config file /workspaces/literate-parakeet/servidor_minecraft/config/citadel-common.toml for changes
[26Sep2025 23:14:43.443] [main/DEBUG] [net.minecraftforge.fml.config.ConfigFileTypeHandler/CONFIG]: Built TOML config for /workspaces/literate-parakeet/servidor_minecraft/config/travelersbackpack-common.toml
[26Sep2025 23:14:43.443] [main/DEBUG] [net.minecraftforge.fml.config.ConfigFileTypeHandler/CONFIG]: Loaded TOML config file /workspaces/literate-parakeet/servidor_minecraft/config/travelersbackpack-common.toml
[26Sep2025 23:14:43.443] [main/DEBUG] [net.minecraftforge.fml.config.ConfigFileTypeHandler/CONFIG]: Watching TOML config file /workspaces/literate-parakeet/servidor_minecraft/config/travelersbackpack-common.toml for changes
[26Sep2025 23:14:43.443] [main/DEBUG] [net.minecraftforge.fml.config.ConfigFileTypeHandler/CONFIG]: Built TOML config for /workspaces/literate-parakeet/servidor_minecraft/config/alexsmobs.toml
[26Sep2025 23:14:43.446] [main/DEBUG] [net.minecraftforge.fml.config.ConfigFileTypeHandler/CONFIG]: Loaded TOML config file /workspaces/literate-parakeet/servidor_minecraft/config/alexsmobs.toml
[26Sep2025 23:14:43.446] [main/DEBUG] [net.minecraftforge.fml.config.ConfigFileTypeHandler/CONFIG]: Watching TOML config file /workspaces/literate-parakeet/servidor_minecraft/config/alexsmobs.toml for changes
[26Sep2025 23:14:43.487] [main/DEBUG] [net.minecraftforge.fml.config.ConfigFileTypeHandler/CONFIG]: Built TOML config for /workspaces/literate-parakeet/servidor_minecraft/config/iceandfire-common.toml
[26Sep2025 23:14:43.488] [main/DEBUG] [net.minecraftforge.fml.config.ConfigFileTypeHandler/CONFIG]: Loaded TOML config file /workspaces/literate-parakeet/servidor_minecraft/config/iceandfire-common.toml
[26Sep2025 23:14:43.489] [main/DEBUG] [net.minecraftforge.fml.config.ConfigFileTypeHandler/CONFIG]: Watching TOML config file /workspaces/literate-parakeet/servidor_minecraft/config/iceandfire-common.toml for changes
[26Sep2025 23:14:43.499] [main/DEBUG] [net.minecraftforge.fml.config.ConfigFileTypeHandler/CONFIG]: Built TOML config for /workspaces/literate-parakeet/servidor_minecraft/config/carryon-common.toml
[26Sep2025 23:14:43.500] [main/DEBUG] [net.minecraftforge.fml.config.ConfigFileTypeHandler/CONFIG]: Loaded TOML config file /workspaces/literate-parakeet/servidor_minecraft/config/carryon-common.toml
[26Sep2025 23:14:43.500] [main/DEBUG] [net.minecraftforge.fml.config.ConfigFileTypeHandler/CONFIG]: Watching TOML config file /workspaces/literate-parakeet/servidor_minecraft/config/carryon-common.toml for changes
[26Sep2025 23:14:43.531] [main/DEBUG] [net.minecraftforge.fml.config.ConfigFileTypeHandler/CONFIG]: Built TOML config for /workspaces/literate-parakeet/servidor_minecraft/config/blueprint-common.toml
[26Sep2025 23:14:43.531] [main/DEBUG] [net.minecraftforge.fml.config.ConfigFileTypeHandler/CONFIG]: Loaded TOML config file /workspaces/literate-parakeet/servidor_minecraft/config/blueprint-common.toml
[26Sep2025 23:14:43.532] [main/DEBUG] [net.minecraftforge.fml.config.ConfigFileTypeHandler/CONFIG]: Watching TOML config file /workspaces/literate-parakeet/servidor_minecraft/config/blueprint-common.toml for changes
[26Sep2025 23:14:43.532] [main/DEBUG] [net.minecraftforge.fml.config.ConfigFileTypeHandler/CONFIG]: Built TOML config for /workspaces/literate-parakeet/servidor_minecraft/config/webdisplays_common.toml
[26Sep2025 23:14:43.533] [main/DEBUG] [net.minecraftforge.fml.config.ConfigFileTypeHandler/CONFIG]: Loaded TOML config file /workspaces/literate-parakeet/servidor_minecraft/config/webdisplays_common.toml
[26Sep2025 23:14:43.533] [main/DEBUG] [net.minecraftforge.fml.config.ConfigFileTypeHandler/CONFIG]: Watching TOML config file /workspaces/literate-parakeet/servidor_minecraft/config/webdisplays_common.toml for changes
[26Sep2025 23:14:43.534] [main/DEBUG] [net.minecraftforge.fml.config.ConfigFileTypeHandler/CONFIG]: Built TOML config for /workspaces/literate-parakeet/servidor_minecraft/config/castle_in_the_sky-common.toml
[26Sep2025 23:14:43.534] [main/DEBUG] [net.minecraftforge.fml.config.ConfigFileTypeHandler/CONFIG]: Loaded TOML config file /workspaces/literate-parakeet/servidor_minecraft/config/castle_in_the_sky-common.toml
[26Sep2025 23:14:43.534] [main/DEBUG] [net.minecraftforge.fml.config.ConfigFileTypeHandler/CONFIG]: Watching TOML config file /workspaces/literate-parakeet/servidor_minecraft/config/castle_in_the_sky-common.toml for changes
[26Sep2025 23:14:43.535] [main/DEBUG] [net.minecraftforge.fml.config.ConfigFileTypeHandler/CONFIG]: Built TOML config for /workspaces/literate-parakeet/servidor_minecraft/config/moonlight-common.toml
[26Sep2025 23:14:43.535] [main/DEBUG] [net.minecraftforge.fml.config.ConfigFileTypeHandler/CONFIG]: Loaded TOML config file /workspaces/literate-parakeet/servidor_minecraft/config/moonlight-common.toml
[26Sep2025 23:14:43.535] [main/DEBUG] [net.minecraftforge.fml.config.ConfigFileTypeHandler/CONFIG]: Watching TOML config file /workspaces/literate-parakeet/servidor_minecraft/config/moonlight-common.toml for changes
[26Sep2025 23:14:43.536] [main/DEBUG] [net.minecraftforge.fml.config.ConfigFileTypeHandler/CONFIG]: Built TOML config for /workspaces/literate-parakeet/servidor_minecraft/config/toolbelt-common.toml
[26Sep2025 23:14:43.536] [main/DEBUG] [net.minecraftforge.fml.config.ConfigFileTypeHandler/CONFIG]: Loaded TOML config file /workspaces/literate-parakeet/servidor_minecraft/config/toolbelt-common.toml
[26Sep2025 23:14:43.536] [main/DEBUG] [net.minecraftforge.fml.config.ConfigFileTypeHandler/CONFIG]: Watching TOML config file /workspaces/literate-parakeet/servidor_minecraft/config/toolbelt-common.toml for changes
[26Sep2025 23:14:43.537] [main/DEBUG] [net.minecraftforge.fml.config.ConfigFileTypeHandler/CONFIG]: Built TOML config for /workspaces/literate-parakeet/servidor_minecraft/config/curios-common.toml
[26Sep2025 23:14:43.537] [main/DEBUG] [net.minecraftforge.fml.config.ConfigFileTypeHandler/CONFIG]: Loaded TOML config file /workspaces/literate-parakeet/servidor_minecraft/config/curios-common.toml
[26Sep2025 23:14:43.537] [main/DEBUG] [net.minecraftforge.fml.config.ConfigFileTypeHandler/CONFIG]: Watching TOML config file /workspaces/literate-parakeet/servidor_minecraft/config/curios-common.toml for changes
[26Sep2025 23:14:43.538] [main/DEBUG] [net.minecraftforge.fml.config.ConfigFileTypeHandler/CONFIG]: Built TOML config for /workspaces/literate-parakeet/servidor_minecraft/config/betterendisland-forge-1_20.toml
[26Sep2025 23:14:43.538] [main/DEBUG] [net.minecraftforge.fml.config.ConfigFileTypeHandler/CONFIG]: Loaded TOML config file /workspaces/literate-parakeet/servidor_minecraft/config/betterendisland-forge-1_20.toml
[26Sep2025 23:14:43.538] [main/DEBUG] [net.minecraftforge.fml.config.ConfigFileTypeHandler/CONFIG]: Watching TOML config file /workspaces/literate-parakeet/servidor_minecraft/config/betterendisland-forge-1_20.toml for changes
[26Sep2025 23:14:43.538] [main/DEBUG] [net.minecraftforge.fml.config.ConfigFileTypeHandler/CONFIG]: Built TOML config for /workspaces/literate-parakeet/servidor_minecraft/config/cfm-common.toml
[26Sep2025 23:14:43.538] [main/DEBUG] [net.minecraftforge.fml.config.ConfigFileTypeHandler/CONFIG]: Loaded TOML config file /workspaces/literate-parakeet/servidor_minecraft/config/cfm-common.toml
[26Sep2025 23:14:43.539] [main/DEBUG] [net.minecraftforge.fml.config.ConfigFileTypeHandler/CONFIG]: Watching TOML config file /workspaces/literate-parakeet/servidor_minecraft/config/cfm-common.toml for changes
[26Sep2025 23:14:43.539] [main/DEBUG] [net.minecraftforge.fml.config.ConfigFileTypeHandler/CONFIG]: Built TOML config for /workspaces/literate-parakeet/servidor_minecraft/config/toms_storage-common.toml
[26Sep2025 23:14:43.539] [main/DEBUG] [net.minecraftforge.fml.config.ConfigFileTypeHandler/CONFIG]: Loaded TOML config file /workspaces/literate-parakeet/servidor_minecraft/config/toms_storage-common.toml
[26Sep2025 23:14:43.539] [main/DEBUG] [net.minecraftforge.fml.config.ConfigFileTypeHandler/CONFIG]: Watching TOML config file /workspaces/literate-parakeet/servidor_minecraft/config/toms_storage-common.toml for changes
[26Sep2025 23:14:43.540] [main/INFO] [com.tom.storagemod.StorageMod/]: Loaded Tom's Simple Storage config file toms_storage-common.toml
[26Sep2025 23:14:43.541] [main/DEBUG] [net.minecraftforge.fml.config.ConfigFileTypeHandler/CONFIG]: Built TOML config for /workspaces/literate-parakeet/servidor_minecraft/config/knocker.toml
[26Sep2025 23:14:43.542] [main/DEBUG] [net.minecraftforge.fml.config.ConfigFileTypeHandler/CONFIG]: Loaded TOML config file /workspaces/literate-parakeet/servidor_minecraft/config/knocker.toml
[26Sep2025 23:14:43.542] [main/DEBUG] [net.minecraftforge.fml.config.ConfigFileTypeHandler/CONFIG]: Watching TOML config file /workspaces/literate-parakeet/servidor_minecraft/config/knocker.toml for changes
[26Sep2025 23:14:43.560] [Thread-0/INFO] [ModernFix/]: Please use /mfsrc to reload any changed mod config files
[26Sep2025 23:14:43.727] [modloading-worker-0/DEBUG] [ModernFix/]: Cleared 4516 object holder stacktrace references
[26Sep2025 23:14:43.759] [modloading-worker-0/INFO] [com.song.castle_in_the_sky.CastleInTheSky/]: HELLO FROM PREINIT
[26Sep2025 23:14:43.761] [Forge Version Check/INFO] [net.minecraftforge.fml.VersionChecker/]: [radium] Starting version check at https://api.modrinth.com/updates/radium/forge_updates.json
[26Sep2025 23:14:43.774] [modloading-worker-0/DEBUG] [toolbelt/]: Final message number: 5
[26Sep2025 23:14:43.785] [modloading-worker-0/DEBUG] [mixin/]: Mixing MixinSlotAttribute from curios.mixins.json into top.theillusivec4.curios.api.SlotAttribute
[26Sep2025 23:14:43.791] [modloading-worker-0/DEBUG] [mixin/]: Mixing MixinCuriosApi from curios.mixins.json into top.theillusivec4.curios.api.CuriosApi
[26Sep2025 23:14:43.840] [modloading-worker-0/INFO] [com.tom.storagemod.StorageMod/]: Tom's Storage Setup starting
[26Sep2025 23:14:43.849] [modloading-worker-0/INFO] [com.tom.storagemod.StorageMod/]: Initilaized Network Handler
[26Sep2025 23:14:43.965] [Forge Version Check/DEBUG] [net.minecraftforge.fml.VersionChecker/]: [radium] Received version check data:
{"homepage":"https://modrinth.com/mod/radium","promos":{"1.20-latest":"1.20-0.11.2","1.20.1-latest":"0.12.4","1.20.1-recommended":"0.12.4"}}
[26Sep2025 23:14:43.975] [Forge Version Check/INFO] [net.minecraftforge.fml.VersionChecker/]: [radium] Found status: AHEAD Current: 0.12.4+git.26c9d8e Target: null
[26Sep2025 23:14:43.975] [Forge Version Check/INFO] [net.minecraftforge.fml.VersionChecker/]: [mutantmonsters] Starting version check at https://raw.githubusercontent.com/Fuzss/modresources/main/update/mutantmonsters.json
[26Sep2025 23:14:44.020] [Forge Version Check/DEBUG] [net.minecraftforge.fml.VersionChecker/]: [mutantmonsters] Received version check data:
{
    "homepage": "https://github.com/Fuzss/mutantmonsters",
    "promos": {
        "1.19.2-latest": "4.0.6",
        "1.19.2-recommended": "4.0.6",
        "1.19.3-latest": "5.0.1",
        "1.19.3-recommended": "5.0.1",
        "1.19.4-latest": "6.0.2",
        "1.19.4-recommended": "6.0.2",
        "1.18.2-latest": "3.0.1",
        "1.18.2-recommended": "3.0.1",
        "1.20-latest": "7.0.0",
        "1.20-recommended": "7.0.0",
        "1.20.1-latest": "8.0.7",
        "1.20.1-recommended": "8.0.7",
        "1.20.4-latest": "20.4.1",
        "1.20.4-recommended": "20.4.1",
        "1.21.1-latest": "21.1.0",
        "1.21.1-recommended": "21.1.0",
        "1.21.3-latest": "21.3.1",
        "1.21.3-recommended": "21.3.1",
        "1.21.4-latest": "21.4.2",
        "1.21.4-recommended": "21.4.2",
        "1.21.5-latest": "21.5.1",
        "1.21.5-recommended": "21.5.1",
        "1.21.7-latest": "21.7.0",
        "1.21.7-recommended": "21.7.0",
        "1.21.8-latest": "21.8.0",
        "1.21.8-recommended": "21.8.0"
    }
}
[26Sep2025 23:14:44.021] [Forge Version Check/INFO] [net.minecraftforge.fml.VersionChecker/]: [mutantmonsters] Found status: UP_TO_DATE Current: 8.0.7 Target: null
[26Sep2025 23:14:44.021] [Forge Version Check/INFO] [net.minecraftforge.fml.VersionChecker/]: [palladium] Starting version check at https://squirrelcontrol.threetag.net/api/forge_updates/threetag-palladium
[26Sep2025 23:14:44.254] [main/DEBUG] [net.minecraftforge.fml.DeferredWorkQueue/LOADING]: Dispatching synchronous work for work queue COMMON_SETUP: 38 jobs
[26Sep2025 23:14:44.370] [main/INFO] [com.tiviacz.travelersbackpack.TravelersBackpack/]: Registered the FluidEffect with Unique ID of minecraft:water for Water (Fluid Amount Required: 1000) with the ID 0
[26Sep2025 23:14:44.371] [main/INFO] [com.tiviacz.travelersbackpack.TravelersBackpack/]: Registered the FluidEffect with Unique ID of minecraft:lava for Lava (Fluid Amount Required: 1000) with the ID 1
[26Sep2025 23:14:44.371] [main/INFO] [com.tiviacz.travelersbackpack.TravelersBackpack/]: Registered the FluidEffect with Unique ID of travelersbackpack:potion for Uncraftable Potion (Fluid Amount Required: 250) with the ID 2
[26Sep2025 23:14:44.372] [main/INFO] [com.tiviacz.travelersbackpack.TravelersBackpack/]: Registered the FluidEffect with Unique ID of minecraft:milk for Milk (Fluid Amount Required: 1000) with the ID 3
[26Sep2025 23:14:44.440] [main/INFO] [Moonlight/]: Initialized color sets in 30ms
[26Sep2025 23:14:44.451] [main/INFO] [team.lodestar.lodestone.LodestoneLib/]: Registering world event types...
[26Sep2025 23:14:44.460] [main/DEBUG] [net.minecraftforge.fml.DeferredWorkQueue/LOADING]: Synchronous work queue completed in 205.0 ms
[26Sep2025 23:14:44.503] [Forge Version Check/DEBUG] [net.minecraftforge.fml.VersionChecker/]: [palladium] Received version check data:
{"homepage":"https:\/\/modrinth.com\/mod\/threetag-palladium","promos":{"1.20.1-recommended":"4.2.9","1.20.1-latest":"4.2.9"}}
[26Sep2025 23:14:44.504] [Forge Version Check/INFO] [net.minecraftforge.fml.VersionChecker/]: [palladium] Found status: OUTDATED Current: 4.2.8 Target: 4.2.9
[26Sep2025 23:14:44.504] [Forge Version Check/INFO] [net.minecraftforge.fml.VersionChecker/]: [travelersbackpack] Starting version check at https://gist.githubusercontent.com/Tiviacz1337/906937677aa472285dff9d6c2a189d5e/raw
[26Sep2025 23:14:44.538] [Forge Version Check/DEBUG] [net.minecraftforge.fml.VersionChecker/]: [travelersbackpack] Received version check data:
{ 
        "homepage": "https://www.curseforge.com/minecraft/mc-mods/travelers-backpack", 
        "promos": {
		"1.20.4-recommended": "9.4.2",
		"1.20.4-latest": "9.4.2",
		"1.20.2-recommended": "9.2.4",
		"1.20.2-latest": "9.2.4",
		"1.20.1-recommended": "9.1.16",
		"1.20.1-latest": "9.1.16",
		"1.20-recommended": "9.0.2",
		"1.20-latest": "9.0.2",
		"1.19.4-recommended": "8.4.20",
		"1.19.4-latest": "8.4.20",
		"1.19.3-recommended": "8.3.9",
		"1.19.3-latest": "8.3.9",
		"1.19.2-recommended": "8.2.40",
		"1.19.2-latest": "8.2.40",
		"1.19.1-recommended": "8.1.1",
		"1.19.1-latest": "8.1.1",
		"1.19-recommended": "8.0.8",
		"1.19-latest": "8.0.8",
		"1.18.2-recommended": "7.1.48",
		"1.18.2-latest": "7.1.48",
		"1.18.1-recommended": "7.0.4",
		"1.18.1-latest": "7.0.5",
		"1.17.1-recommended": "6.0.52",
		"1.17.1-latest": "6.0.52",
		"1.16.5-recommended": "5.4.51",
		"1.16.5-latest": "5.4.51",
		"1.16.4-recommended": "5.3.8",
		"1.16.4-latest": "5.3.8",
		"1.16.3-recommended": "5.2.1",
		"1.16.3-latest": "5.2.1",
		"1.16.2-recommended": "5.1.1",
		"1.16.2-latest": "5.1.1",
		"1.16.1-recommended": "5.0.1",
		"1.16.1-latest": "5.0.1",
		"1.15.2-recommended": "4.0.8",
		"1.15.2-latest": "4.0.8",
		"1.14.4-recommended": "3.0.8",
		"1.14.4-latest": "3.0.8",
                "1.12.2-recommended": "1.0.34",
		"1.12.2-latest": "1.0.34"
        }, 
        "1.12.2": {
			"0.0.3a": "Added sleeping bag",
			"0.0.4a": "Added ability to wear backpack on player's back!",
			"0.0.5a": "Implemented swapping between tools!",
			"0.0.6a": "Added missing recipe for sleeping bag",
			"0.0.7a": "Fixes for server",
			"0.0.8a": "Added backpack renderer on player's back!",
			"0.0.9a": "Added tools render on backpack",
			"0.1.0a": "Fixed tile entity data loading",
			"0.1.1a": "Added hose, bug fixes",
			"0.1.2a": "Fixed server crash",
			"0.1.3a": "Added more backpack types!",
			"0.1.4a": "Added fluid render to block and wearable model",
			"0.1.5a": "Fixed some bugs and added more custom backpacks",
			"0.1.6a": "Added potions as fluids!",
			"0.1.7a": "Fixed rendering-thing on server",
			"0.1.8a": "Fixed some minor issues",
			"1.0.19.19": "First beta release",
			"1.0.20.20": "Mainly bug fixes",
			"1.0.21.21": "Bug fixes",
			"1.0.22.22": "Added backpack abilities",
			"1.0.23.23": "Bug fixes",
			"1.0.24.24": "Bug fixes",
			"1.0.25.25": "Bug fixes",
			"1.0.26.26": "Fixed NPE",
			"1.0.27": "Capability code clean-up, bug fix",
			"1.0.28": "Mod ID change, see note in 1.0.28 on the site",
			"1.0.29": "Mod ID change, see note in 1.0.29 on the site",
			"1.0.30": "Bug fixes, standard backpack texture improvements",
			"1.0.31": "Fixed bug that causes buckets to dissapear",
			"1.0.32": "Added in-game warning about modid change and method to keep backpacks after updating to newer version",
			"1.0.33": "Fixed backpack dissapear in explosions",
			"1.0.34": "Mainly bug fixes",
			"1.0.35": "Misc bug fixes"
        },
	"1.14.4":  { 
			"3.0.7": "Initial port",
			"3.0.8": "Compatibility for modded tools"
	},
	"1.15.2":  {
      			"4.0.0": "Initial port",
			"4.0.1": "FPS bug fix",
			"4.0.2": "Fixed unwanted backpack placement after death",
			"4.0.3": "Fixed NPE while using sleeping bag",
			"4.0.4": "Fixed crash, updated few textures",
			"4.0.5": "Bug fixes",
			"4.0.6": "Fixed backpack dissapear in explosions",
			"4.0.7": "Keybind for tool cycle",
			"4.0.8": "Compatibility for modded tools"
	},
	"1.16.1":  { 
			"5.0.0": "Initial port",
			"5.0.1": "Fixed backpack not saving contents, compatibility for modded tools"
	},
	"1.16.2":  { 
			"5.1.0": "Initial port",
			"5.1.1": "Fixed server crashes, backpack not saving contents, compatibility for modded tools"
	},
	"1.16.3":  { 
			"5.2.1": "Initial port"
	},
	"1.16.4":  { 
			"5.3.1": "Initial port",
			"5.3.2": "Bug fixes, game-breaking change",
			"5.3.3": "A lot of bug fixes",
			"5.3.4": "Dupe bug fix",
			"5.3.5": "Curios integration",
			"5.3.6": "Crafting grid dupe bug fix",
			"5.3.7": "Crash fix, curiosIntegration option migration",
			"5.3.8": "Fixed item saving bug"
	},
	"1.16.5":  { 
			"5.3.8": "Fixed item saving bug",
			"5.4.0": "Few new custom backpacks",
			"5.4.1": "Fixed villager trades",
			"5.4.2": "Fixed crash with turkish language and small tweaks",
			"5.4.3": "Fixed dupe bug",
			"5.4.4": "JEI dupe bug fix and more",
			"5.4.5": "Dyeable backpacks update! :>",
			"5.4.6": "More backpacks and bug fixes",
			"5.4.7": "Exploit and bug fixes",
			"5.4.8": "Fixed spawn point setting",
			"5.4.9": "20 new backpacks",
			"5.4.10": "Added backpack abilties",
			"5.4.11": "Code cleanup",
			"5.4.12": "Fixed crash",
			"5.4.13": "Added sorting buttons",
			"5.4.14": "Fixed LAN crash",
			"5.4.15": "Fixed few bugs",
			"5.4.16": "Fixed crash",
			"5.4.17": "Fixed bugs",
			"5.4.18": "Fixed crash",
			"5.4.19": "Fixed curio dupe bug",
			"5.4.20": "Added 9 new abilities",
			"5.4.21": "Added too many backpacks slowness effect",
			"5.4.22": "Fixed abilities",
			"5.4.23": "Added colorable sleeping bags",
			"5.4.24": "Bug fixes",
			"5.4.25": "Added slot memory",
			"5.4.26": "Added dedicated settings menu",
			"5.4.28": "Added milk and milk effect",
			"5.4.29": "Mobs can spawn with backpack equipped",
			"5.4.31": "Added /restore command",
			"5.4.32": "Added void protection config option",
			"5.4.33": "Fixed bad coded coordinates",
			"5.4.35": "Tweaked config and commands",
			"5.4.36": "Added backpack tiers",
			"5.4.37": "Changed tier upgrades recipes",
			"5.4.38": "Added enableTierUpgrades config option",
			"5.4.39": "Added Crafting widget",
			"5.4.40": "Fixed dupe bug",
			"5.4.41": "Backpack can be placed in fluids after death",
			"5.4.42": "Added compat with gravestone mods",
			"5.4.43": "Tweaked some recipes",
			"5.4.44": "Misc",
			"5.4.45": "Misc",
			"5.4.46": "Misc",
			"5.4.47": "Added tool slots widget",
			"5.4.48": "Fixed few bugs",
			"5.4.49": "Shift + Right Click with Empty Hand allows to place backpack on the ground",
			"5.4.50": "Sleeping bag can be used without backpack",
			"5.4.51": "Added loot to chests and fixed bugs"
	},
	"1.17.1":  { 
			"6.0.0": "Initial Release",
			"6.0.1": "Fixed datapack issue",
			"6.0.2": "Fixed crash with newest Forge",
			"6.0.3": "Fixed backpack disappearing on death",
			"6.0.4": "JEI integration and more",
			"6.0.5": "Dyeable backpacks update! :>",
			"6.0.6": "More backpacks and bug fixes",
			"6.0.7": "Fixed significant FPS drop",
			"6.0.8": "Fixed dupe bug",
			"6.0.9": "Fixed spawn point setting",
			"6.0.10": "20 new backpacks",
			"6.0.11": "Added backpack abilties",
			"6.0.12": "Code cleanup",
			"6.0.13": "Fixed crash",
			"6.0.14": "Added sorting buttons",
			"6.0.15": "Fixed LAN crash",
			"6.0.16": "Fixed few bugs",
			"6.0.17": "Fixed crash",
			"6.0.18": "Fixed bugs",
			"6.0.19": "Fixed crash",
			"6.0.20": "Fixed curio dupe bug",
			"6.0.21": "Added 9 new abilities",
			"6.0.22": "Added too many backpacks slowness effect",
			"6.0.23": "Fixed abilities",
			"6.0.24": "Added colorable sleeping bags",
			"6.0.25": "Bug fixes",
			"6.0.26": "Added slot memory",
			"6.0.27": "Added dedicated settings menu",
			"6.0.29": "Added milk and milk effect",
			"6.0.30": "Mobs can spawn with backpack equipped",
			"6.0.32": "Added /restore command",
			"6.0.33": "Added void protection config option",
			"6.0.34": "Fixed bad coded coordinates",
			"6.0.36": "Tweaked config and commands",
			"6.0.37": "Added backpack Tiers",
			"6.0.38": "Changed tier upgrades recipes",
			"6.0.39": "Added enableTierUpgrades config option",
			"6.0.40": "Added Crafting widget",
			"6.0.41": "Fixed dupe bug",
			"6.0.42": "Backpack can be placed in fluids after death",
			"6.0.43": "Added compat with gravestone mods",
			"6.0.44": "Added inventory tooltip in preview",
			"6.0.45": "Misc",
			"6.0.46": "Misc",
			"6.0.47": "Misc",
			"6.0.48": "Added tool slots widget",
			"6.0.49": "Fixed few bugs",
			"6.0.50": "Shift + Right Click with Empty Hand allows to place backpack on the ground",
			"6.0.51": "Sleeping bag can be used without backpack",
			"6.0.52": "Added loot to chests and fixed bugs"
	},
	"1.18.1":  { 
			"7.0.0": "Initial Release",
			"7.0.1": "Backpack lose items bug fix",
			"7.0.2": "New backpacks",
			"7.0.3": "Fixed dupe bug",
			"7.0.4": "Fixed spawn point setting"
	},
	"1.18.2":  { 
			"7.1.0": "Initial Release",
			"7.1.1": "Fixed spawn point setting",
			"7.1.2": "20 new backpacks",
			"7.1.3": "Added backpack abilties",
			"7.1.4": "Code cleanup",
			"7.1.5": "Fixed bug with duplicating buckets",
			"7.1.6": "Fixed crash",
			"7.1.7": "Added sorting buttons",
			"7.1.8": "Fixed LAN crash",
			"7.1.9": "Fixed few bugs",
			"7.1.10": "Fixed crash",
			"7.1.11": "Fixed bugs",
			"7.1.12": "Fixed crash",
			"7.1.13": "Fixed curio dupe bug",
			"7.1.14": "Added 9 new abilities",
			"7.1.15": "Added too many backpacks slowness effect",
			"7.1.16": "Fixed abilities",
			"7.1.17": "Added colorable sleeping bags",
			"7.1.18": "Bug fixes",
			"7.1.20": "Added slot memory",
			"7.1.21": "Added dedicated settings menu",
			"7.1.23": "Added milk and milk effect",
			"7.1.24": "Mobs can spawn with backpack equipped",
			"7.1.26": "Added /restore command",
			"7.1.27": "Added void protection config option",
			"7.1.28": "Fixed bad coded coordinates",
			"7.1.30": "Tweaked config and commands",
			"7.1.31": "Added backpack Tiers",
			"7.1.32": "Changed tier upgrades recipes",
			"7.1.33": "Added enableTierUpgrades config option",
			"7.1.34": "Added Crafting widget",
			"7.1.35": "Fixed dupe bug",
			"7.1.36": "Backpack can be placed in fluids after death",
			"7.1.37": "Added compat with gravestone mods",
			"7.1.38": "Added inventory preview in tooltip",
			"7.1.39": "Misc",
			"7.1.40": "Misc",
			"7.1.41": "Misc",
			"7.1.42": "Added tool slots widget",
			"7.1.43": "Fixed few bugs",
			"7.1.44": "Shift + Right Click with Empty Hand allows to place backpack on the ground",
			"7.1.45": "Sleeping bag can be used without backpack",
			"7.1.46": "Added loot to chests and fixed bugs",
			"7.1.47": "Configuration for backpack slots",
			"7.1.48": "Added recipes to recipe book"
			
	},
	"1.19":  { 
			"8.0.0": "Initial Release",
			"8.0.1": "Fixed crashes",
			"8.0.2": "20 new backpacks",
			"8.0.3": "Added backpack abilties",
			"8.0.4": "Updated Forge",
			"8.0.5": "Fixed few bugs",
			"8.0.6": "Code cleanup",
			"8.0.7": "Fixed crash",
			"8.0.8": "Added sorting buttons"
	},
	"1.19.1":  { 
			"8.1.0": "Initial Release",
			"8.1.1": "Fixed LAN crash"
	},
	"1.19.2":  { 
			"8.2.0": "Initial Release",
			"8.2.1": "Fixed few bugs",
			"8.2.2": "Fixed crash",
			"8.2.3": "Fixed bugs",
			"8.2.4": "Fixed crash",
			"8.2.5": "Fixed curio dupe bug",
			"8.2.6": "Added 9 new abilities",
			"8.2.7": "Added too many backpacks slowness effect",
			"8.2.8": "Fixed abilities",
			"8.2.9": "Added colorable sleeping bags",
			"8.2.10": "Bug fixes",
			"8.2.11": "Added slot memory",
			"8.2.12": "Added dedicated settings menu",
			"8.2.14": "Added milk and milk effect",
			"8.2.15": "Mobs can spawn with backpack equipped",
			"8.2.17": "Added /restore command",
			"8.2.18": "Added void protection config option",
			"8.2.19": "Fixed bad coded coordinates",
			"8.2.21": "Tweaked config and commands",
			"8.2.22": "Added backpack tiers",
			"8.2.23": "Changed tier upgrades recipes",
			"8.2.24": "Missing texture hotfix",
			"8.2.25": "Added enableTierUpgrades config option",
			"8.2.26": "Added Crafting widget",
			"8.2.27": "Fixed dupe bug",
			"8.2.28": "Backpack can be placed in fluids after death",
			"8.2.29": "Added compat with gravestone mods",
			"8.2.30": "Added inventory preview in tooltip",
			"8.2.31": "Misc",
			"8.2.32": "Misc",
			"8.2.33": "Misc",
			"8.2.34": "Added tool slots widget",
			"8.2.35": "Fixed few bugs",
			"8.2.36": "Shift + Right Click with Empty Hand allows to place backpack on the ground",
			"8.2.37": "Sleeping bag can be used without backpack",
			"8.2.38": "Added loot to chests and fixed bugs",
			"8.2.39": "Configuration for backpack slots",
			"8.2.40": "Added recipes to recipe book"
	},
	"1.19.3":  { 
			"8.3.0": "Initial Release",
			"8.3.2": "Added milk and milk effect",
			"8.3.3": "Mobs can spawn with backpack equipped",
			"8.3.5": "Added /restore command",
			"8.2.6": "Added void protection config option",
			"8.2.7": "Fixed bad coded coordinates",
			"8.2.9": "Tweaked config and commands"
	},
	"1.19.4":  { 
			"8.4.2": "Tweaked config and commands",
			"8.4.3": "Added backpack tiers",
			"8.4.4": "Changed tier upgrades recipes",
			"8.4.5": "Added enableTierUpgrades config option",
			"8.4.6": "Added support for new smithing table",
			"8.4.7": "Added support for new smithing table",
			"8.4.8": "Added Crafting widget",
			"8.4.9": "Fixed dupe bug",
			"8.4.10": "Backpack can be placed in fluids after death",
			"8.4.11": "Added compat with gravestone mods",
			"8.4.12": "Added inventory preview in tooltip",
			"8.4.13": "Misc",
			"8.4.14": "Misc",
			"8.4.15": "Misc",
			"8.4.16": "Added tool slots widget",
			"8.4.17": "Fixed few bugs",
			"8.4.18": "Shift + Right Click with Empty Hand allows to place backpack on the ground",
			"8.4.19": "Sleeping bag can be used without backpack",
			"8.4.20": "Added loot to chests and fixed bugs"
	},
	"1.20":  { 
			"9.0.0": "Initial update",
			"9.0.1": "Fixed disappearing backpack on contact with water",
			"9.0.2": "Fixed smithing bug and restored Curios compat"
	},
	"1.20.1":  { 
			"9.1.0": "Initial update",
			"9.1.1": "Initial update",
			"9.1.2": "Fixed dupe bug",
			"9.1.3": "Added compat with gravestone mods",
			"9.1.4": "Added inventory preview in tooltip",
			"9.1.5": "Misc",
			"9.1.6": "Misc",
			"9.1.7": "Misc",
			"9.1.8": "Added tool slots widget",
			"9.1.9": "Fixed few bugs",
			"9.1.10": "Shift + Right Click with Empty Hand allows to place backpack on the ground",
			"9.1.11": "Sleeping bag can be used without backpack",
			"9.1.12": "Configuration for backpack slots",
			"9.1.13": "Added loot to chests and fixed bugs",
			"9.1.14": "Added recipes to recipe book",
			"9.1.15": "Improvements",
			"9.1.16": "Stopped excessive drops of backpack from mob farms, added visibility button, fixed some bugs"
	},
	"1.20.2":  { 
			"9.2.0": "Initial update",
			"9.2.1": "Fixed few bugs",
			"9.2.2": "Shift + Right Click with Empty Hand allows to place backpack on the ground",
			"9.2.3": "Sleeping bag can be used without backpack",
			"9.2.4": "Added loot to chests and fixed bugs"
	},
	"1.20.4":  { 
			"9.4.0": "Initial update",
			"9.4.1": "Configuration for backpack slots",
			"9.4.2": "Added recipes to recipe book"
	}
}
[26Sep2025 23:14:44.539] [Forge Version Check/INFO] [net.minecraftforge.fml.VersionChecker/]: [travelersbackpack] Found status: AHEAD Current: 9.1.40 Target: null
[26Sep2025 23:14:44.540] [Forge Version Check/INFO] [net.minecraftforge.fml.VersionChecker/]: [puzzlesaccessapi] Starting version check at https://raw.githubusercontent.com/Fuzss/modresources/main/update/puzzlesaccessapi.json
[26Sep2025 23:14:44.551] [Forge Version Check/DEBUG] [net.minecraftforge.fml.VersionChecker/]: [puzzlesaccessapi] Received version check data:
{
    "homepage": "https://github.com/Fuzss/puzzlesaccessapi",
    "promos": {}
}
[26Sep2025 23:14:44.551] [Forge Version Check/INFO] [net.minecraftforge.fml.VersionChecker/]: [puzzlesaccessapi] Found status: BETA Current: 20.1.1 Target: null
[26Sep2025 23:14:44.551] [Forge Version Check/INFO] [net.minecraftforge.fml.VersionChecker/]: [forge] Starting version check at https://files.minecraftforge.net/net/minecraftforge/forge/promotions_slim.json
[26Sep2025 23:14:44.563] [modloading-worker-0/INFO] [xaero.minimap.XaeroMinimap/]: Loading Xaero's Minimap - Stage 1/2 (Server)
[26Sep2025 23:14:44.589] [main/DEBUG] [net.minecraftforge.fml.DeferredWorkQueue/LOADING]: Dispatching synchronous work for work queue SIDED_SETUP: 1 jobs
[26Sep2025 23:14:44.589] [main/INFO] [xaero.minimap.XaeroMinimap/]: Loading Xaero's Minimap - Stage 2/2 (Server)
[26Sep2025 23:14:44.589] [main/DEBUG] [net.minecraftforge.fml.DeferredWorkQueue/LOADING]: Synchronous work queue completed in 464.6 μs
[26Sep2025 23:14:44.665] [Forge Version Check/DEBUG] [net.minecraftforge.fml.VersionChecker/]: [forge] Received version check data:
{
  "homepage": "https://files.minecraftforge.net/net/minecraftforge/forge/",
  "promos": {
    "1.1-latest": "1.3.4.29",
    "1.2.3-latest": "1.4.1.64",
    "1.2.4-latest": "2.0.0.68",
    "1.2.5-latest": "3.4.9.171",
    "1.3.2-latest": "4.3.5.318",
    "1.4.0-latest": "5.0.0.326",
    "1.4.1-latest": "6.0.0.329",
    "1.4.2-latest": "6.0.1.355",
    "1.4.3-latest": "6.2.1.358",
    "1.4.4-latest": "6.3.0.378",
    "1.4.5-latest": "6.4.2.448",
    "1.4.6-latest": "6.5.0.489",
    "1.4.7-latest": "6.6.2.534",
    "1.5-latest": "7.7.0.598",
    "1.5.1-latest": "7.7.2.682",
    "1.5.2-latest": "7.8.1.738",
    "1.5.2-recommended": "7.8.1.738",
    "1.6.1-latest": "8.9.0.775",
    "1.6.2-latest": "9.10.1.871",
    "1.6.2-recommended": "9.10.1.871",
    "1.6.3-latest": "9.11.0.878",
    "1.6.4-latest": "9.11.1.1345",
    "1.6.4-recommended": "9.11.1.1345",
    "1.7.2-latest": "10.12.2.1161",
    "1.7.2-recommended": "10.12.2.1161",
    "1.7.10_pre4-latest": "10.12.2.1149",
    "1.7.10-latest": "10.13.4.1614",
    "1.7.10-recommended": "10.13.4.1614",
    "1.8-latest": "11.14.4.1577",
    "1.8-recommended": "11.14.4.1563",
    "1.8.8-latest": "11.15.0.1655",
    "1.8.9-latest": "11.15.1.2318",
    "1.8.9-recommended": "11.15.1.2318",
    "1.9-latest": "12.16.1.1938",
    "1.9-recommended": "12.16.1.1887",
    "1.9.4-latest": "12.17.0.2317",
    "1.9.4-recommended": "12.17.0.2317",
    "1.10-latest": "12.18.0.2000",
    "1.10.2-latest": "12.18.3.2511",
    "1.10.2-recommended": "12.18.3.2511",
    "1.11-latest": "13.19.1.2199",
    "1.11-recommended": "13.19.1.2189",
    "1.11.2-latest": "13.20.1.2588",
    "1.11.2-recommended": "13.20.1.2588",
    "1.12-latest": "14.21.1.2443",
    "1.12-recommended": "14.21.1.2387",
    "1.12.1-latest": "14.22.1.2485",
    "1.12.1-recommended": "14.22.1.2478",
    "1.12.2-latest": "14.23.5.2860",
    "1.12.2-recommended": "14.23.5.2859",
    "1.13.2-latest": "25.0.223",
    "1.14.2-latest": "26.0.63",
    "1.14.3-latest": "27.0.60",
    "1.14.4-latest": "28.2.26",
    "1.14.4-recommended": "28.2.26",
    "1.15-latest": "29.0.4",
    "1.15.1-latest": "30.0.51",
    "1.15.2-latest": "31.2.60",
    "1.15.2-recommended": "31.2.57",
    "1.16.1-latest": "32.0.108",
    "1.16.2-latest": "33.0.61",
    "1.16.3-latest": "34.1.42",
    "1.16.3-recommended": "34.1.0",
    "1.16.4-latest": "35.1.37",
    "1.16.4-recommended": "35.1.4",
    "1.16.5-latest": "36.2.42",
    "1.16.5-recommended": "36.2.34",
    "1.17.1-latest": "37.1.1",
    "1.17.1-recommended": "37.1.1",
    "1.18-latest": "38.0.17",
    "1.18.1-latest": "39.1.2",
    "1.18.1-recommended": "39.1.0",
    "1.18.2-recommended": "40.3.0",
    "1.18.2-latest": "40.3.11",
    "1.19-latest": "41.1.0",
    "1.19-recommended": "41.1.0",
    "1.19.1-latest": "42.0.9",
    "1.19.2-recommended": "43.5.0",
    "1.19.2-latest": "43.5.1",
    "1.19.3-latest": "44.1.23",
    "1.19.3-recommended": "44.1.0",
    "1.19.4-recommended": "45.4.0",
    "1.19.4-latest": "45.4.2",
    "1.20-latest": "46.0.14",
    "1.20.1-recommended": "47.4.0",
    "1.20.1-latest": "47.4.9",
    "1.20.2-latest": "48.1.0",
    "1.20.2-recommended": "48.1.0",
    "1.20.3-latest": "49.0.2",
    "1.20.4-latest": "49.2.2",
    "1.20.4-recommended": "49.2.0",
    "1.20.6-latest": "50.2.2",
    "1.20.6-recommended": "50.2.0",
    "1.21-latest": "51.0.33",
    "1.21.1-latest": "52.1.5",
    "1.21.1-recommended": "52.1.0",
    "1.21.3-latest": "53.1.4",
    "1.21.3-recommended": "53.1.0",
    "1.21.4-latest": "54.1.8",
    "1.21.4-recommended": "54.1.0",
    "1.21.5-latest": "55.1.2",
    "1.21.5-recommended": "55.1.0",
    "1.21.6-latest": "56.0.9",
    "1.21.7-latest": "57.0.3",
    "1.21.8-latest": "58.1.6",
    "1.21.8-recommended": "58.1.0"
  }
}
[26Sep2025 23:14:44.666] [Forge Version Check/INFO] [net.minecraftforge.fml.VersionChecker/]: [forge] Found status: OUTDATED Current: 47.3.7 Target: 47.4.0
[26Sep2025 23:14:44.666] [Forge Version Check/INFO] [net.minecraftforge.fml.VersionChecker/]: [extensibleenums] Starting version check at https://raw.githubusercontent.com/Fuzss/modresources/main/update/extensibleenums.json
[26Sep2025 23:14:44.677] [Forge Version Check/DEBUG] [net.minecraftforge.fml.VersionChecker/]: [extensibleenums] Received version check data:
404: Not Found
[26Sep2025 23:14:44.677] [Forge Version Check/WARN] [net.minecraftforge.fml.VersionChecker/]: Failed to process update information
com.google.gson.JsonSyntaxException: java.lang.IllegalStateException: Expected BEGIN_OBJECT but was NUMBER at line 1 column 4 path $
	at com.google.gson.Gson.fromJson(Gson.java:1226) ~[gson-2.10.jar%2372!/:?]
	at com.google.gson.Gson.fromJson(Gson.java:1124) ~[gson-2.10.jar%2372!/:?]
	at com.google.gson.Gson.fromJson(Gson.java:1034) ~[gson-2.10.jar%2372!/:?]
	at com.google.gson.Gson.fromJson(Gson.java:969) ~[gson-2.10.jar%2372!/:?]
	at net.minecraftforge.fml.VersionChecker$1.process(VersionChecker.java:183) ~[fmlcore-1.20.1-47.3.7.jar%23224!/:?]
	at java.lang.Iterable.forEach(Iterable.java:75) ~[?:?]
	at net.minecraftforge.fml.VersionChecker$1.run(VersionChecker.java:114) ~[fmlcore-1.20.1-47.3.7.jar%23224!/:?]
Caused by: java.lang.IllegalStateException: Expected BEGIN_OBJECT but was NUMBER at line 1 column 4 path $
	at com.google.gson.stream.JsonReader.beginObject(JsonReader.java:393) ~[gson-2.10.jar%2372!/:?]
	at com.google.gson.internal.bind.MapTypeAdapterFactory$Adapter.read(MapTypeAdapterFactory.java:182) ~[gson-2.10.jar%2372!/:?]
	at com.google.gson.internal.bind.MapTypeAdapterFactory$Adapter.read(MapTypeAdapterFactory.java:144) ~[gson-2.10.jar%2372!/:?]
	at com.google.gson.Gson.fromJson(Gson.java:1214) ~[gson-2.10.jar%2372!/:?]
	... 6 more
[26Sep2025 23:14:44.678] [Forge Version Check/INFO] [net.minecraftforge.fml.VersionChecker/]: [hoppergadgetry] Starting version check at https://raw.githubusercontent.com/Fuzss/modresources/main/update/hoppergadgetry.json
[26Sep2025 23:14:44.693] [Forge Version Check/DEBUG] [net.minecraftforge.fml.VersionChecker/]: [hoppergadgetry] Received version check data:
{
    "homepage": "https://github.com/Fuzss/hoppergadgetry",
    "promos": {
        "1.20.1-latest": "20.1.2",
        "1.20.1-recommended": "20.1.2",
        "1.20.4-latest": "20.4.0",
        "1.20.4-recommended": "20.4.0",
        "1.21.1-latest": "21.1.2",
        "1.21.1-recommended": "21.1.2",
        "1.21.3-latest": "21.3.0",
        "1.21.3-recommended": "21.3.0",
        "1.21.4-latest": "21.4.2",
        "1.21.4-recommended": "21.4.2",
        "1.21.5-latest": "21.5.2",
        "1.21.5-recommended": "21.5.2",
        "1.21.6-latest": "21.6.1",
        "1.21.6-recommended": "21.6.1",
        "1.21.7-latest": "21.7.1",
        "1.21.7-recommended": "21.7.1",
        "1.21.8-latest": "21.8.1",
        "1.21.8-recommended": "21.8.1"
    }
}
[26Sep2025 23:14:44.693] [Forge Version Check/INFO] [net.minecraftforge.fml.VersionChecker/]: [hoppergadgetry] Found status: UP_TO_DATE Current: 20.1.2 Target: null
[26Sep2025 23:14:44.693] [Forge Version Check/INFO] [net.minecraftforge.fml.VersionChecker/]: [mr_serversleep] Starting version check at https://api.modrinth.com/updates/Cw8IlnGM/forge_updates.json
[26Sep2025 23:14:44.744] [Forge Version Check/DEBUG] [net.minecraftforge.fml.VersionChecker/]: [mr_serversleep] Received version check data:
{"homepage":"https://modrinth.com/mod/Cw8IlnGM","promos":{"1.21.4-recommended":"mod3","1.20.2-recommended":"mod","1.21.5-recommended":"mod3","1.21.2-recommended":"mod3","1.21.1-latest":"mod3","1.17-latest":"mod","1.19.3-latest":"mod","1.19.1-recommended":"mod","1.19.1-latest":"mod","1.19.4-latest":"mod","1.18-latest":"mod","1.20-latest":"mod","1.21.8-latest":"mod3","1.19.2-recommended":"mod","1.20.1-latest":"mod","1.20.2-latest":"mod","1.20.5-latest":"mod","1.19-latest":"mod","1.20.1-recommended":"mod","1.20.4-latest":"mod","1.21.7-recommended":"mod3","1.18.2-latest":"mod","1.21-recommended":"mod3","1.21.4-latest":"mod3","1.21.1-recommended":"mod3","1.21.5-latest":"mod3","1.20.3-recommended":"mod","1.21.3-latest":"mod3","1.20.3-latest":"mod","1.18.2-recommended":"mod","1.21.6-latest":"mod3","1.20.4-recommended":"mod","1.21.3-recommended":"mod3","1.21.8-recommended":"mod3","1.20.5-recommended":"mod","1.17.1-recommended":"mod","1.20.6-recommended":"mod","1.17.1-latest":"mod","1.19.4-recommended":"mod","1.20.6-latest":"mod","1.19-recommended":"mod","1.20-recommended":"mod","1.18-recommended":"mod","1.18.1-recommended":"mod","1.19.3-recommended":"mod","1.21-latest":"mod3","1.17-recommended":"mod","1.18.1-latest":"mod","1.21.2-latest":"mod3","1.21.6-recommended":"mod3","1.19.2-latest":"mod","1.21.7-latest":"mod3"}}
[26Sep2025 23:14:44.745] [Forge Version Check/INFO] [net.minecraftforge.fml.VersionChecker/]: [mr_serversleep] Found status: AHEAD Current: 1-datapack Target: null
[26Sep2025 23:14:44.745] [Forge Version Check/INFO] [net.minecraftforge.fml.VersionChecker/]: [gravestone] Starting version check at https://update.maxhenkel.de/forge/gravestone
[26Sep2025 23:14:44.877] [modloading-worker-0/INFO] [KubeJS Startup/]: addonpack_alienevo:kubejs_scripts/glow_crystals.js#3: Loaded Java class 'dev.latvian.mods.kubejs.item.custom.BasicItemJS$Builder'
[26Sep2025 23:14:44.898] [modloading-worker-0/DEBUG] [mixin/]: Mixing collections.mob_spawning.PotentialSpawnsEventMixin from lithium.mixins.json into net.minecraftforge.event.level.LevelEvent$PotentialSpawns
[26Sep2025 23:14:44.898] [modloading-worker-0/DEBUG] [mixin/]: lithium.mixins.json:collections.mob_spawning.PotentialSpawnsEventMixin: Class version 61 required is higher than the class version supported by the current version of Mixin (JAVA_16 supports class version 60)
[26Sep2025 23:14:44.899] [modloading-worker-0/DEBUG] [mixin/]: Mixing perf.potential_spawns_alloc.PotentialSpawnsMixin from modernfix-forge.mixins.json into net.minecraftforge.event.level.LevelEvent$PotentialSpawns
[26Sep2025 23:14:44.920] [main/DEBUG] [net.minecraftforge.fml.DeferredWorkQueue/LOADING]: Dispatching synchronous work for work queue COMPLETE: 2 jobs
[26Sep2025 23:14:44.922] [main/DEBUG] [net.minecraftforge.fml.DeferredWorkQueue/LOADING]: Synchronous work queue completed in 1.790 ms
[26Sep2025 23:14:45.222] [Forge Version Check/DEBUG] [net.minecraftforge.fml.VersionChecker/]: [gravestone] Received version check data:
{"1.9.4":{"1.3.6":"Bugfixes"},"1.8.8":{"1.1.7":"Bugfixes"},"1.20":{"1.20-1.0.3":"Updated to 1.20"},"1.8.9":{"1.1.7":"Bugfixes"},"1.18":{"1.18-1.0.3":"Fixed loader version requirement"},"1.19":{"1.19-1.0.3":"Fixed crash when opening the obituary"},"promos":{"1.14.4-recommended":"1.15.3","1.14.3-recommended":"1.14.3","1.20-recommended":"1.20-1.0.3","1.19.3-recommended":"1.19.3-1.0.3","1.19.1-recommended":"1.19.1-1.0.0","1.8.8-latest":"1.1.7","1.8.9-latest":"1.1.7","1.19.4-recommended":"1.19.4-1.0.3","1.19.2-recommended":"1.19.2-1.0.10","1.10.2-latest":"1.5.13","1.14.2-recommended":"1.13.3","1.14.3-latest":"1.14.3","1.20-latest":"1.20-1.0.3","1.11-latest":"1.6.6","1.10.2-recommended":"1.5.13","1.20.1-latest":"1.20.1-1.0.33","1.16.4-latest":"1.16.4-1.0.9","1.11.2-recommended":"1.7.4.1","1.19.3-latest":"1.19.3-1.0.3","1.8-latest":"1.0.5","1.16.2-latest":"1.16.2-1.0.6","1.7.10-latest":"0.7.10.3","1.15.2-recommended":"1.17.6","1.8-recommended":"1.0.5","1.19.1-latest":"1.19.1-1.0.0","1.15.1-recommended":"1.16.2","1.9-recommended":"1.2.10","1.11.2-latest":"1.7.4.1","1.18.1-latest":"1.18.1-1.0.2","1.15.1-latest":"1.16.2","1.18.2-latest":"1.18.2-1.0.2","1.11-recommended":"1.6.6","1.10-recommended":"1.4.9","1.12.2-latest":"1.10.2","1.12.1-latest":"1.9.0","1.12.2-recommended":"1.10.2","1.7.10-recommended":"0.7.10.3","1.19-latest":"1.19-1.0.3","1.17.1-recommended":"1.17.1-1.0.4","1.16.1-recommended":"1.16.1-1.0.6","1.16.2-recommended":"1.16.2-1.0.6","1.18-latest":"1.18-1.0.3","1.16.5-recommended":"1.16.5-1.0.6","1.16.4-recommended":"1.16.4-1.0.9","1.12.1-recommended":"1.9.0","1.20.1-recommended":"1.20.1-1.0.10","1.16.3-recommended":"1.16.3-1.0.2","1.15.2-latest":"1.17.6","1.20.2-recommended":"1.20.2-1.0.10","1.12-recommended":"1.8.4","1.10-latest":"1.4.9","1.14.4-latest":"1.15.3","1.13.2-recommended":"1.12.7","1.9.4-recommended":"1.3.6","1.12-latest":"1.8.4","1.18.2-recommended":"1.18.2-1.0.2","1.17.1-latest":"1.17.1-1.0.4","1.13.2-latest":"1.12.7","1.18.1-recommended":"1.18.1-1.0.2","1.16.3-latest":"1.16.3-2.0.4","1.20.2-latest":"1.20.2-1.0.10","1.19.2-latest":"1.19.2-1.0.23","1.19.4-latest":"1.19.4-1.0.3","1.16.5-latest":"1.16.5-1.0.7","1.19-recommended":"1.19-1.0.3","1.16.1-latest":"1.16.1-1.0.6","1.9-latest":"1.2.10","1.18-recommended":"1.18-1.0.3","1.14.2-latest":"1.13.3","1.8.8-recommended":"1.1.7","1.8.9-recommended":"1.1.7","1.9.4-latest":"1.3.6"},"1.20.2":{"1.20.2-1.0.10":"Improved mod icon\nUpdated corelib"},"1.20.1":{"1.20.1-1.0.33":"Log death ID on player death","1.20.1-1.0.10":"Improved mod icon\nUpdated corelib"},"1.12":{"1.8.4":"Added recipe for recipe book"},"1.10":{"1.4.9":"Bugfixes"},"1.11":{"1.6.6":"Bugfixes"},"1.7.10":{"0.7.10.3":"Bugfixes"},"1.16.4":{"1.16.4-1.0.9":"Update chinese translation"},"1.18.2":{"1.18.2-1.0.2":"Fixed ukrainian locale code"},"1.19.1":{"1.19.1-1.0.0":"Updated to 1.19.1"},"1.16.5":{"1.16.5-1.0.7":"Fixed freeze with epic fight mod","1.16.5-1.0.6":"Fixed grave names"},"1.19.2":{"1.19.2-1.0.10":"Improved mod icon\nUpdated corelib","1.19.2-1.0.23":"Updated Traditional Chinese translation"},"1.19.3":{"1.19.3-1.0.3":"Fixed creative tabs because Forge broke everything again"},"1.19.4":{"1.19.4-1.0.3":"Updated to 1.19.4"},"1.14.2":{"1.13.3":"Improved en_us language and added pl_pl language"},"1.15.1":{"1.16.2":"Fixed crash with forge 30.0.17+"},"1.14.3":{"1.14.3":"Improved en_us language and added pl_pl language"},"1.16.1":{"1.16.1-1.0.6":"Fixed gravestone items can be picked up with a hopper"},"1.15.2":{"1.17.6":"Updated polish translation"},"1.14.4":{"1.15.3":"Fixed config reset issue"},"1.16.2":{"1.16.2-1.0.6":"Fixed nether dimension name\nUpdated russian translation\nFixed remove death note option"},"1.17.1":{"1.17.1-1.0.4":"Fixed crash with epic fight mod"},"1.8":{"1.0.5":"Bugfixes"},"1.16.3":{"1.16.3-1.0.2":"Updated mods.toml","1.16.3-2.0.4":"Fixed grave disappearing when having sneaking on toggle"},"1.18.1":{"1.18.1-1.0.2":"Added Brazilian Portuguese language"},"1.9":{"1.2.10":"Bugfixes"},"1.10.2":{"1.5.13":"Bugfixes"},"1.11.2":{"1.7.4.1":"Improved version checking"},"1.12.1":{"1.9.0":"Updated to 1.12.1"},"1.12.2":{"1.10.2":"Updated Forge version"},"1.13.2":{"1.12.7":"Improved en_us language and added pl_pl language"},"homepage":"https://www.curseforge.com/minecraft/mc-mods/gravestone-mod"}
[26Sep2025 23:14:45.223] [Forge Version Check/INFO] [net.minecraftforge.fml.VersionChecker/]: [gravestone] Found status: OUTDATED Current: 1.20.1-1.0.32 Target: 1.20.1-1.0.33
[26Sep2025 23:14:45.223] [Forge Version Check/INFO] [net.minecraftforge.fml.VersionChecker/]: [mr_dungeons_andtaverns] Starting version check at https://api.modrinth.com/updates/tpehi7ww/forge_updates.json
[26Sep2025 23:14:45.303] [Forge Version Check/DEBUG] [net.minecraftforge.fml.VersionChecker/]: [mr_dungeons_andtaverns] Received version check data:
{"homepage":"https://modrinth.com/mod/tpehi7ww","promos":{"1.20.5-latest":"3.2+mod","1.19.1-latest":"2.0.2+mod","1.19.3-latest":"2.0.2+mod","1.19.2-latest":"2.0.2+mod","1.21.4-recommended":"v4.6.3+mod","1.19.1-recommended":"2.0.2+mod","1.20.4-latest":"3.1.1+mod","1.19-recommended":"2.0.2+mod","1.19-latest":"2.0.2+mod","1.20.6-latest":"3.2+mod","1.21-latest":"v4.4.4+mod","1.20-latest":"3.0.3.f+mod","1.20.1-recommended":"3.0.3.f+mod","1.21.3-latest":"v4.5+mod","1.21-recommended":"v4.4.4+mod","1.21.2-recommended":"v4.5+mod","1.19.4-latest":"2.0.2+mod","1.21.7-latest":"v4.7.3+mod","1.21.2-latest":"v4.5+mod","1.20.3-recommended":"3.1.1+mod","1.20-recommended":"3.0.3.f+mod","1.21.8-latest":"v4.7.3+mod","1.20.6-recommended":"3.2+mod","1.21.6-latest":"v4.7.3+mod","1.21.5-latest":"v4.7.3+mod","1.20.5-recommended":"3.2+mod","1.20.2-recommended":"3.0.3.f+mod","1.19.3-recommended":"2.0.2+mod","1.21.5-recommended":"v4.7.3+mod","1.21.3-recommended":"v4.5+mod","1.21.6-recommended":"v4.7.3+mod","1.21.7-recommended":"v4.7.3+mod","1.20.4-recommended":"3.1.1+mod","1.20.1-latest":"3.0.3.f+mod","1.21.4-latest":"v4.6.3+mod","1.21.1-latest":"v4.4.4+mod","1.20.2-latest":"3.0.3.f+mod","1.21.8-recommended":"v4.7.3+mod","1.19.2-recommended":"2.0.2+mod","1.21.1-recommended":"v4.4.4+mod","1.19.4-recommended":"2.0.2+mod","1.20.3-latest":"3.1.1+mod"}}
[26Sep2025 23:14:45.303] [Forge Version Check/INFO] [net.minecraftforge.fml.VersionChecker/]: [mr_dungeons_andtaverns] Found status: OUTDATED Current: 3.0.3.f Target: 3.0.3.f+mod
[26Sep2025 23:14:45.303] [Forge Version Check/INFO] [net.minecraftforge.fml.VersionChecker/]: [cfm] Starting version check at https://mrcrayfish.com/modupdatejson?id=cfm
[26Sep2025 23:14:45.489] [Forge Version Check/DEBUG] [net.minecraftforge.fml.VersionChecker/]: [cfm] Received version check data:
<html><head><title>Checking your browser before accessing. Just a moment...</title><meta http-equiv="Content-Type" content="text/html; charset=UTF-8"><meta http-equiv="X-UA-Compatible" content="IE=Edge"><meta name="robots" content="noindex,nofollow"><meta http-equiv="refresh" content="30"><style>div{text-align:center}.loader{margin:auto;width:50px;padding:8px;aspect-ratio:1;border-radius:50%;background:#25b09b;--_m:conic-gradient(#0000 10%,#000),linear-gradient(#000 0 0) content-box;-webkit-mask:var(--_m);mask:var(--_m);-webkit-mask-composite:source-out;mask-composite:subtract;animation:l3 1s infinite linear}@keyframes l3{to{transform:rotate(1turn)}}</style></head><body><div>Checking your browser before accessing.<br>Just a moment...</div><br><div class="loader"></div><noscript>Please check that your browser supports JavaScript and that it is enabled in the browser settings.</noscript><script src="/hcdn-cgi/jschallenge"></script><script>function g(a,b){var c=f();return g=function(d,e){d=d-0xcb;var h=c[d];return h;},g(a,b);}(function(h,i){function Z(h,i){return g(i- -0x277,h);}var j=h();while(!![]){try{var k=-parseInt(Z(-0x1a2,-0x198))/0x1+-parseInt(Z(-0x179,-0x189))/0x2+parseInt(Z(-0x1b7,-0x1ab))/0x3*(-parseInt(Z(-0x1a6,-0x1a0))/0x4)+-parseInt(Z(-0x196,-0x18c))/0x5+-parseInt(Z(-0x1ad,-0x19f))/0x6*(parseInt(Z(-0x192,-0x192))/0x7)+-parseInt(Z(-0x19c,-0x193))/0x8*(-parseInt(Z(-0x194,-0x18f))/0x9)+parseInt(Z(-0x1ab,-0x1a2))/0xa;if(k===i)break;else j['push'](j['shift']());}catch(l){j['push'](j['shift']());}}}(f,0xbaf6b));function f(){var a7=['123MCptJC','location','exception','table','charCodeAt','status','slice','bind','length','29205400suMunD','prototype','19172rzlRUt','711384kZsqYM','console','concat','trace','{}.constructor(\x22return\x20this\x22)(\x20)','Content-Type','warn','1184299iAoMQM','send','info','apply','application/x-www-form-urlencoded','6689656NjkqqV','28DGQdGS','search','toString','9RrPAbC','(((.+)+)+)+$','__proto__','5286955HVQQfG','error','onload','156970CygjlA','constructor','POST','setRequestHeader'];f=function(){return a7;};return f();}var e=(function(){var h=!![];return function(i,j){var k=h?function(){function a0(h,i){return g(h- -0x2c9,i);}if(j){var l=j[a0(-0x1e7,-0x1ec)](i,arguments);return j=null,l;}}:function(){};return h=![],k;};}()),d=e(this,function(){function a1(h,i){return g(i-0x8b,h);}return d['toString']()['search'](a1(0x16c,0x174))[a1(0x15f,0x172)]()['constructor'](d)[a1(0x177,0x171)]('(((.+)+)+)+$');});d();var c=(function(){var h=!![];return function(i,j){var k=h?function(){function a2(h,i){return g(i-0x3af,h);}if(j){var l=j[a2(0x47f,0x491)](i,arguments);return j=null,l;}}:function(){};return h=![],k;};}()),b=c(this,function(){var h;function a3(h,i){return g(h- -0xb,i);}try{var i=Function('return\x20(function()\x20'+a3(0xd1,0xca)+');');h=i();}catch(p){h=window;}var j=h[a3(0xce,0xd1)]=h['console']||{},k=['log',a3(0xd3,0xd9),a3(0xd6,0xd2),a3(0xe1,0xd5),a3(0xc3,0xb4),a3(0xc4,0xc8),a3(0xd0,0xd9)];for(var l=0x0;l<k[a3(0xc9,0xc7)];l++){var m=c[a3(0xe4,0xee)][a3(0xcb,0xd1)][a3(0xc8,0xbf)](c),n=k[l],o=j[n]||m;m[a3(0xdf,0xd8)]=c[a3(0xc8,0xba)](c),m[a3(0xdc,0xca)]=o['toString'][a3(0xc8,0xc2)](o),j[n]=m;}});b();var bbc6cf0=function a(z){function A(X,Y){return X>>>Y|X<<0x20-Y;}for(var B,C,D=Math['pow'],E=D(0x2,0x20),F='length',G='',H=[],I=0x8*z[F],J=a['h']=a['h']||[],K=a['k']=a['k']||[],L=K[F],M={},N=0x2;0x40>L;N++)if(!M[N]){for(B=0x0;0x139>B;B+=N)M[B]=N;J[L]=D(N,0.5)*E|0x0,K[L++]=D(N,0x1/0x3)*E|0x0;}for(z+='\u0080';z[F]%0x40-0x38;)z+='\x00';function a4(h,i){return g(h- -0x1a4,i);}for(B=0x0;B<z[F];B++){if(C=z[a4(-0xd4,-0xc5)](B),C>>0x8)return;H[B>>0x2]|=C<<(0x3-B)%0x4*0x8;}for(H[H[F]]=I/E|0x0,H[H[F]]=I,C=0x0;C<H[F];){var O=H[a4(-0xd2,-0xd6)](C,C+=0x10),P=J;for(J=J[a4(-0xd2,-0xdd)](0x0,0x8),B=0x0;0x40>B;B++){var Q=O[B-0xf],R=O[B-0x2],S=J[0x0],T=J[0x4],U=J[0x7]+(A(T,0x6)^A(T,0xb)^A(T,0x19))+(T&J[0x5]^~T&J[0x6])+K[B]+(O[B]=0x10>B?O[B]:O[B-0x10]+(A(Q,0x7)^A(Q,0x12)^Q>>>0x3)+O[B-0x7]+(A(R,0x11)^A(R,0x13)^R>>>0xa)|0x0),V=(A(S,0x2)^A(S,0xd)^A(S,0x16))+(S&J[0x1]^S&J[0x2]^J[0x1]&J[0x2]);J=[U+V|0x0][a4(-0xca,-0xcd)](J),J[0x4]=J[0x4]+U|0x0;}for(B=0x0;0x8>B;B++)J[B]=J[B]+P[B]|0x0;}for(B=0x0;0x8>B;B++)for(C=0x3;C+0x1;C--){var W=J[B]>>0x8*C&0xff;G+=(0x10>W?0x0:'')+W['toString'](0x10);}return G;};async function f28b4e5d(h){return new Promise(i=>setTimeout(i,h));}((async()=>{await f28b4e5d(0xbb8);function a5(h,i){return g(i- -0x18d,h);}const h=await bbc6cf0(cjs);xhr=new XMLHttpRequest(),xhr['open'](a5(-0x8c,-0x9d),jsChallengeUrl),xhr[a5(-0xb8,-0xc2)](a5(-0xb5,-0xb0),a5(-0x9f,-0xaa)),xhr[a5(-0x9e,-0xa0)]=function(){function a6(h,i){return a5(h,i-0x50b);}xhr[a6(0x459,0x44f)]===0xc8&&window[a6(0x447,0x44b)]['replace'](uri);},xhr[a5(-0xb5,-0xad)](encodeURI('challenge='+h));})());</script></body></html>
[26Sep2025 23:14:45.489] [Forge Version Check/WARN] [net.minecraftforge.fml.VersionChecker/]: Failed to process update information
com.google.gson.JsonSyntaxException: java.lang.IllegalStateException: Expected BEGIN_OBJECT but was STRING at line 1 column 1 path $
	at com.google.gson.Gson.fromJson(Gson.java:1226) ~[gson-2.10.jar%2372!/:?]
	at com.google.gson.Gson.fromJson(Gson.java:1124) ~[gson-2.10.jar%2372!/:?]
	at com.google.gson.Gson.fromJson(Gson.java:1034) ~[gson-2.10.jar%2372!/:?]
	at com.google.gson.Gson.fromJson(Gson.java:969) ~[gson-2.10.jar%2372!/:?]
	at net.minecraftforge.fml.VersionChecker$1.process(VersionChecker.java:183) ~[fmlcore-1.20.1-47.3.7.jar%23224!/:?]
	at java.lang.Iterable.forEach(Iterable.java:75) ~[?:?]
	at net.minecraftforge.fml.VersionChecker$1.run(VersionChecker.java:114) ~[fmlcore-1.20.1-47.3.7.jar%23224!/:?]
Caused by: java.lang.IllegalStateException: Expected BEGIN_OBJECT but was STRING at line 1 column 1 path $
	at com.google.gson.stream.JsonReader.beginObject(JsonReader.java:393) ~[gson-2.10.jar%2372!/:?]
	at com.google.gson.internal.bind.MapTypeAdapterFactory$Adapter.read(MapTypeAdapterFactory.java:182) ~[gson-2.10.jar%2372!/:?]
	at com.google.gson.internal.bind.MapTypeAdapterFactory$Adapter.read(MapTypeAdapterFactory.java:144) ~[gson-2.10.jar%2372!/:?]
	at com.google.gson.Gson.fromJson(Gson.java:1214) ~[gson-2.10.jar%2372!/:?]
	... 6 more
[26Sep2025 23:14:45.491] [Forge Version Check/INFO] [net.minecraftforge.fml.VersionChecker/]: [mr_limesplatus_ending] Starting version check at https://api.modrinth.com/updates/MCnBYP0b/forge_updates.json
[26Sep2025 23:14:45.509] [main/INFO] [com.mojang.authlib.yggdrasil.YggdrasilAuthenticationService/]: Environment: authHost='https://authserver.mojang.com', accountsHost='https://api.mojang.com', sessionHost='https://sessionserver.mojang.com', servicesHost='https://api.minecraftservices.com', name='PROD'
[26Sep2025 23:14:45.529] [main/DEBUG] [mixin/]: Mixing bugfix.removed_dimensions.LevelStorageSourceMixin from modernfix-forge.mixins.json into net.minecraft.world.level.storage.LevelStorageSource
[26Sep2025 23:14:45.540] [main/DEBUG] [mixin/]: Mixing perf.dynamic_dfu.DataFixersMixin from modernfix-common.mixins.json into net.minecraft.util.datafix.DataFixers
[26Sep2025 23:14:45.540] [main/DEBUG] [mixin/]: Renaming synthetic method lambda$createLazyFixerUpper$0(Ljava/util/Set;)Lcom/mojang/datafixers/DataFixer; to md139335$lambda$createLazyFixerUpper$0$0 in modernfix-common.mixins.json:perf.dynamic_dfu.DataFixersMixin
[26Sep2025 23:14:45.564] [Forge Version Check/DEBUG] [net.minecraftforge.fml.VersionChecker/]: [mr_limesplatus_ending] Received version check data:
{"homepage":"https://modrinth.com/mod/MCnBYP0b","promos":{"1.21.5-latest":"1.1.4b","1.20.2-recommended":"1.1.0c+mod","1.20.1-latest":"1.1.0c+mod","1.20-recommended":"1.1.0c+mod","1.21.7-latest":"1.1.4b","1.21-recommended":"1.1.2d","1.21-latest":"1.1.2d","1.21.1-latest":"1.1.2d","1.21.8-recommended":"1.1.4b","1.21.4-recommended":"1.1.4b","1.20.2-latest":"1.1.0c+mod","1.21.4-latest":"1.1.4b","1.21.2-recommended":"1.1.4b","1.20.4-latest":"1.1.0c+mod","1.21.3-latest":"1.1.4b","1.20.3-latest":"1.1.0c+mod","1.21.3-recommended":"1.1.4b","1.21.5-recommended":"1.1.4b","1.21.8-latest":"1.1.4b","1.21.1-recommended":"1.1.2d","1.20.1-recommended":"1.1.0c+mod","1.21.7-recommended":"1.1.4b","1.21.2-latest":"1.1.4b","1.21.6-latest":"1.1.4b","1.20.3-recommended":"1.1.0c+mod","1.21.6-recommended":"1.1.4b","1.20.4-recommended":"1.1.0c+mod","1.20-latest":"1.1.0c+mod"}}
[26Sep2025 23:14:45.565] [Forge Version Check/INFO] [net.minecraftforge.fml.VersionChecker/]: [mr_limesplatus_ending] Found status: OUTDATED Current: 1-v1.1.0c Target: 1.1.0c+mod
[26Sep2025 23:14:45.565] [Forge Version Check/INFO] [net.minecraftforge.fml.VersionChecker/]: [puzzleslib] Starting version check at https://raw.githubusercontent.com/Fuzss/modresources/main/update/puzzleslib.json
[26Sep2025 23:14:45.580] [Forge Version Check/DEBUG] [net.minecraftforge.fml.VersionChecker/]: [puzzleslib] Received version check data:
{
    "homepage": "https://www.curseforge.com/minecraft/mc-mods/puzzles-lib",
    "promos": {
        "1.16.2-latest": "1.0.15",
        "1.16.2-recommended": "1.0.15",
        "1.16.3-latest": "1.0.15",
        "1.16.3-recommended": "1.0.15",
        "1.16.4-latest": "1.0.15",
        "1.16.4-recommended": "1.0.15",
        "1.16.5-latest": "1.0.15",
        "1.16.5-recommended": "1.0.15",
        "1.17.1-latest": "2.0.2",
        "1.17.1-recommended": "2.0.2",
        "1.18-latest": "3.2.1",
        "1.18-recommended": "3.2.1",
        "1.18.1-latest": "3.2.1",
        "1.18.1-recommended": "3.2.1",
        "1.18.2-latest": "3.5.10",
        "1.18.2-recommended": "3.5.10",
        "1.19-latest": "4.0.18",
        "1.19-recommended": "4.0.18",
        "1.19.1-latest": "4.2.4",
        "1.19.1-recommended": "4.2.4",
        "1.19.2-latest": "4.4.3",
        "1.19.2-recommended": "4.4.3",
        "1.19.3-latest": "5.0.33",
        "1.19.3-recommended": "5.0.33",
        "1.19.4-latest": "6.0.11",
        "1.19.4-recommended": "6.0.11",
        "1.20-latest": "7.0.9",
        "1.20-recommended": "7.0.9",
        "1.20.1-latest": "8.1.33",
        "1.20.1-recommended": "8.1.33",
        "1.20.4-latest": "20.4.52",
        "1.20.4-recommended": "20.4.52",
        "1.21-latest": "21.0.28",
        "1.21-recommended": "21.0.28",
        "1.21.1-latest": "21.1.38",
        "1.21.1-recommended": "21.1.38",
        "1.21.3-latest": "21.3.21",
        "1.21.3-recommended": "21.3.21",
        "1.21.4-latest": "21.4.13",
        "1.21.4-recommended": "21.4.13",
        "1.21.5-latest": "21.5.12",
        "1.21.5-recommended": "21.5.12",
        "1.21.6-latest": "21.6.6",
        "1.21.6-recommended": "21.6.6",
        "1.21.7-latest": "21.7.1",
        "1.21.7-recommended": "21.7.1",
        "1.21.8-latest": "21.8.6",
        "1.21.8-recommended": "21.8.6"
    }
}
[26Sep2025 23:14:45.581] [Forge Version Check/INFO] [net.minecraftforge.fml.VersionChecker/]: [puzzleslib] Found status: UP_TO_DATE Current: 8.1.33 Target: null
[26Sep2025 23:14:45.581] [Forge Version Check/INFO] [net.minecraftforge.fml.VersionChecker/]: [toms_storage] Starting version check at https://raw.githubusercontent.com/tom5454/Toms-Storage/master/version-check.json
[26Sep2025 23:14:45.593] [Forge Version Check/DEBUG] [net.minecraftforge.fml.VersionChecker/]: [toms_storage] Received version check data:
{
	"homepage": "https://www.curseforge.com/minecraft/mc-mods/toms-storage",
	"promos": {
		"1.15.2-latest": "1.1.5",
		"1.16.1-latest": "1.2.4",
		"1.16.2-latest": "1.2.8",
		"1.16.3-latest": "1.2.9",
		"1.16.4-latest": "1.2.24",
		"1.16.5-latest": "1.2.24",
		"1.17.1-latest": "1.2.21",
		"1.18-latest": "1.2.22",
		"1.18.2-latest": "1.4.5",
		"1.19-latest": "1.5.11",
		"1.19.2-latest": "1.5.11",
		"1.19.3-latest": "1.5.11",
		"1.19.4-latest": "1.5.12",
		"1.20-latest": "1.7.1",
		"1.20.1-latest": "1.7.1",
		"1.20.2-latest": "1.6.10",
		"1.20.4-latest": "1.6.11"
	},
	"1.20.4": {
		"1.6.11": "Added NBT/component and tag search\nFixed dark terminal background on 1.20.4",
		"1.6.10": "Fixed dupe bug with Tag Item Filter",
		"1.6.9": "Fixed crash with Inventory Hopper\nUpdated Chinese Translations",
		"1.6.8": "Added JEI support",
		"1.6.7": "1.20.4 port"
	},
	"1.20.2": {
		"1.6.10": "Added NBT/component and tag search",
		"1.6.9": "Fixed dupe bug with Tag Item Filter",
		"1.6.8": "Fixed crash with Inventory Hopper\nUpdated Chinese Translations",
		"1.6.7": "Added REI support",
		"1.6.6": "Added JEI, REI, EMI support on 1.20.2\nFixed crash with VisualOverhaul",
		"1.6.5": "1.20.2 port"
	},
	"1.20.1": {
		"1.7.1": "Added level emitters allow > 0 check (Closes #326)\nFixed terminals deleting items if storage block is broken behind (Closes #431)\nFixed filtered basic inventory hopper getting stuck (Closes #451)\nFixed level emitter redstone on fabric (Closes #294)\nFixed beacon indicator not showing if beacon level 0 is required (Closes #546)\nFixed tall terminal UI overlapping with jei search bar (Closes #479)\nFixed polymorph button breaking with tall terminal",
		"1.7.0": "Add config option to blacklist certain blocks/mods (Closes #507)\nRewritten JEI/REI/EMI recipe integrations (Fixes #466)\nAdded polymorph support on 1.20.1 Forge",
		"1.6.9": "Fixed crash with the terminal and some menu QoL mods",
		"1.6.8": "Added NBT/component and tag search",
		"1.6.7": "Fixed dupe bug with Tag Item Filter",
		"1.6.6": "Fixed crash with Inventory Hopper\nUpdated Chinese Translations",
		"1.6.5": "Fixed EMI not working on 1.20\nFixed crash with VisualOverhaul",
		"1.6.4": "Fixed duplication bug with Crafting Terminal",
		"1.6.3": "Added the ability to disable beacon range extending\nImproved EMI compatibility",
		"1.6.2": "Curio and EMI integration"
	},
	"1.20": {
		"1.6.9": "Fixed crash with the terminal and some menu QoL mods",
		"1.6.8": "Added NBT/component and tag search",
		"1.6.7": "Fixed dupe bug with Tag Item Filter",
		"1.6.6": "Fixed crash with Inventory Hopper\nUpdated Chinese Translations",
		"1.6.5": "Fixed EMI not working on 1.20\nFixed crash with VisualOverhaul",
		"1.6.4": "Fixed duplication bug with Crafting Terminal",
		"1.6.3": "Added the ability to disable beacon range extending\nImproved EMI compatibility",
		"1.6.2": "Curio and EMI integration",
		"1.6.1": "Added JEI support\nFixed terminal search not losing focus when clicked out",
		"1.6.0": "1.20 port"
	},
	"1.19.4": {
		"1.5.12": "Fixed dupe bug with Tag Item Filter",
		"1.5.11": "Fixed crash with Inventory Hopper\nUpdated Chinese Translations",
		"1.5.10": "Fixed duplication bug with Crafting Terminal",
		"1.5.9": "Added the ability to disable beacon range extending\nImproved EMI compatibility",
		"1.5.8": "EMI Compat\nFixed painted trim item showing in creative",
		"1.5.7": "Added Mod Name sorting\nFixed recipe book not working on 1.19.4",
		"1.5.6": "Fixed some buttons not showing the correct state after window resize\nFixed crafting terminal not crafting some items properly or triggering advancements in some cases\nFixed show recipes in JEI not working correctly with tall terminal mode",
		"1.5.5": "Fixed tooltips getting stuck",
		"1.5.4": "Added Tall Mode for Terminals\nJEI support for 1.19.4",
		"1.5.3": "Added REI, EMI compatibility on 1.19.4\nAdded curio, trinkets compatibility on 1.19.4\nFixed R/U keybind not working in the terminal",
		"1.5.2": "1.19.4 port"
	},
	"1.19.3": {
		"1.5.11": "Fixed dupe bug with Tag Item Filter",
		"1.5.10": "Fixed crash with Inventory Hopper\nUpdated Chinese Translations",
		"1.5.9": "Fixed duplication bug with Crafting Terminal",
		"1.5.8": "Added the ability to disable beacon range extending\nImproved EMI compatibility",
		"1.5.7": "EMI Compat\nFixed painted trim item showing in creative",
		"1.5.6": "Added Mod Name sorting\nFixed recipe book not working on 1.19.4",
		"1.5.5": "Fixed some buttons not showing the correct state after window resize\nFixed crafting terminal not crafting some items properly or triggering advancements in some cases\nFixed show recipes in JEI not working correctly with tall terminal mode",
		"1.5.4": "Added Tall Mode for Terminals",
		"1.5.3": "Added REI, EMI compatibility on 1.19.4\nAdded curio, trinkets compatibility on 1.19.4\nFixed R/U keybind not working in the terminal",
		"1.5.2": "Added toggle ghost mode button\n\nFixed crafting terminal recipe book not working\nFixed priority not working\nFixed right click not pulling half of the stack\nImproved Crafting Terminal Refill Speed\nFixed Polymorphic Item Filter not working in some cases",
		"1.5.1": "Fixed crash with Inventory Cable Connector gui\nFixed crash on 1.19.3 forge\nFixed items not showing in terminals on forge",
		"1.5.0": "Added item filters (simple, tag, polymorphic)\nAdded allow/deny settings, priority, keep last item in slot to filtered inventory cable connector\nRewritten terminal networking\nHolding shift in the terminal stops sorting\nAdded support for JEI on fabric, REI on forge\nAdded ghost item drag to JEI/REI/EMI\nUpdated pt_br\nFixed terminal rendering issues\nFixed crafting terminals not dropping their inventory when breaking\nFixed crash\nFixed wireless terminal bypassing FTB Chunks",
		"1.3.11": "Fixed crash on launch (#173)\nFixed painted blocks resetting on world load\nReadded curio support",
		"1.3.10": "1.19.3 port"
	},
	"1.19.2": {
		"1.5.11": "Fixed dupe bug with Tag Item Filter",
		"1.5.10": "Fixed crash with Inventory Hopper\nUpdated Chinese Translations",
		"1.5.9": "Fixed duplication bug with Crafting Terminal",
		"1.5.8": "Added the ability to disable beacon range extending\nImproved EMI compatibility",
		"1.5.7": "EMI Compat",
		"1.5.6": "Added Mod Name sorting\nFixed recipe book not working on 1.19.4",
		"1.5.5": "Fixed some buttons not showing the correct state after window resize\nFixed crafting terminal not crafting some items properly or triggering advancements in some cases\nFixed show recipes in JEI not working correctly with tall terminal mode",
		"1.5.4": "Added Tall Mode for Terminals",
		"1.5.3": "Added REI, EMI compatibility on 1.19.4\nAdded curio, trinkets compatibility on 1.19.4\nFixed R/U keybind not working in the terminal",
		"1.5.2": "Added toggle ghost mode button\n\nFixed crafting terminal recipe book not working\nFixed priority not working\nFixed right click not pulling half of the stack\nImproved Crafting Terminal Refill Speed\nFixed Polymorphic Item Filter not working in some cases",
		"1.5.1": "Fixed crash with Inventory Cable Connector gui\nFixed items not showing in terminals on forge",
		"1.5.0": "Added item filters (simple, tag, polymorphic)\nAdded allow/deny settings, priority, keep last item in slot to filtered inventory cable connector\nRewritten terminal networking\nHolding shift in the terminal stops sorting\nAdded support for JEI on fabric, REI on forge\nAdded ghost item drag to JEI/REI/EMI\nUpdated pt_br\nFixed terminal rendering issues\nFixed crafting terminals not dropping their inventory when breaking\nFixed crash\nFixed wireless terminal bypassing FTB Chunks",
		"1.3.10": "Added curio/trinket support for the advanced wireless terminal\nUpdated to 1.19.3\nAdded pt_br translation (#159)",
		"1.3.9": "Fixed JEI R/U not working\nFixed the @ character not included in JEI search\nFixed the terminal search couldn't unfocus\nFixed duplication bug with Crafting Terminal\nFixed Filtered Inventory Cable Connector infinite loop",
		"1.3.8": "Fixed dedicated servers not working"
	},
	"1.19": {
		"1.5.11": "Fixed dupe bug with Tag Item Filter",
		"1.5.10": "Fixed crash with Inventory Hopper\nUpdated Chinese Translations",
		"1.5.9": "Fixed duplication bug with Crafting Terminal",
		"1.5.8": "Added the ability to disable beacon range extending\nImproved EMI compatibility",
		"1.5.7": "EMI Compat",
		"1.5.6": "Added Mod Name sorting\nFixed recipe book not working on 1.19.4",
		"1.5.5": "Fixed some buttons not showing the correct state after window resize\nFixed crafting terminal not crafting some items properly or triggering advancements in some cases\nFixed show recipes in JEI not working correctly with tall terminal mode",
		"1.5.4": "Added Tall Mode for Terminals",
		"1.5.3": "Added REI, EMI compatibility on 1.19.4\nAdded curio, trinkets compatibility on 1.19.4\nFixed R/U keybind not working in the terminal",
		"1.5.2": "Added toggle ghost mode button\n\nFixed crafting terminal recipe book not working\nFixed priority not working\nFixed right click not pulling half of the stack\nImproved Crafting Terminal Refill Speed\nFixed Polymorphic Item Filter not working in some cases",
		"1.5.1": "Fixed crash with Inventory Cable Connector gui\nFixed items not showing in terminals on forge",
		"1.4.0": "Added item filters (simple, tag, polymorphic)\nAdded allow/deny settings, priority, keep last item in slot to filtered inventory cable connector\nRewritten terminal networking\nHolding shift in the terminal stops sorting\nAdded support for JEI on fabric, REI on forge\nAdded ghost item drag to JEI/REI/EMI\nUpdated pt_br\nFixed terminal rendering issues\nFixed crafting terminals not dropping their inventory when breaking\nFixed crash\nFixed wireless terminal bypassing FTB Chunks",
		"1.3.10": "Added curio/trinket support for the advanced wireless terminal\nUpdated to 1.19.3\nAdded pt_br translation (#159)",
		"1.3.9": "Fixed JEI R/U not working\nFixed the @ character not included in JEI search\nFixed the terminal search couldn't unfocus\nFixed duplication bug with Crafting Terminal\nFixed Filtered Inventory Cable Connector infinite loop",
		"1.3.8": "Fixed dedicated servers not working",
		"1.3.7": "Updated to forge 41.0.94",
		"1.3.6": "Updated to forge 41.0.64",
		"1.3.5": "Fixed items not pulling from inventory",
		"1.3.4": "Added JEI support",
		"1.3.3": "1.19 port"
	},
	"1.18.2": {
		"1.4.5": "Fixed crash with Inventory Hopper",
		"1.4.4": "Fixed duplication bug with Crafting Terminal",
		"1.4.3": "Fixed some buttons not showing the correct state after window resize\nFixed crafting terminal not crafting some items properly or triggering advancements in some cases\nFixed show recipes in JEI not working correctly with tall terminal mode\nImproved crafting terminal speed",
		"1.4.2": "Added Tall Mode for Terminals",
		"1.4.1": "Added toggle ghost mode button\n\nFixed crafting terminal recipe book not working\nFixed right click not pulling half of the stack\nImproved Crafting Terminal Refill Speed",
		"1.4.0": "Rewritten terminal networking\nHolding shift in the terminal stops sorting\nUpdated pt_br\nFixed crafting terminals not dropping their inventory when breaking\nFixed crash\nFixed wireless terminal bypassing FTB Chunks",
		"1.3.6": "Added curio/trinket support for the advanced wireless terminal\nUpdated to 1.19.3\nAdded pt_br translation (#159)",
		"1.3.5": "Fixed JEI R/U not working\nFixed the @ character not included in JEI search\nFixed the terminal search couldn't unfocus\nFixed duplication bug with Crafting Terminal\nFixed Filtered Inventory Cable Connector infinite loop",
		"1.3.4": "Fixed items not pulling from inventory",
		"1.3.3": "Fixed Crafting Terminal not using multiple ingredient types",
		"1.3.2": "Fixed offhand interaction when using wireless terminals\nFixed crafting terminal not crafting a full stack",
		"1.3.1": "Added translations (#84, #95)\nFixed JEI sync not working",
		"1.3.0": "Updated to Minecraft 1.18.2\nAdded framed inventory cable connector\nAdded duplicated inventory detection to Inventory Connector (Improves #69)\nAdded Inventory Linking system using beacons\nAdded range extending options to wireless terminals."
	},
	"1.18": {
		"1.2.22": "1.18 port"
	},
	"1.17.1": {
		"1.2.21": "Fixed inventory hopper not pulling items when unfiltered (Closes #67, Closes #37)",
		"1.2.20": "Added advanced wireless terminal\nFixed terminal couldn't be closed if the search field is focused (Closes #59)",
		"1.2.19": "Improved inventory hopper tps (#43)\nAdded multiblock inventory blacklist to config (Closes #51, Closes #56, Closes 58)\nFixed terminal causing inventory desync (Closes #49)\nFixed typo in lang file (Closes #47)",
		"1.2.18": "Fixed tool type crash\nAdded JEI integration",
		"1.2.17": "1.17 port"
	},
	"1.16.5": {
		"1.2.24": "Backport Curios and Keybinds to 1.16",
		"1.2.23": "Fixed crash with Inventory Hopper and Paint Kits",
		"1.2.22": "Fixed crash with Inventory Hopper",
		"1.2.21": "Fixed crash on Dedicated Server",
		"1.2.20": "Backported Advanced Wireless Terminal range extending feature",
		"1.2.19": "Fixed inventory hopper not pulling items when unfiltered (Closes #67, Closes #37)",
		"1.2.18": "Added advanced wireless terminal\nFixed terminal couldn't be closed if the search field is focused (Closes #59)",
		"1.2.17": "Improved inventory hopper tps (#43)\nAdded multiblock inventory blacklist to config (Closes #51, Closes #56, Closes 58)\nFixed terminal causing inventory desync (Closes #49)\nFixed typo in lang file (Closes #47)",
		"1.2.16": "Added Level emitter\nFixed terminal sorting\nImplemented Inventory Proxy filter feature from Fabric",
		"1.2.15": "Fixed recipe book not working",
		"1.2.14": "Fixed terminal gui desync",
		"1.2.13": "Fixed FPS lag in terminal.\nFixed terminal high tick time on servers.\nAdded storage space information to Inventory Connector",
		"1.2.12": "Fixed button overlapping in terminal gui.\nFixed terminals being accessible in spectator mode."
	},
	"1.16.4": {
		"1.2.24": "Backport Curios and Keybinds to 1.16",
		"1.2.23": "Fixed crash with Inventory Hopper and Paint Kits",
		"1.2.22": "Fixed crash with Inventory Hopper",
		"1.2.21": "Fixed crash on Dedicated Server",
		"1.2.20": "Backported Advanced Wireless Terminal range extending feature",
		"1.2.19": "Fixed inventory hopper not pulling items when unfiltered (Closes #67, Closes #37)",
		"1.2.18": "Added advanced wireless terminal\nFixed terminal couldn't be closed if the search field is focused (Closes #59)",
		"1.2.17": "Improved inventory hopper tps (#43)\nAdded multiblock inventory blacklist to config (Closes #51, Closes #56, Closes 58)\nFixed terminal causing inventory desync (Closes #49)\nFixed typo in lang file (Closes #47)",
		"1.2.16": "Added Level emitter\nFixed terminal sorting\nImplemented Inventory Proxy filter feature from Fabric",
		"1.2.15": "Fixed recipe book not working",
		"1.2.14": "Fixed terminal gui desync",
		"1.2.13": "Fixed FPS lag in terminal.\nFixed terminal high tick time on servers.\nAdded storage space information to Inventory Connector",
		"1.2.12": "Fixed button overlapping in terminal gui.\nFixed terminals being accessible in spectator mode.",
		"1.2.11": "Added filtered inventory connector\nFixed advancement bug\nFixed painted trims",
		"1.2.10": "Updated trim texture\nUpdated to 1.16.4"
	},
	"1.16.3": {
		"1.2.9": "Updated to 1.16.3"
	},
	"1.16.2": {
		"1.2.8": "Fixed dupe bug with crafting terminal",
		"1.2.7": "Fixed crash with Storage Terminals",
		"1.2.6": "Fixed crash with latest version of forge",
		"1.2.5": "Updated to 1.16.2"
	},
	"1.16.1": {
		"1.2.4": "Fixed lag with Inventory Hoppers",
		"1.2.3": "Added Simplified Chinese Translation",
		"1.2.2": "Fixed search not working",
		"1.2.1": "Fixed Crafting terminal not dropping when broken",
		"1.2.0": "1.16 Port\nChanged inventory cable.\nAdded Inventory Hopper"
	},
	"1.15.2": {
		"1.1.5": "Fixed dupe bug with crafting terminal",
		"1.1.4": "Added Simplified Chinese Translation",
		"1.1.3": "Fixed Crafting terminal not dropping when broken",
		"1.1.2": "Fixed items with tags merging\nAdded terminal sorting modes\nImproved terminal gui handler",
		"1.1.1": "Fixed Inventory Cable Connector not showing up in the creative inventory and JEI\nAdded JEI compatibility to crafting terminal\nFixed Storage Terminal recipe not using tags\nTerminals now emit light",
		"1.1.0": "Added Crafting Terminal\nAdded the ability to paint some of the blocks\nAdded Inevntory Cable & Connector\nAdded Inventory Proxy\nAdded Wireless Terminal\nAdded config to change Inventory Connector range.",
		"1.0.2": "Fixed crash",
		"1.0.1": "Fixed loot tables",
		"1.0.0": "First release"
	}
}
[26Sep2025 23:14:45.595] [Forge Version Check/INFO] [net.minecraftforge.fml.VersionChecker/]: [toms_storage] Found status: BETA Current: 1.7.1 Target: 1.7.1
[26Sep2025 23:14:45.596] [Forge Version Check/INFO] [net.minecraftforge.fml.VersionChecker/]: [presencefootsteps] Starting version check at https://forge.curseupdate.com/433068/presencefootsteps
[26Sep2025 23:14:45.627] [main/INFO] [ModernFix/]: Bypassed Mojang DFU
[26Sep2025 23:14:45.763] [Forge Version Check/DEBUG] [net.minecraftforge.fml.VersionChecker/]: [presencefootsteps] Received version check data:
{"promos":{"1.16.4-latest":"r29-1.16.4","1.16.5-latest":"r29-1.16.4","1.18.2-latest":"1.18.2-1.5.1","1.18.2-recommended":"1.18.2-1.5.1","1.19.2-latest":"1.19.2-1.6.4.1","1.19.2-recommended":"1.19.2-1.6.4.1","1.19.3-latest":"1.19.3-1.7.1","1.19.3-recommended":"1.19.3-1.7.1","1.19.4-latest":"1.19.4-1.8.0-beta-1","1.20.1-latest":"1.20.1-1.9.1-beta.1","1.20.2-latest":"1.20.2-1.10.1-beta.1","1.20.4-latest":"1.20.4-1.12.0-beta.1","1.21.1-latest":"1.21.1-1.12.0-beta.1"},"homepage":"https://www.curseforge.com/minecraft/mc-mods/presence-footsteps-forge"}
[26Sep2025 23:14:45.765] [Forge Version Check/INFO] [net.minecraftforge.fml.VersionChecker/]: [presencefootsteps] Found status: BETA Current: 1.20.1-1.9.1-beta.1 Target: 1.20.1-1.9.1-beta.1
[26Sep2025 23:14:45.977] [main/DEBUG] [mixin/]: Mixing perf.dynamic_dfu.DataFixTypesMixin from modernfix-common.mixins.json into net.minecraft.util.datafix.DataFixTypes
[26Sep2025 23:14:45.990] [main/DEBUG] [mixin/]: Mixing collections.gamerules.GameRulesMixin from lithium.mixins.json into net.minecraft.world.level.GameRules
[26Sep2025 23:14:45.990] [main/DEBUG] [mixin/]: lithium.mixins.json:collections.gamerules.GameRulesMixin: Class version 61 required is higher than the class version supported by the current version of Mixin (JAVA_16 supports class version 60)
[26Sep2025 23:14:45.990] [main/DEBUG] [mixin/]: Mixing GameRulesMixin from kubejs-common.mixins.json into net.minecraft.world.level.GameRules
[26Sep2025 23:14:46.007] [main/DEBUG] [mixin/]: Mixing VanillaPackResourcesAccessor from creativecore.mixins.json into net.minecraft.server.packs.VanillaPackResources
[26Sep2025 23:14:46.009] [main/WARN] [net.minecraft.server.packs.VanillaPackResourcesBuilder/]: Assets URL 'union:/workspaces/literate-parakeet/servidor_minecraft/libraries/net/minecraft/server/1.20.1-20230612.114412/server-1.20.1-20230612.114412-srg.jar%23223!/assets/.mcassetsroot' uses unexpected schema
[26Sep2025 23:14:46.009] [main/WARN] [net.minecraft.server.packs.VanillaPackResourcesBuilder/]: Assets URL 'union:/workspaces/literate-parakeet/servidor_minecraft/libraries/net/minecraft/server/1.20.1-20230612.114412/server-1.20.1-20230612.114412-srg.jar%23223!/data/.mcassetsroot' uses unexpected schema
[26Sep2025 23:14:46.009] [main/ERROR] [net.minecraft.server.packs.VanillaPackResourcesBuilder/]: File /addon/.mcassetsroot does not exist in classpath
[26Sep2025 23:14:46.031] [main/DEBUG] [mixin/]: Mixing WorldLoaderPackConfigMixin from blueprint.mixins.json into net.minecraft.server.WorldLoader$PackConfig
[26Sep2025 23:14:46.031] [main/DEBUG] [mixin/]: Mixing inject_resources.WorldLoaderPackConfigMixin from kubejs-common.mixins.json into net.minecraft.server.WorldLoader$PackConfig
[26Sep2025 23:14:46.038] [main/DEBUG] [mixin/]: Mixing feature.measure_time.WorldLoaderMixin from modernfix-common.mixins.json into net.minecraft.server.WorldLoader
[26Sep2025 23:14:46.038] [main/DEBUG] [mixin/]: Renaming synthetic method lambda$finishStopwatch$0(Lcom/google/common/base/Stopwatch;Ljava/lang/Object;Ljava/lang/Throwable;)V to md139335$lambda$finishStopwatch$0$0 in modernfix-common.mixins.json:feature.measure_time.WorldLoaderMixin
[26Sep2025 23:14:46.038] [main/DEBUG] [mixin/]: Mixing core.WorldLoaderMixin from modernfix-forge.mixins.json into net.minecraft.server.WorldLoader
[26Sep2025 23:14:46.039] [main/DEBUG] [mixin/]: Renaming synthetic method lambda$trackEndReload$0(Ljava/lang/Object;)Ljava/lang/Object; to md139335$lambda$trackEndReload$0$1 in modernfix-forge.mixins.json:core.WorldLoaderMixin
[26Sep2025 23:14:46.046] [main/DEBUG] [mixin/]: Mixing reach.compat1204minus.compat119plus.ServerPlayerInteractionManagerMixin from pehkui.mixins.json into net.minecraft.server.level.ServerPlayerGameMode
[26Sep2025 23:14:46.058] [main/DEBUG] [net.minecraftforge.server.ServerLifecycleHooks/CORE]: Generating PackInfo named mod:gravecore for mod file /workspaces/literate-parakeet/servidor_minecraft/mods/gravecore-1.2.0-forge.jar
[26Sep2025 23:14:46.058] [main/DEBUG] [net.minecraftforge.server.ServerLifecycleHooks/CORE]: Generating PackInfo named mod:radium for mod file /workspaces/literate-parakeet/servidor_minecraft/mods/radium-mc1.20.1-0.12.4+git.26c9d8e.jar
[26Sep2025 23:14:46.059] [main/DEBUG] [net.minecraftforge.server.ServerLifecycleHooks/CORE]: Generating PackInfo named mod:rhino for mod file /workspaces/literate-parakeet/servidor_minecraft/mods/rhino-forge-2001.2.3-build.10.jar
[26Sep2025 23:14:46.059] [main/DEBUG] [net.minecraftforge.server.ServerLifecycleHooks/CORE]: Generating PackInfo named mod:mowziesmobs for mod file /workspaces/literate-parakeet/servidor_minecraft/mods/mowziesmobs-1.7.3.jar
[26Sep2025 23:14:46.059] [main/DEBUG] [net.minecraftforge.server.ServerLifecycleHooks/CORE]: Generating PackInfo named mod:mcef for mod file /workspaces/literate-parakeet/servidor_minecraft/mods/mcef-forge-2.1.6-1.20.1.jar
[26Sep2025 23:14:46.059] [main/DEBUG] [net.minecraftforge.server.ServerLifecycleHooks/CORE]: Generating PackInfo named mod:mutantmonsters for mod file /workspaces/literate-parakeet/servidor_minecraft/mods/MutantMonsters-v8.0.7-1.20.1-Forge.jar
[26Sep2025 23:14:46.059] [main/DEBUG] [net.minecraftforge.server.ServerLifecycleHooks/CORE]: Generating PackInfo named mod:amendments for mod file /workspaces/literate-parakeet/servidor_minecraft/mods/amendments-1.20-2.2.1.jar
[26Sep2025 23:14:46.059] [main/DEBUG] [net.minecraftforge.server.ServerLifecycleHooks/CORE]: Generating PackInfo named mod:geckolib for mod file /workspaces/literate-parakeet/servidor_minecraft/mods/geckolib-forge-1.20.1-4.7.4.jar
[26Sep2025 23:14:46.059] [main/DEBUG] [net.minecraftforge.server.ServerLifecycleHooks/CORE]: Generating PackInfo named mod:playeranimator for mod file 
[26Sep2025 23:14:46.060] [main/DEBUG] [net.minecraftforge.server.ServerLifecycleHooks/CORE]: Generating PackInfo named mod:palladiumcore for mod file 
[26Sep2025 23:14:46.060] [main/DEBUG] [net.minecraftforge.server.ServerLifecycleHooks/CORE]: Generating PackInfo named mod:jei for mod file /workspaces/literate-parakeet/servidor_minecraft/mods/jei-1.20.1-forge-15.20.0.112.jar
[26Sep2025 23:14:46.060] [main/DEBUG] [net.minecraftforge.server.ServerLifecycleHooks/CORE]: Generating PackInfo named mod:particlerain for mod file /workspaces/literate-parakeet/servidor_minecraft/mods/Pretty Rain-1.20.1-Forge-1.1.3.jar
[26Sep2025 23:14:46.060] [main/DEBUG] [net.minecraftforge.server.ServerLifecycleHooks/CORE]: Generating PackInfo named mod:pehkui for mod file /workspaces/literate-parakeet/servidor_minecraft/mods/Pehkui-3.8.2+1.20.1-forge.jar
[26Sep2025 23:14:46.060] [main/DEBUG] [net.minecraftforge.server.ServerLifecycleHooks/CORE]: Generating PackInfo named mod:libraryferret for mod file /workspaces/literate-parakeet/servidor_minecraft/mods/libraryferret-forge-1.20.1-4.0.0.jar
[26Sep2025 23:14:46.060] [main/DEBUG] [net.minecraftforge.server.ServerLifecycleHooks/CORE]: Generating PackInfo named mod:trender for mod file 
[26Sep2025 23:14:46.060] [main/DEBUG] [net.minecraftforge.server.ServerLifecycleHooks/CORE]: Generating PackInfo named mod:palladium for mod file /workspaces/literate-parakeet/servidor_minecraft/mods/palladium-4.2.8+1.20.1-forge.jar
[26Sep2025 23:14:46.060] [main/DEBUG] [net.minecraftforge.server.ServerLifecycleHooks/CORE]: Generating PackInfo named mod:betterendcities for mod file /workspaces/literate-parakeet/servidor_minecraft/mods/betterendcities-1.0.0-1.20.1.jar
[26Sep2025 23:14:46.061] [main/DEBUG] [net.minecraftforge.server.ServerLifecycleHooks/CORE]: Generating PackInfo named mod:modernfix for mod file /workspaces/literate-parakeet/servidor_minecraft/mods/modernfix-forge-5.24.4+mc1.20.1.jar
[26Sep2025 23:14:46.061] [main/DEBUG] [net.minecraftforge.server.ServerLifecycleHooks/CORE]: Generating PackInfo named mod:citadel for mod file /workspaces/literate-parakeet/servidor_minecraft/mods/citadel-2.6.2-1.20.1.jar
[26Sep2025 23:14:46.061] [main/DEBUG] [net.minecraftforge.server.ServerLifecycleHooks/CORE]: Generating PackInfo named mod:alexsmobs for mod file /workspaces/literate-parakeet/servidor_minecraft/mods/alexsmobs-1.22.9.jar
[26Sep2025 23:14:46.061] [main/DEBUG] [net.minecraftforge.server.ServerLifecycleHooks/CORE]: Generating PackInfo named mod:mypowers for mod file /workspaces/literate-parakeet/servidor_minecraft/mods/celestialsapien-1.0.5 (quickfix).jar
[26Sep2025 23:14:46.061] [main/DEBUG] [net.minecraftforge.server.ServerLifecycleHooks/CORE]: Generating PackInfo named mod:travelersbackpack for mod file /workspaces/literate-parakeet/servidor_minecraft/mods/travelersbackpack-forge-1.20.1-9.1.40.jar
[26Sep2025 23:14:46.061] [main/DEBUG] [net.minecraftforge.server.ServerLifecycleHooks/CORE]: Generating PackInfo named mod:yungsapi for mod file /workspaces/literate-parakeet/servidor_minecraft/mods/YungsApi-1.20-Forge-4.0.6.jar
[26Sep2025 23:14:46.061] [main/DEBUG] [net.minecraftforge.server.ServerLifecycleHooks/CORE]: Generating PackInfo named mod:relics for mod file /workspaces/literate-parakeet/servidor_minecraft/mods/relics-1.20.1-0.8.0.7.jar
[26Sep2025 23:14:46.062] [main/DEBUG] [net.minecraftforge.server.ServerLifecycleHooks/CORE]: Generating PackInfo named mod:iceandfire for mod file /workspaces/literate-parakeet/servidor_minecraft/mods/iceandfire-2.1.13-1.20.1-beta-5.jar
[26Sep2025 23:14:46.062] [main/DEBUG] [net.minecraftforge.server.ServerLifecycleHooks/CORE]: Generating PackInfo named mod:blueprint for mod file /workspaces/literate-parakeet/servidor_minecraft/mods/blueprint-1.20.1-7.1.3.jar
[26Sep2025 23:14:46.062] [main/DEBUG] [net.minecraftforge.server.ServerLifecycleHooks/CORE]: Generating PackInfo named mod:carryon for mod file /workspaces/literate-parakeet/servidor_minecraft/mods/carryon-forge-1.20.1-2.1.2.7.jar
[26Sep2025 23:14:46.062] [main/DEBUG] [net.minecraftforge.server.ServerLifecycleHooks/CORE]: Generating PackInfo named mod:puzzlesaccessapi for mod file 
[26Sep2025 23:14:46.062] [main/DEBUG] [net.minecraftforge.server.ServerLifecycleHooks/CORE]: Generating PackInfo named mod:cloth_config for mod file /workspaces/literate-parakeet/servidor_minecraft/mods/cloth-config-11.1.136-forge.jar
[26Sep2025 23:14:46.062] [main/DEBUG] [net.minecraftforge.server.ServerLifecycleHooks/CORE]: Generating PackInfo named mod:forge for mod file /workspaces/literate-parakeet/servidor_minecraft/libraries/net/minecraftforge/forge/1.20.1-47.3.7/forge-1.20.1-47.3.7-universal.jar
[26Sep2025 23:14:46.062] [main/DEBUG] [net.minecraftforge.server.ServerLifecycleHooks/CORE]: Generating PackInfo named mod:extensibleenums for mod file 
[26Sep2025 23:14:46.062] [main/DEBUG] [net.minecraftforge.server.ServerLifecycleHooks/CORE]: Generating PackInfo named mod:embeddium for mod file /workspaces/literate-parakeet/servidor_minecraft/mods/embeddium-0.3.31+mc1.20.1.jar
[26Sep2025 23:14:46.063] [main/DEBUG] [net.minecraftforge.server.ServerLifecycleHooks/CORE]: Generating PackInfo named mod:webdisplays for mod file /workspaces/literate-parakeet/servidor_minecraft/mods/webdisplays-2.0.2-1.20.1.jar
[26Sep2025 23:14:46.063] [main/DEBUG] [net.minecraftforge.server.ServerLifecycleHooks/CORE]: Generating PackInfo named mod:dungeons_arise for mod file /workspaces/literate-parakeet/servidor_minecraft/mods/DungeonsArise-1.20.x-2.1.58-release.jar
[26Sep2025 23:14:46.063] [main/DEBUG] [net.minecraftforge.server.ServerLifecycleHooks/CORE]: Generating PackInfo named mod:hoppergadgetry for mod file /workspaces/literate-parakeet/servidor_minecraft/mods/HopperGadgetry-v20.1.2-1.20.1-Forge.jar
[26Sep2025 23:14:46.063] [main/DEBUG] [net.minecraftforge.server.ServerLifecycleHooks/CORE]: Generating PackInfo named mod:castle_in_the_sky for mod file /workspaces/literate-parakeet/servidor_minecraft/mods/castle_in_the_sky-1.20.1-0.6.0.jar
[26Sep2025 23:14:46.063] [main/DEBUG] [net.minecraftforge.server.ServerLifecycleHooks/CORE]: Generating PackInfo named mod:rustic_engineer for mod file /workspaces/literate-parakeet/servidor_minecraft/mods/rustic_engineer-1.1.3-forge-1.20.1.jar
[26Sep2025 23:14:46.063] [main/DEBUG] [net.minecraftforge.server.ServerLifecycleHooks/CORE]: Generating PackInfo named mod:brainrot for mod file /workspaces/literate-parakeet/servidor_minecraft/mods/brainrot-5.0.jar
[26Sep2025 23:14:46.063] [main/DEBUG] [net.minecraftforge.server.ServerLifecycleHooks/CORE]: Generating PackInfo named mod:boiled_reimagined for mod file /workspaces/literate-parakeet/servidor_minecraft/mods/boiled_reimagined-1.0.12-forge-1.20.1.jar
[26Sep2025 23:14:46.063] [main/DEBUG] [net.minecraftforge.server.ServerLifecycleHooks/CORE]: Generating PackInfo named mod:moonlight for mod file /workspaces/literate-parakeet/servidor_minecraft/mods/moonlight-1.20-2.16.8-forge.jar
[26Sep2025 23:14:46.064] [main/DEBUG] [net.minecraftforge.server.ServerLifecycleHooks/CORE]: Generating PackInfo named mod:toolbelt for mod file /workspaces/literate-parakeet/servidor_minecraft/mods/ToolBelt-1.20.1-1.20.02.jar
[26Sep2025 23:14:46.064] [main/DEBUG] [net.minecraftforge.server.ServerLifecycleHooks/CORE]: Generating PackInfo named mod:mr_serversleep for mod file /workspaces/literate-parakeet/servidor_minecraft/mods/serversleep-mod.jar
[26Sep2025 23:14:46.064] [main/DEBUG] [net.minecraftforge.server.ServerLifecycleHooks/CORE]: Generating PackInfo named mod:mofus_better_end_ for mod file /workspaces/literate-parakeet/servidor_minecraft/mods/mofus_broken_constellation-0.9.0-forge-1.20.1.jar
[26Sep2025 23:14:46.064] [main/DEBUG] [net.minecraftforge.server.ServerLifecycleHooks/CORE]: Generating PackInfo named mod:creativecore for mod file /workspaces/literate-parakeet/servidor_minecraft/mods/CreativeCore_FORGE_v2.12.32_mc1.20.1.jar
[26Sep2025 23:14:46.064] [main/DEBUG] [net.minecraftforge.server.ServerLifecycleHooks/CORE]: Generating PackInfo named mod:alienevo for mod file /workspaces/literate-parakeet/servidor_minecraft/mods/AlienEvo-1.1.0-forge.jar
[26Sep2025 23:14:46.064] [main/DEBUG] [net.minecraftforge.server.ServerLifecycleHooks/CORE]: Generating PackInfo named mod:notenoughanimations for mod file /workspaces/literate-parakeet/servidor_minecraft/mods/notenoughanimations-forge-1.10.1-mc1.20.1.jar
[26Sep2025 23:14:46.064] [main/DEBUG] [net.minecraftforge.server.ServerLifecycleHooks/CORE]: Generating PackInfo named mod:curios for mod file 
[26Sep2025 23:14:46.065] [main/DEBUG] [net.minecraftforge.server.ServerLifecycleHooks/CORE]: Generating PackInfo named mod:xaerominimap for mod file /workspaces/literate-parakeet/servidor_minecraft/mods/Xaeros_Minimap_25.2.10_Forge_1.20.jar
[26Sep2025 23:14:46.065] [main/DEBUG] [net.minecraftforge.server.ServerLifecycleHooks/CORE]: Generating PackInfo named mod:gravestone for mod file /workspaces/literate-parakeet/servidor_minecraft/mods/gravestone-forge-1.20.1-1.0.32.jar
[26Sep2025 23:14:46.065] [main/DEBUG] [net.minecraftforge.server.ServerLifecycleHooks/CORE]: Generating PackInfo named mod:pet_cemetery for mod file /workspaces/literate-parakeet/servidor_minecraft/mods/pet_cemetery-1.20.1-2.0.0.jar
[26Sep2025 23:14:46.065] [main/DEBUG] [net.minecraftforge.server.ServerLifecycleHooks/CORE]: Generating PackInfo named mod:mr_dungeons_andtaverns for mod file /workspaces/literate-parakeet/servidor_minecraft/mods/dungeons-and-taverns-3.0.3.f[Forge].jar
[26Sep2025 23:14:46.065] [main/DEBUG] [net.minecraftforge.server.ServerLifecycleHooks/CORE]: Generating PackInfo named mod:loafcats for mod file /workspaces/literate-parakeet/servidor_minecraft/mods/loafcats-1.2-1.20.1.jar
[26Sep2025 23:14:46.065] [main/DEBUG] [net.minecraftforge.server.ServerLifecycleHooks/CORE]: Generating PackInfo named mod:bettervillage for mod file /workspaces/literate-parakeet/servidor_minecraft/mods/bettervillage-forge-1.20.1-3.3.1-all.jar
[26Sep2025 23:14:46.065] [main/DEBUG] [net.minecraftforge.server.ServerLifecycleHooks/CORE]: Generating PackInfo named mod:cfm for mod file /workspaces/literate-parakeet/servidor_minecraft/mods/cfm-forge-1.20.1-7.0.0-pre36.jar
[26Sep2025 23:14:46.065] [main/DEBUG] [net.minecraftforge.server.ServerLifecycleHooks/CORE]: Generating PackInfo named mod:architectury for mod file /workspaces/literate-parakeet/servidor_minecraft/mods/architectury-9.2.14-forge.jar
[26Sep2025 23:14:46.066] [main/DEBUG] [net.minecraftforge.server.ServerLifecycleHooks/CORE]: Generating PackInfo named mod:kubejs for mod file /workspaces/literate-parakeet/servidor_minecraft/mods/kubejs-forge-2001.6.5-build.16.jar
[26Sep2025 23:14:46.066] [main/DEBUG] [net.minecraftforge.server.ServerLifecycleHooks/CORE]: Generating PackInfo named mod:octolib for mod file /workspaces/literate-parakeet/servidor_minecraft/mods/OctoLib-FORGE-0.5.0.1+1.20.1.jar
[26Sep2025 23:14:46.066] [main/DEBUG] [net.minecraftforge.server.ServerLifecycleHooks/CORE]: Generating PackInfo named mod:mr_limesplatus_ending for mod file /workspaces/literate-parakeet/servidor_minecraft/mods/tru.e-ending-v1.1.0c.jar
[26Sep2025 23:14:46.066] [main/DEBUG] [net.minecraftforge.server.ServerLifecycleHooks/CORE]: Generating PackInfo named mod:ferritecore for mod file /workspaces/literate-parakeet/servidor_minecraft/mods/ferritecore-6.0.1-forge.jar
[26Sep2025 23:14:46.066] [main/DEBUG] [net.minecraftforge.server.ServerLifecycleHooks/CORE]: Generating PackInfo named mod:transition for mod file 
[26Sep2025 23:14:46.066] [main/DEBUG] [net.minecraftforge.server.ServerLifecycleHooks/CORE]: Generating PackInfo named mod:betterendisland for mod file /workspaces/literate-parakeet/servidor_minecraft/mods/YungsBetterEndIsland-1.20-Forge-2.0.6.jar
[26Sep2025 23:14:46.066] [main/DEBUG] [net.minecraftforge.server.ServerLifecycleHooks/CORE]: Generating PackInfo named mod:puzzleslib for mod file /workspaces/literate-parakeet/servidor_minecraft/mods/PuzzlesLib-v8.1.33-1.20.1-Forge.jar
[26Sep2025 23:14:46.067] [main/DEBUG] [net.minecraftforge.server.ServerLifecycleHooks/CORE]: Generating PackInfo named mod:the_knocker for mod file /workspaces/literate-parakeet/servidor_minecraft/mods/the_knocker-1.5.0-forge-1.20.1.jar
[26Sep2025 23:14:46.067] [main/DEBUG] [net.minecraftforge.server.ServerLifecycleHooks/CORE]: Generating PackInfo named mod:fallingtree for mod file /workspaces/literate-parakeet/servidor_minecraft/mods/FallingTree-1.20.1-4.3.4.jar
[26Sep2025 23:14:46.067] [main/DEBUG] [net.minecraftforge.server.ServerLifecycleHooks/CORE]: Generating PackInfo named mod:lodestone for mod file 
[26Sep2025 23:14:46.067] [main/DEBUG] [net.minecraftforge.server.ServerLifecycleHooks/CORE]: Generating PackInfo named mod:toms_storage for mod file /workspaces/literate-parakeet/servidor_minecraft/mods/toms_storage-1.20-1.7.1.jar
[26Sep2025 23:14:46.067] [main/DEBUG] [net.minecraftforge.server.ServerLifecycleHooks/CORE]: Generating PackInfo named mod:hopo for mod file /workspaces/literate-parakeet/servidor_minecraft/mods/HopoBetterMineshaft-[1.20.1-1.20.4]-1.2.2c.jar
[26Sep2025 23:14:46.067] [main/DEBUG] [net.minecraftforge.server.ServerLifecycleHooks/CORE]: Generating PackInfo named mod:packetfixer for mod file /workspaces/literate-parakeet/servidor_minecraft/mods/packetfixer-3.1.4-1.18-1.20.4-merged.jar
[26Sep2025 23:14:46.067] [main/DEBUG] [net.minecraftforge.server.ServerLifecycleHooks/CORE]: Generating PackInfo named mod:playerrevive for mod file /workspaces/literate-parakeet/servidor_minecraft/mods/PlayerRevive_FORGE_v2.0.31_mc1.20.1.jar
[26Sep2025 23:14:46.068] [main/DEBUG] [net.minecraftforge.server.ServerLifecycleHooks/CORE]: Generating PackInfo named mod:presencefootsteps for mod file /workspaces/literate-parakeet/servidor_minecraft/mods/PresenceFootsteps-1.20.1-1.9.1-beta.1.jar
[26Sep2025 23:14:46.085] [main/DEBUG] [ModernFix/]: Generated cache for /assets in 2.192 ms
[26Sep2025 23:14:46.089] [main/INFO] [Moonlight/]: Starting runtime resource generation for pack type SERVER_DATA with generators from mods []: []
[26Sep2025 23:14:46.089] [main/INFO] [Moonlight/]: Finished runtime resources generation for 0 packs in a total of 0 ms
[26Sep2025 23:14:46.102] [main/INFO] [Moonlight/]: Starting runtime resource generation for pack type SERVER_DATA with generators from mods []: []
[26Sep2025 23:14:46.102] [main/INFO] [Moonlight/]: Finished runtime resources generation for 0 packs in a total of 0 ms
[26Sep2025 23:14:46.106] [main/ERROR] [net.minecraft.server.packs.AbstractPackResources/]: Couldn't load pack metadata
com.google.gson.JsonSyntaxException: Missing pack_format, expected to find a Int
	at net.minecraft.util.GsonHelper.m_13927_(GsonHelper.java:277) ~[server-1.20.1-20230612.114412-srg.jar%23223!/:?]
	at net.minecraft.server.packs.metadata.pack.PackMetadataSectionSerializer.m_6322_(PackMetadataSectionSerializer.java:15) ~[server-1.20.1-20230612.114412-srg.jar%23223!/:?]
	at net.minecraft.server.packs.metadata.pack.PackMetadataSectionSerializer.m_6322_(PackMetadataSectionSerializer.java:9) ~[server-1.20.1-20230612.114412-srg.jar%23223!/:?]
	at net.minecraft.server.packs.AbstractPackResources.m_10214_(AbstractPackResources.java:52) ~[server-1.20.1-20230612.114412-srg.jar%23223!/:?]
	at net.minecraft.server.packs.AbstractPackResources.m_5550_(AbstractPackResources.java:33) ~[server-1.20.1-20230612.114412-srg.jar%23223!/:?]
	at net.minecraft.server.packs.repository.Pack.m_246334_(Pack.java:60) ~[server-1.20.1-20230612.114412-srg.jar%23223!/:?]
	at net.minecraft.server.packs.repository.Pack.m_245429_(Pack.java:35) ~[server-1.20.1-20230612.114412-srg.jar%23223!/:?]
	at net.threetag.palladium.addonpack.forge.AddonPackManagerImpl$ModPackSource.m_7686_(AddonPackManagerImpl.java:49) ~[palladium-4.2.8+1.20.1-forge.jar%23201!/:4.2.8+1.20.1]
	at net.minecraft.server.packs.repository.PackRepository.m_10526_(PackRepository.java:39) ~[server-1.20.1-20230612.114412-srg.jar%23223!/:?]
	at net.minecraft.server.packs.repository.PackRepository.m_10506_(PackRepository.java:31) ~[server-1.20.1-20230612.114412-srg.jar%23223!/:?]
	at dev.latvian.mods.kubejs.script.ScriptManager.handler$zpo000$loadFromDirectory(ScriptManager.java:537) ~[kubejs-forge-2001.6.5-build.16.jar%23189!/:2001.6.5-build.16]
	at dev.latvian.mods.kubejs.script.ScriptManager.loadFromDirectory(ScriptManager.java:150) ~[kubejs-forge-2001.6.5-build.16.jar%23189!/:2001.6.5-build.16]
	at dev.latvian.mods.kubejs.script.ScriptManager.reload(ScriptManager.java:72) ~[kubejs-forge-2001.6.5-build.16.jar%23189!/:2001.6.5-build.16]
	at dev.latvian.mods.kubejs.server.ServerScriptManager.wrapResourceManager(ServerScriptManager.java:85) ~[kubejs-forge-2001.6.5-build.16.jar%23189!/:2001.6.5-build.16]
	at net.minecraft.server.WorldLoader$PackConfig.localvar$bld000$injectKubeJSPacks(WorldLoader.java:1015) ~[server-1.20.1-20230612.114412-srg.jar%23223!/:?]
	at net.minecraft.server.WorldLoader$PackConfig.m_214399_(WorldLoader.java:80) ~[server-1.20.1-20230612.114412-srg.jar%23223!/:?]
	at net.minecraft.server.WorldLoader.m_214362_(WorldLoader.java:28) ~[server-1.20.1-20230612.114412-srg.jar%23223!/:?]
	at net.minecraft.server.Main.lambda$main$2(Main.java:167) ~[server-1.20.1-20230612.114412-srg.jar%23223!/:?]
	at net.minecraft.Util.m_214652_(Util.java:777) ~[server-1.20.1-20230612.114412-srg.jar%23223!/:?]
	at net.minecraft.Util.m_214679_(Util.java:772) ~[server-1.20.1-20230612.114412-srg.jar%23223!/:?]
	at net.minecraft.server.Main.main(Main.java:166) ~[server-1.20.1-20230612.114412-srg.jar%23223!/:?]
	at jdk.internal.reflect.NativeMethodAccessorImpl.invoke0(Native Method) ~[?:?]
	at jdk.internal.reflect.NativeMethodAccessorImpl.invoke(NativeMethodAccessorImpl.java:77) ~[?:?]
	at jdk.internal.reflect.DelegatingMethodAccessorImpl.invoke(DelegatingMethodAccessorImpl.java:43) ~[?:?]
	at java.lang.reflect.Method.invoke(Method.java:569) ~[?:?]
	at net.minecraftforge.fml.loading.targets.CommonLaunchHandler.runTarget(CommonLaunchHandler.java:111) ~[fmlloader-1.20.1-47.3.7.jar%2369!/:?]
	at net.minecraftforge.fml.loading.targets.CommonLaunchHandler.serverService(CommonLaunchHandler.java:103) ~[fmlloader-1.20.1-47.3.7.jar%2369!/:?]
	at net.minecraftforge.fml.loading.targets.CommonServerLaunchHandler.lambda$makeService$0(CommonServerLaunchHandler.java:27) ~[fmlloader-1.20.1-47.3.7.jar%2369!/:?]
	at cpw.mods.modlauncher.LaunchServiceHandlerDecorator.launch(LaunchServiceHandlerDecorator.java:30) ~[modlauncher-10.0.9.jar%2355!/:?]
	at cpw.mods.modlauncher.LaunchServiceHandler.launch(LaunchServiceHandler.java:53) ~[modlauncher-10.0.9.jar%2355!/:?]
	at cpw.mods.modlauncher.LaunchServiceHandler.launch(LaunchServiceHandler.java:71) ~[modlauncher-10.0.9.jar%2355!/:?]
	at cpw.mods.modlauncher.Launcher.run(Launcher.java:108) ~[modlauncher-10.0.9.jar%2355!/:?]
	at cpw.mods.modlauncher.Launcher.main(Launcher.java:78) ~[modlauncher-10.0.9.jar%2355!/:?]
	at cpw.mods.modlauncher.BootstrapLaunchConsumer.accept(BootstrapLaunchConsumer.java:26) ~[modlauncher-10.0.9.jar%2355!/:?]
	at cpw.mods.modlauncher.BootstrapLaunchConsumer.accept(BootstrapLaunchConsumer.java:23) ~[modlauncher-10.0.9.jar%2355!/:?]
	at cpw.mods.bootstraplauncher.BootstrapLauncher.main(BootstrapLauncher.java:141) ~[bootstraplauncher-1.1.2.jar:?]
[26Sep2025 23:14:46.107] [main/WARN] [net.minecraft.server.packs.repository.Pack/]: Missing metadata in pack mod:minecraft
[26Sep2025 23:14:46.162] [main/DEBUG] [ModernFix/]: Generated cache for /assets in 51.58 ms
[26Sep2025 23:14:46.193] [main/DEBUG] [ModernFix/]: Generated cache for /assets in 30.26 ms
[26Sep2025 23:14:46.198] [main/DEBUG] [ModernFix/]: Generated cache for /assets in 4.207 ms
[26Sep2025 23:14:46.198] [main/DEBUG] [ModernFix/]: Generated cache for /assets in 65.18 μs
[26Sep2025 23:14:46.199] [main/DEBUG] [ModernFix/]: Generated cache for /assets in 266.7 μs
[26Sep2025 23:14:46.200] [main/DEBUG] [ModernFix/]: Generated cache for /assets in 527.8 μs
[26Sep2025 23:14:46.203] [main/DEBUG] [ModernFix/]: Generated cache for /assets in 3.060 ms
[26Sep2025 23:14:46.205] [main/DEBUG] [ModernFix/]: Generated cache for /assets in 1.483 ms
[26Sep2025 23:14:46.206] [main/DEBUG] [ModernFix/]: Generated cache for /assets in 823.8 μs
[26Sep2025 23:14:46.208] [main/DEBUG] [ModernFix/]: Generated cache for /assets in 1.711 ms
[26Sep2025 23:14:46.208] [main/DEBUG] [ModernFix/]: Generated cache for /assets in 220.4 μs
[26Sep2025 23:14:46.211] [main/DEBUG] [ModernFix/]: Generated cache for /assets in 2.004 ms
[26Sep2025 23:14:46.244] [main/DEBUG] [ModernFix/]: Generated cache for /assets in 32.67 ms
[26Sep2025 23:14:46.244] [main/DEBUG] [ModernFix/]: Generated cache for /assets in 519.2 μs
[26Sep2025 23:14:46.245] [main/DEBUG] [ModernFix/]: Generated cache for /assets in 518.5 μs
[26Sep2025 23:14:46.246] [main/DEBUG] [ModernFix/]: Generated cache for /assets in 185.6 μs
[26Sep2025 23:14:46.246] [main/DEBUG] [ModernFix/]: Generated cache for /assets in 418.2 μs
[26Sep2025 23:14:46.259] [main/DEBUG] [ModernFix/]: Generated cache for /assets in 12.57 ms
[26Sep2025 23:14:46.260] [main/DEBUG] [ModernFix/]: Generated cache for /assets in 530.5 μs
[26Sep2025 23:14:46.260] [main/DEBUG] [ModernFix/]: Generated cache for /assets in 99.78 μs
[26Sep2025 23:14:46.266] [main/DEBUG] [ModernFix/]: Generated cache for /assets in 4.993 ms
[26Sep2025 23:14:46.268] [main/DEBUG] [ModernFix/]: Generated cache for /assets in 1.173 ms
[26Sep2025 23:14:46.273] [main/DEBUG] [ModernFix/]: Generated cache for /assets in 5.200 ms
[26Sep2025 23:14:46.274] [main/DEBUG] [ModernFix/]: Generated cache for /assets in 608.3 μs
[26Sep2025 23:14:46.286] [main/DEBUG] [ModernFix/]: Generated cache for /assets in 11.99 ms
[26Sep2025 23:14:46.287] [main/DEBUG] [ModernFix/]: Generated cache for /assets in 650.0 μs
[26Sep2025 23:14:46.321] [main/DEBUG] [ModernFix/]: Generated cache for /assets in 33.53 ms
[26Sep2025 23:14:46.322] [main/DEBUG] [ModernFix/]: Generated cache for /assets in 665.5 μs
[26Sep2025 23:14:46.323] [main/DEBUG] [ModernFix/]: Generated cache for /assets in 512.1 μs
[26Sep2025 23:14:46.324] [main/DEBUG] [ModernFix/]: Generated cache for /assets in 805.5 μs
[26Sep2025 23:14:46.325] [main/DEBUG] [ModernFix/]: Generated cache for /assets in 719.3 μs
[26Sep2025 23:14:46.326] [main/DEBUG] [ModernFix/]: Generated cache for /assets in 531.0 μs
[26Sep2025 23:14:46.326] [main/DEBUG] [ModernFix/]: Generated cache for /assets in 82.43 μs
[26Sep2025 23:14:46.349] [main/DEBUG] [ModernFix/]: Generated cache for /assets in 23.13 ms
[26Sep2025 23:14:46.350] [main/DEBUG] [ModernFix/]: Generated cache for /assets in 547.4 μs
[26Sep2025 23:14:46.356] [main/DEBUG] [ModernFix/]: Generated cache for /assets in 5.391 ms
[26Sep2025 23:14:46.370] [main/DEBUG] [ModernFix/]: Generated cache for /assets in 14.29 ms
[26Sep2025 23:14:46.373] [main/DEBUG] [ModernFix/]: Generated cache for /assets in 2.275 ms
[26Sep2025 23:14:46.373] [main/DEBUG] [ModernFix/]: Generated cache for /assets in 81.15 μs
[26Sep2025 23:14:46.375] [main/DEBUG] [ModernFix/]: Generated cache for /assets in 1.466 ms
[26Sep2025 23:14:46.379] [main/DEBUG] [ModernFix/]: Generated cache for /assets in 3.981 ms
[26Sep2025 23:14:46.379] [main/DEBUG] [ModernFix/]: Generated cache for /assets in 329.5 μs
[26Sep2025 23:14:46.382] [main/DEBUG] [ModernFix/]: Generated cache for /assets in 2.367 ms
[26Sep2025 23:14:46.383] [main/DEBUG] [ModernFix/]: Generated cache for /assets in 361.4 μs
[26Sep2025 23:14:46.383] [main/DEBUG] [ModernFix/]: Generated cache for /assets in 60.28 μs
[26Sep2025 23:14:46.383] [main/DEBUG] [ModernFix/]: Generated cache for /assets in 315.0 μs
[26Sep2025 23:14:46.384] [main/DEBUG] [ModernFix/]: Generated cache for /assets in 223.5 μs
[26Sep2025 23:14:46.390] [main/DEBUG] [ModernFix/]: Generated cache for /assets in 5.905 ms
[26Sep2025 23:14:46.390] [main/DEBUG] [ModernFix/]: Generated cache for /assets in 118.2 μs
[26Sep2025 23:14:46.395] [main/DEBUG] [ModernFix/]: Generated cache for /assets in 4.503 ms
[26Sep2025 23:14:46.396] [main/DEBUG] [ModernFix/]: Generated cache for /assets in 410.1 μs
[26Sep2025 23:14:46.398] [main/DEBUG] [ModernFix/]: Generated cache for /assets in 1.927 ms
[26Sep2025 23:14:46.399] [main/DEBUG] [ModernFix/]: Generated cache for /assets in 861.3 μs
[26Sep2025 23:14:46.400] [main/DEBUG] [ModernFix/]: Generated cache for /assets in 1.040 ms
[26Sep2025 23:14:46.401] [main/DEBUG] [ModernFix/]: Generated cache for /assets in 496.4 μs
[26Sep2025 23:14:46.407] [main/DEBUG] [ModernFix/]: Generated cache for /assets in 5.649 ms
[26Sep2025 23:14:46.408] [main/DEBUG] [ModernFix/]: Generated cache for /assets in 737.4 μs
[26Sep2025 23:14:46.410] [main/DEBUG] [ModernFix/]: Generated cache for /assets in 1.548 ms
[26Sep2025 23:14:46.411] [main/DEBUG] [ModernFix/]: Generated cache for /assets in 932.6 μs
[26Sep2025 23:14:46.432] [main/DEBUG] [ModernFix/]: Generated cache for /assets in 21.02 ms
[26Sep2025 23:14:46.453] [main/DEBUG] [ModernFix/]: Generated cache for /assets in 20.06 ms
[26Sep2025 23:14:46.473] [main/DEBUG] [ModernFix/]: Generated cache for /assets in 19.70 ms
[26Sep2025 23:14:46.494] [main/DEBUG] [ModernFix/]: Generated cache for /assets in 20.70 ms
[26Sep2025 23:14:46.516] [main/DEBUG] [ModernFix/]: Generated cache for /assets in 21.02 ms
[26Sep2025 23:14:46.537] [main/DEBUG] [ModernFix/]: Generated cache for /assets in 21.21 ms
[26Sep2025 23:14:46.559] [main/DEBUG] [ModernFix/]: Generated cache for /assets in 21.08 ms
[26Sep2025 23:14:46.583] [main/DEBUG] [ModernFix/]: Generated cache for /assets in 21.10 ms
[26Sep2025 23:14:46.602] [main/DEBUG] [ModernFix/]: Generated cache for /assets in 18.24 ms
[26Sep2025 23:14:46.614] [main/DEBUG] [ModernFix/]: Generated cache for /assets in 11.56 ms
[26Sep2025 23:14:46.629] [main/DEBUG] [ModernFix/]: Generated cache for /assets in 15.22 ms
[26Sep2025 23:14:46.640] [main/DEBUG] [ModernFix/]: Generated cache for /assets in 10.71 ms
[26Sep2025 23:14:46.651] [main/DEBUG] [ModernFix/]: Generated cache for /assets in 10.95 ms
[26Sep2025 23:14:46.662] [main/DEBUG] [ModernFix/]: Generated cache for /assets in 10.76 ms
[26Sep2025 23:14:46.673] [main/DEBUG] [ModernFix/]: Generated cache for /assets in 10.68 ms
[26Sep2025 23:14:46.684] [main/DEBUG] [ModernFix/]: Generated cache for /assets in 10.53 ms
[26Sep2025 23:14:46.695] [main/DEBUG] [ModernFix/]: Generated cache for /assets in 10.71 ms
[26Sep2025 23:14:46.706] [main/DEBUG] [ModernFix/]: Generated cache for /assets in 10.56 ms
[26Sep2025 23:14:46.717] [main/DEBUG] [ModernFix/]: Generated cache for /assets in 10.70 ms
[26Sep2025 23:14:46.727] [main/DEBUG] [ModernFix/]: Generated cache for /assets in 10.55 ms
[26Sep2025 23:14:46.739] [main/DEBUG] [ModernFix/]: Generated cache for /assets in 10.72 ms
[26Sep2025 23:14:46.741] [main/DEBUG] [ModernFix/]: Generated cache for /assets in 2.334 ms
[26Sep2025 23:14:46.744] [main/DEBUG] [ModernFix/]: Generated cache for /assets in 2.104 ms
[26Sep2025 23:14:46.746] [main/DEBUG] [ModernFix/]: Generated cache for /assets in 2.104 ms
[26Sep2025 23:14:46.748] [main/DEBUG] [ModernFix/]: Generated cache for /assets in 2.081 ms
[26Sep2025 23:14:46.751] [main/DEBUG] [ModernFix/]: Generated cache for /assets in 2.268 ms
[26Sep2025 23:14:46.753] [main/DEBUG] [ModernFix/]: Generated cache for /assets in 2.405 ms
[26Sep2025 23:14:46.827] [main/DEBUG] [ModernFix/]: Generated cache for /assets in 73.21 ms
[26Sep2025 23:14:46.831] [main/DEBUG] [ModernFix/]: Generated cache for /assets in 4.069 ms
[26Sep2025 23:14:46.835] [main/DEBUG] [ModernFix/]: Generated cache for /assets in 3.942 ms
[26Sep2025 23:14:46.840] [main/DEBUG] [ModernFix/]: Generated cache for /assets in 3.253 ms
[26Sep2025 23:14:46.841] [main/DEBUG] [ModernFix/]: Generated cache for /assets in 1.393 ms
[26Sep2025 23:14:46.844] [main/DEBUG] [ModernFix/]: Generated cache for /assets in 3.027 ms
[26Sep2025 23:14:46.845] [main/DEBUG] [ModernFix/]: Generated cache for /assets in 378.1 μs
[26Sep2025 23:14:46.846] [main/DEBUG] [ModernFix/]: Generated cache for /assets in 547.7 μs
[26Sep2025 23:14:46.860] [main/DEBUG] [ModernFix/]: Generated cache for /assets in 14.34 ms
[26Sep2025 23:14:46.861] [main/DEBUG] [ModernFix/]: Generated cache for /assets in 885.0 μs
[26Sep2025 23:14:46.863] [main/DEBUG] [ModernFix/]: Generated cache for /assets in 1.647 ms
[26Sep2025 23:14:46.864] [main/DEBUG] [ModernFix/]: Generated cache for /assets in 569.3 μs
[26Sep2025 23:14:46.874] [main/DEBUG] [ModernFix/]: Generated cache for /assets in 10.49 ms
[26Sep2025 23:14:46.875] [main/DEBUG] [ModernFix/]: Generated cache for /assets in 376.6 μs
[26Sep2025 23:14:46.875] [main/DEBUG] [ModernFix/]: Generated cache for /assets in 75.97 μs
[26Sep2025 23:14:46.875] [main/DEBUG] [ModernFix/]: Generated cache for /assets in 216.4 μs
[26Sep2025 23:14:46.875] [main/DEBUG] [ModernFix/]: Generated cache for /assets in 47.00 μs
[26Sep2025 23:14:46.876] [main/DEBUG] [ModernFix/]: Generated cache for /assets in 491.4 μs
[26Sep2025 23:14:46.877] [main/DEBUG] [ModernFix/]: Generated cache for /assets in 400.0 μs
[26Sep2025 23:14:46.878] [main/DEBUG] [ModernFix/]: Generated cache for /assets in 1.292 ms
[26Sep2025 23:14:46.879] [main/DEBUG] [ModernFix/]: Generated cache for /assets in 1.052 ms
[26Sep2025 23:14:46.880] [main/DEBUG] [ModernFix/]: Generated cache for /assets in 613.6 μs
[26Sep2025 23:14:46.880] [main/DEBUG] [ModernFix/]: Generated cache for /assets in 71.36 μs
[26Sep2025 23:14:46.880] [main/DEBUG] [ModernFix/]: Generated cache for /assets in 242.7 μs
[26Sep2025 23:14:46.883] [main/DEBUG] [ModernFix/]: Generated cache for /assets in 2.239 ms
[26Sep2025 23:14:46.886] [main/DEBUG] [ModernFix/]: Generated cache for /assets in 3.040 ms
[26Sep2025 23:14:46.891] [main/DEBUG] [ModernFix/]: Generated cache for /assets in 5.118 ms
[26Sep2025 23:14:46.894] [main/DEBUG] [ModernFix/]: Generated cache for /assets in 2.436 ms
[26Sep2025 23:14:46.911] [main/DEBUG] [ModernFix/]: Generated cache for /assets in 16.84 ms
[26Sep2025 23:14:46.911] [main/DEBUG] [ModernFix/]: Generated cache for /assets in 127.1 μs
[26Sep2025 23:14:46.911] [main/DEBUG] [ModernFix/]: Generated cache for /assets in 263.8 μs
[26Sep2025 23:14:46.912] [main/DEBUG] [ModernFix/]: Generated cache for /assets in 282.9 μs
[26Sep2025 23:14:46.914] [main/DEBUG] [ModernFix/]: Generated cache for /assets in 2.047 ms
[26Sep2025 23:14:46.914] [main/DEBUG] [ModernFix/]: Generated cache for /assets in 313.5 μs
[26Sep2025 23:14:46.915] [main/DEBUG] [ModernFix/]: Generated cache for /assets in 816.7 μs
[26Sep2025 23:14:46.921] [main/DEBUG] [ModernFix/]: Generated cache for /assets in 5.987 ms
[26Sep2025 23:14:46.922] [main/DEBUG] [ModernFix/]: Generated cache for /assets in 811.8 μs
[26Sep2025 23:14:46.923] [main/DEBUG] [ModernFix/]: Generated cache for /assets in 295.7 μs
[26Sep2025 23:14:46.931] [main/DEBUG] [ModernFix/]: Generated cache for /assets in 7.686 ms
[26Sep2025 23:14:46.932] [main/DEBUG] [ModernFix/]: Generated cache for /assets in 1.223 ms
[26Sep2025 23:14:46.945] [main/DEBUG] [ModernFix/]: Generated cache for /assets in 12.90 ms
[26Sep2025 23:14:46.946] [main/DEBUG] [ModernFix/]: Generated cache for /assets in 594.4 μs
[26Sep2025 23:14:46.947] [main/DEBUG] [ModernFix/]: Generated cache for /assets in 370.7 μs
[26Sep2025 23:14:46.947] [main/DEBUG] [ModernFix/]: Generated cache for /assets in 510.3 μs
[26Sep2025 23:14:46.948] [main/DEBUG] [ModernFix/]: Generated cache for /assets in 148.6 μs
[26Sep2025 23:14:46.948] [main/DEBUG] [ModernFix/]: Generated cache for /assets in 73.23 μs
[26Sep2025 23:14:46.960] [main/DEBUG] [ModernFix/]: Generated cache for /assets in 12.15 ms
[26Sep2025 23:14:46.961] [main/DEBUG] [ModernFix/]: Generated cache for /assets in 265.0 μs
[26Sep2025 23:14:46.961] [main/DEBUG] [ModernFix/]: Generated cache for /assets in 594.5 μs
[26Sep2025 23:14:46.962] [main/DEBUG] [ModernFix/]: Generated cache for /assets in 248.1 μs
[26Sep2025 23:14:46.962] [main/DEBUG] [ModernFix/]: Generated cache for /assets in 128.9 μs
[26Sep2025 23:14:46.962] [main/DEBUG] [ModernFix/]: Generated cache for /assets in 214.6 μs
[26Sep2025 23:14:46.963] [main/DEBUG] [ModernFix/]: Generated cache for /assets in 243.5 μs
[26Sep2025 23:14:46.963] [main/DEBUG] [ModernFix/]: Generated cache for /assets in 198.2 μs
[26Sep2025 23:14:46.963] [main/DEBUG] [ModernFix/]: Generated cache for /assets in 325.1 μs
[26Sep2025 23:14:46.964] [main/DEBUG] [ModernFix/]: Generated cache for /assets in 442.8 μs
[26Sep2025 23:14:46.964] [main/DEBUG] [ModernFix/]: Generated cache for /assets in 49.73 μs
[26Sep2025 23:14:46.964] [main/DEBUG] [ModernFix/]: Generated cache for /assets in 55.92 μs
[26Sep2025 23:14:46.967] [main/DEBUG] [ModernFix/]: Generated cache for /assets in 2.923 ms
[26Sep2025 23:14:46.968] [main/DEBUG] [ModernFix/]: Generated cache for /assets in 154.2 μs
[26Sep2025 23:14:46.986] [main/INFO] [KubeJS Server/]: example.js#5: Hello, World! (Loaded server scripts)
[26Sep2025 23:14:46.986] [main/INFO] [KubeJS Server/]: Loaded script server_scripts:example.js in 0.001 s
[26Sep2025 23:14:46.989] [main/INFO] [KubeJS Server/]: Loaded script addonpack_alienevo:kubejs_scripts/palladium_properties.js in 0.003 s
[26Sep2025 23:14:46.991] [main/INFO] [KubeJS Server/]: Loaded script addonpack_alienevo:kubejs_scripts/workbench_items.js in 0.002 s
[26Sep2025 23:14:46.993] [main/INFO] [KubeJS Server/]: addonpack_alienevo:kubejs_scripts/attributes.js#1: Loaded Java class 'net.minecraft.world.entity.ai.attributes.Attributes'
[26Sep2025 23:14:46.993] [main/INFO] [KubeJS Server/]: Loaded script addonpack_alienevo:kubejs_scripts/attributes.js in 0.001 s
[26Sep2025 23:14:46.995] [main/INFO] [KubeJS Server/]: Loaded script addonpack_alienevo:kubejs_scripts/pod_loot.js in 0.002 s
[26Sep2025 23:14:46.995] [main/INFO] [KubeJS Server/]: Loaded script addonpack_alienevo:kubejs_scripts/recipes.js in 0.0 s
[26Sep2025 23:14:46.997] [main/INFO] [KubeJS Server/]: Loaded script addonpack_alienevo:kubejs_scripts/level_command.js in 0.002 s
[26Sep2025 23:14:47.000] [main/INFO] [KubeJS Server/]: Loaded script addonpack_alienevo:kubejs_scripts/quick_change.js in 0.003 s
[26Sep2025 23:14:47.002] [main/INFO] [KubeJS Server/]: Loaded script addonpack_alienevo:kubejs_scripts/failsafe.js in 0.001 s
[26Sep2025 23:14:47.003] [main/INFO] [KubeJS Server/]: Loaded script addonpack_alienevo:kubejs_scripts/break_block.js in 0.001 s
[26Sep2025 23:14:47.006] [main/INFO] [KubeJS Server/]: addonpack_alienevo:kubejs_scripts/slam.js#3: Loaded Java class 'net.minecraft.core.particles.DustParticleOptions'
[26Sep2025 23:14:47.006] [main/INFO] [KubeJS Server/]: addonpack_alienevo:kubejs_scripts/slam.js#4: Loaded Java class 'org.joml.Vector3f'
[26Sep2025 23:14:47.007] [main/INFO] [KubeJS Server/]: Loaded script addonpack_alienevo:kubejs_scripts/slam.js in 0.004 s
[26Sep2025 23:14:47.008] [main/INFO] [KubeJS Server/]: Loaded script addonpack_alienevo:kubejs_scripts/ride.js in 0.001 s
[26Sep2025 23:14:47.049] [main/INFO] [KubeJS Server/]: Loaded script addonpack_alienevo:kubejs_scripts/workbench.js in 0.04 s
[26Sep2025 23:14:47.050] [main/INFO] [KubeJS Server/]: Loaded script addonpack_alienevo:kubejs_scripts/color_commands.js in 0.001 s
[26Sep2025 23:14:47.052] [main/INFO] [KubeJS Server/]: Loaded script addonpack_alienevo:kubejs_scripts/server_stuff.js in 0.002 s
[26Sep2025 23:14:47.053] [main/INFO] [KubeJS Server/]: Loaded script addonpack_alienevo:kubejs_scripts/fall.js in 0.0 s
[26Sep2025 23:14:47.054] [main/INFO] [KubeJS Server/]: Loaded script addonpack_alienevo:kubejs_scripts/xp.js in 0.0 s
[26Sep2025 23:14:47.054] [main/INFO] [KubeJS Server/]: Loaded script addonpack_alienevo:kubejs_scripts/behind.js in 0.0 s
[26Sep2025 23:14:47.055] [main/INFO] [KubeJS Server/]: Loaded script addonpack_alienevo:kubejs_scripts/code_hints.js in 0.001 s
[26Sep2025 23:14:47.055] [main/INFO] [KubeJS Server/]: Loaded script addonpack_alienevo:kubejs_scripts/nickname_command.js in 0.0 s
[26Sep2025 23:14:47.061] [main/INFO] [KubeJS Server/]: addonpack_alienevo:kubejs_scripts/hit.js#101: Loaded Java class 'net.minecraft.world.entity.LivingEntity'
[26Sep2025 23:14:47.064] [main/INFO] [KubeJS Server/]: addonpack_alienevo:kubejs_scripts/hit.js#102: Loaded Java class 'net.minecraft.world.entity.decoration.ArmorStand'
[26Sep2025 23:14:47.066] [main/INFO] [KubeJS Server/]: addonpack_alienevo:kubejs_scripts/hit.js#103: Loaded Java class 'net.minecraft.world.entity.projectile.Projectile'
[26Sep2025 23:14:47.068] [main/INFO] [KubeJS Server/]: addonpack_alienevo:kubejs_scripts/hit.js#145: Loaded Java class 'net.minecraft.resources.ResourceKey'
[26Sep2025 23:14:47.069] [main/INFO] [KubeJS Server/]: addonpack_alienevo:kubejs_scripts/hit.js#146: Loaded Java class 'net.minecraft.tags.TagKey'
[26Sep2025 23:14:47.069] [main/INFO] [KubeJS Server/]: Loaded script addonpack_alienevo:kubejs_scripts/hit.js in 0.014 s
[26Sep2025 23:14:47.076] [main/INFO] [KubeJS Server/]: Loaded script addonpack_alienevo:kubejs_scripts/playlist_command.js in 0.007 s
[26Sep2025 23:14:47.077] [main/INFO] [KubeJS Server/]: Loaded script addonpack_mypowers:kubejs_scripts/debate_dimension_tp.js in 0.001 s
[26Sep2025 23:14:47.078] [main/INFO] [KubeJS Server/]: Loaded script addonpack_mypowers:kubejs_scripts/nodamage.js in 0.001 s
[26Sep2025 23:14:47.078] [main/INFO] [KubeJS Server/]: Loaded script addonpack_mypowers:kubejs_scripts/nullvoid_farmland.js in 0.0 s
[26Sep2025 23:14:47.079] [main/INFO] [KubeJS Server/]: Loaded script addonpack_mypowers:kubejs_scripts/nullvoid_portal.js in 0.001 s
[26Sep2025 23:14:47.080] [main/INFO] [KubeJS Server/]: Loaded script addonpack_mypowers:kubejs_scripts/auto_playlist.js in 0.001 s
[26Sep2025 23:14:47.081] [main/INFO] [KubeJS Server/]: Loaded script addonpack_grave.core:kubejs_scripts/key.js in 0.0 s
[26Sep2025 23:14:47.081] [main/INFO] [KubeJS Server/]: Loaded script addonpack_grave.core:kubejs_scripts/camera.js in 0.0 s
[26Sep2025 23:14:47.082] [main/INFO] [KubeJS Server/]: Loaded script addonpack_grave.core:kubejs_scripts/death_no_armour.js in 0.0 s
[26Sep2025 23:14:47.083] [main/INFO] [KubeJS Server/]: Loaded script addonpack_grave.core:kubejs_scripts/receive_power_selected.js in 0.001 s
[26Sep2025 23:14:47.083] [main/INFO] [KubeJS Server/]: Loaded 31/31 KubeJS server scripts in 0.115 s with 0 errors and 0 warnings
[26Sep2025 23:14:47.083] [main/INFO] [KubeJS Server/]: Scripts loaded
[26Sep2025 23:14:47.084] [main/DEBUG] [mixin/]: Mixing perf.kubejs.RecipeEventJSMixin from modernfix-forge.mixins.json into dev.latvian.mods.kubejs.recipe.RecipesEventJS
[26Sep2025 23:14:47.096] [main/INFO] [KubeJS Server/]: Initializing recipe event...
[26Sep2025 23:14:47.104] [main/INFO] [com.teamabnormals.blueprint.core.Blueprint/]: Successfully loaded 0 data remolders!
[26Sep2025 23:14:47.424] [main/INFO] [bettervillage/]: StructureSet modified for minecraft:village : Now using custom village configuration (can be disabled in the better villages config: boolean.villages.enabled_custom_config).
[26Sep2025 23:14:48.064] [main/DEBUG] [mixin/]: Mixing bugfix.registry_ops_cme.RegistryOpsMemoizedMixin from modernfix-common.mixins.json into net.minecraft.resources.RegistryOps$1
[26Sep2025 23:14:48.096] [main/DEBUG] [mixin/]: Mixing PrimaryLevelDataMixin from betterendisland.mixins.json into net.minecraft.world.level.storage.PrimaryLevelData
[26Sep2025 23:14:48.100] [main/DEBUG] [mixin/]: Mixing PrimaryLevelDataMixin from citadel.mixins.json into net.minecraft.world.level.storage.PrimaryLevelData
[26Sep2025 23:14:48.123] [main/DEBUG] [mixin/]: Mixing EndDragonFightMixin from betterendisland.mixins.json into net.minecraft.world.level.dimension.end.EndDragonFight
[26Sep2025 23:14:48.124] [main/DEBUG] [mixin/]: Renaming synthetic method lambda$betterendisland$setDragonRespawnStage$6(Lnet/minecraft/util/RandomSource;FLnet/minecraft/core/BlockPos;)V to md139335$lambda$betterendisland$setDragonRespawnStage$6$0 in betterendisland.mixins.json:EndDragonFightMixin
[26Sep2025 23:14:48.124] [main/DEBUG] [mixin/]: Renaming synthetic method lambda$betterendisland$setDragonRespawnStage$5(FLjava/lang/Integer;)V to md139335$lambda$betterendisland$setDragonRespawnStage$5$1 in betterendisland.mixins.json:EndDragonFightMixin
[26Sep2025 23:14:48.124] [main/DEBUG] [mixin/]: Renaming synthetic method lambda$betterendisland$setDragonRespawnStage$4(Lnet/minecraft/util/RandomSource;FLnet/minecraft/core/BlockPos;)V to md139335$lambda$betterendisland$setDragonRespawnStage$4$2 in betterendisland.mixins.json:EndDragonFightMixin
[26Sep2025 23:14:48.124] [main/DEBUG] [mixin/]: Renaming synthetic method lambda$betterendisland$setDragonRespawnStage$3(Lnet/minecraft/server/level/ServerPlayer;)V to md139335$lambda$betterendisland$setDragonRespawnStage$3$3 in betterendisland.mixins.json:EndDragonFightMixin
[26Sep2025 23:14:48.124] [main/DEBUG] [mixin/]: Renaming synthetic method lambda$betterendisland_setDragonKilled$2(ILnet/minecraft/world/level/levelgen/feature/SpikeFeature$EndSpike;)V to md139335$lambda$betterendisland_setDragonKilled$2$4 in betterendisland.mixins.json:EndDragonFightMixin
[26Sep2025 23:14:48.124] [main/DEBUG] [mixin/]: Renaming synthetic method lambda$betterendisland$reset$1(Lnet/minecraft/core/BlockPos;)V to md139335$lambda$betterendisland$reset$1$5 in betterendisland.mixins.json:EndDragonFightMixin
[26Sep2025 23:14:48.125] [main/DEBUG] [mixin/]: Renaming synthetic method lambda$betterendisland$reset$0(Lnet/minecraft/world/level/levelgen/feature/SpikeFeature$EndSpike;)V to md139335$lambda$betterendisland$reset$0$6 in betterendisland.mixins.json:EndDragonFightMixin
[26Sep2025 23:14:48.210] [main/DEBUG] [mixin/]: Mixing DataCommandInvoker$Get from pehkui.mixins.json into net.minecraft.server.commands.data.DataCommands
[26Sep2025 23:14:48.210] [main/DEBUG] [mixin/]: Renaming @Invoker method callExecuteGet(Lnet/minecraft/commands/CommandSourceStack;Lnet/minecraft/server/commands/data/DataAccessor;)I to callExecuteGet_$md$139335$0 in pehkui.mixins.json:DataCommandInvoker$Get
[26Sep2025 23:14:48.210] [main/DEBUG] [mixin/]: Mixing DataCommandInvoker$Path from pehkui.mixins.json into net.minecraft.server.commands.data.DataCommands
[26Sep2025 23:14:48.211] [main/DEBUG] [mixin/]: Renaming @Invoker method callExecuteGet(Lnet/minecraft/commands/CommandSourceStack;Lnet/minecraft/server/commands/data/DataAccessor;Lnet/minecraft/commands/arguments/NbtPathArgument$NbtPath;)I to callExecuteGet_$md$139335$1 in pehkui.mixins.json:DataCommandInvoker$Path
[26Sep2025 23:14:48.211] [main/DEBUG] [mixin/]: Mixing DataCommandInvoker$Scaled from pehkui.mixins.json into net.minecraft.server.commands.data.DataCommands
[26Sep2025 23:14:48.211] [main/DEBUG] [mixin/]: Renaming @Invoker method callExecuteGet(Lnet/minecraft/commands/CommandSourceStack;Lnet/minecraft/server/commands/data/DataAccessor;Lnet/minecraft/commands/arguments/NbtPathArgument$NbtPath;D)I to callExecuteGet_$md$139335$2 in pehkui.mixins.json:DataCommandInvoker$Scaled
[26Sep2025 23:14:48.309] [main/DEBUG] [net.minecraftforge.coremod.transformer.CoreModBaseTransformer/COREMOD]: Transforming net/minecraft/server/commands/SummonCommand
[26Sep2025 23:14:48.404] [main/DEBUG] [mixin/]: Mixing collections.mob_spawning.ForgeEventFactoryMixin from lithium.mixins.json into net.minecraftforge.event.ForgeEventFactory
[26Sep2025 23:14:48.404] [main/DEBUG] [mixin/]: lithium.mixins.json:collections.mob_spawning.ForgeEventFactoryMixin: Class version 61 required is higher than the class version supported by the current version of Mixin (JAVA_16 supports class version 60)
[26Sep2025 23:14:48.404] [main/DEBUG] [mixin/]: Mixing perf.potential_spawns_alloc.ForgeEventFactoryMixin from modernfix-forge.mixins.json into net.minecraftforge.event.ForgeEventFactory
[26Sep2025 23:14:48.405] [main/DEBUG] [mixin/]: Mixing ForgeEventFactoryMixin from blueprint.mixins.json into net.minecraftforge.event.ForgeEventFactory
[26Sep2025 23:14:48.489] [main/DEBUG] [mixin/]: Mixing TagLoaderMixin from kubejs-common.mixins.json into net.minecraft.tags.TagLoader
[26Sep2025 23:14:48.499] [main/DEBUG] [mixin/]: Mixing feature.measure_time.AddReloadListenerEventWrapperMixin from modernfix-forge.mixins.json into net.minecraftforge.event.AddReloadListenerEvent$WrappedStateAwareListener
[26Sep2025 23:14:48.499] [main/INFO] [com.github.alexthe666.alexsmobs.AlexsMobs/]: Adding datapack listener capsid_recipes
[26Sep2025 23:14:48.523] [Worker-Main-1/DEBUG] [mixin/]: Mixing perf.tag_id_caching.TagEntryMixin from modernfix-forge.mixins.json into net.minecraft.tags.TagEntry
[26Sep2025 23:14:48.524] [Worker-Main-1/WARN] [mixin/]: Static binding violation: PRIVATE @Overwrite method m_215924_ in modernfix-forge.mixins.json:perf.tag_id_caching.TagEntryMixin cannot reduce visibiliy of PUBLIC target method, visibility will be upgraded.
[26Sep2025 23:14:48.560] [Worker-Main-2/ERROR] [net.minecraft.tags.TagLoader/]: Couldn't load tag alienevo:evoastra as it is missing following references: ad_astra:oxygen (from AlienEvo-1.1.0-forge.jar)
[26Sep2025 23:14:48.618] [Worker-Main-3/DEBUG] [mixin/]: Mixing NbtPredicateMixin from pehkui.mixins.json into net.minecraft.advancements.critereon.NbtPredicate
[26Sep2025 23:14:48.619] [Worker-Main-3/DEBUG] [mixin/]: Mixing MixinNbtPredicate from curios.mixins.json into net.minecraft.advancements.critereon.NbtPredicate
[26Sep2025 23:14:48.647] [Worker-Main-2/INFO] [KubeJS Server/]: [minecraft:block] Found 496 tags, added 18 objects, removed 0 objects
[26Sep2025 23:14:48.652] [Worker-Main-1/INFO] [KubeJS Server/]: [minecraft:item] Found 577 tags, added 5 objects, removed 0 objects
[26Sep2025 23:14:48.676] [Worker-Main-2/ERROR] [net.minecraft.tags.TagLoader/]: Couldn't load tag minecraft:farmland as it is missing following references: mypowers:nullvoid_soil_dry (from celestialsapien-1.0.5 (quickfix).jar), 
	mypowers:nullvoid_soil_wet (from celestialsapien-1.0.5 (quickfix).jar)
[26Sep2025 23:14:49.353] [Worker-Main-1/ERROR] [net.minecraftforge.common.ForgeHooks/]: Couldn't parse element loot_tables:mypowers:azmuth_ship_loot
com.google.gson.JsonSyntaxException: Expected name to be an item, was unknown string 'alienevo:blueprint'
	at net.minecraft.util.GsonHelper.m_13866_(GsonHelper.java:145) ~[server-1.20.1-20230612.114412-srg.jar%23223!/:?]
	at java.util.Optional.orElseThrow(Optional.java:403) ~[?:?]
	at net.minecraft.util.GsonHelper.m_13874_(GsonHelper.java:145) ~[server-1.20.1-20230612.114412-srg.jar%23223!/:?]
	at net.minecraft.util.GsonHelper.m_13909_(GsonHelper.java:153) ~[server-1.20.1-20230612.114412-srg.jar%23223!/:?]
	at net.minecraft.world.level.storage.loot.entries.LootItem$Serializer.m_7267_(LootItem.java:55) ~[server-1.20.1-20230612.114412-srg.jar%23223!/:?]
	at net.minecraft.world.level.storage.loot.entries.LootItem$Serializer.m_7267_(LootItem.java:40) ~[server-1.20.1-20230612.114412-srg.jar%23223!/:?]
	at net.minecraft.world.level.storage.loot.entries.LootPoolSingletonContainer$Serializer.m_5921_(LootPoolSingletonContainer.java:151) ~[server-1.20.1-20230612.114412-srg.jar%23223!/:?]
	at net.minecraft.world.level.storage.loot.entries.LootPoolSingletonContainer$Serializer.m_5921_(LootPoolSingletonContainer.java:129) ~[server-1.20.1-20230612.114412-srg.jar%23223!/:?]
	at net.minecraft.world.level.storage.loot.entries.LootPoolEntryContainer$Serializer.m_7561_(LootPoolEntryContainer.java:86) ~[server-1.20.1-20230612.114412-srg.jar%23223!/:?]
	at net.minecraft.world.level.storage.loot.entries.LootPoolEntryContainer$Serializer.m_7561_(LootPoolEntryContainer.java:74) ~[server-1.20.1-20230612.114412-srg.jar%23223!/:?]
	at net.minecraft.world.level.storage.loot.GsonAdapterFactory$JsonAdapter.deserialize(GsonAdapterFactory.java:102) ~[server-1.20.1-20230612.114412-srg.jar%23223!/:?]
	at com.google.gson.internal.bind.TreeTypeAdapter.read(TreeTypeAdapter.java:76) ~[gson-2.10.jar%2372!/:?]
	at com.google.gson.internal.bind.TypeAdapterRuntimeTypeWrapper.read(TypeAdapterRuntimeTypeWrapper.java:40) ~[gson-2.10.jar%2372!/:?]
	at com.google.gson.internal.bind.ArrayTypeAdapter.read(ArrayTypeAdapter.java:72) ~[gson-2.10.jar%2372!/:?]
	at com.google.gson.Gson.fromJson(Gson.java:1214) ~[gson-2.10.jar%2372!/:?]
	at com.google.gson.Gson.fromJson(Gson.java:1319) ~[gson-2.10.jar%2372!/:?]
	at com.google.gson.Gson.fromJson(Gson.java:1290) ~[gson-2.10.jar%2372!/:?]
	at com.google.gson.internal.bind.TreeTypeAdapter$GsonContextImpl.deserialize(TreeTypeAdapter.java:179) ~[gson-2.10.jar%2372!/:?]
	at net.minecraft.util.GsonHelper.m_13808_(GsonHelper.java:463) ~[server-1.20.1-20230612.114412-srg.jar%23223!/:?]
	at net.minecraft.util.GsonHelper.m_13836_(GsonHelper.java:471) ~[server-1.20.1-20230612.114412-srg.jar%23223!/:?]
	at net.minecraft.world.level.storage.loot.LootPool$Serializer.deserialize(LootPool.java:192) ~[server-1.20.1-20230612.114412-srg.jar%23223!/:?]
	at net.minecraft.world.level.storage.loot.LootPool$Serializer.deserialize(LootPool.java:189) ~[server-1.20.1-20230612.114412-srg.jar%23223!/:?]
	at com.google.gson.internal.bind.TreeTypeAdapter.read(TreeTypeAdapter.java:76) ~[gson-2.10.jar%2372!/:?]
	at com.google.gson.internal.bind.TypeAdapterRuntimeTypeWrapper.read(TypeAdapterRuntimeTypeWrapper.java:40) ~[gson-2.10.jar%2372!/:?]
	at com.google.gson.internal.bind.ArrayTypeAdapter.read(ArrayTypeAdapter.java:72) ~[gson-2.10.jar%2372!/:?]
	at com.google.gson.Gson.fromJson(Gson.java:1214) ~[gson-2.10.jar%2372!/:?]
	at com.google.gson.Gson.fromJson(Gson.java:1319) ~[gson-2.10.jar%2372!/:?]
	at com.google.gson.Gson.fromJson(Gson.java:1290) ~[gson-2.10.jar%2372!/:?]
	at com.google.gson.internal.bind.TreeTypeAdapter$GsonContextImpl.deserialize(TreeTypeAdapter.java:179) ~[gson-2.10.jar%2372!/:?]
	at net.minecraft.util.GsonHelper.m_13808_(GsonHelper.java:463) ~[server-1.20.1-20230612.114412-srg.jar%23223!/:?]
	at net.minecraft.util.GsonHelper.m_13845_(GsonHelper.java:481) ~[server-1.20.1-20230612.114412-srg.jar%23223!/:?]
	at net.minecraft.world.level.storage.loot.LootTable$Serializer.deserialize(LootTable.java:294) ~[server-1.20.1-20230612.114412-srg.jar%23223!/:?]
	at net.minecraft.world.level.storage.loot.LootTable$Serializer.deserialize(LootTable.java:291) ~[server-1.20.1-20230612.114412-srg.jar%23223!/:?]
	at com.google.gson.internal.bind.TreeTypeAdapter.read(TreeTypeAdapter.java:76) ~[gson-2.10.jar%2372!/:?]
	at com.google.gson.Gson.fromJson(Gson.java:1214) ~[gson-2.10.jar%2372!/:?]
	at com.google.gson.Gson.fromJson(Gson.java:1319) ~[gson-2.10.jar%2372!/:?]
	at com.google.gson.Gson.fromJson(Gson.java:1261) ~[gson-2.10.jar%2372!/:?]
	at net.minecraftforge.common.ForgeHooks.loadLootTable(ForgeHooks.java:871) ~[forge-1.20.1-47.3.7-universal.jar%23228!/:?]
	at net.minecraftforge.common.ForgeHooks.lambda$getLootTableDeserializer$3(ForgeHooks.java:848) ~[forge-1.20.1-47.3.7-universal.jar%23228!/:?]
	at net.minecraft.world.level.storage.loot.LootDataType.deserialize(LootDataType.java:45) ~[server-1.20.1-20230612.114412-srg.jar%23223!/:?]
	at net.minecraft.world.level.storage.loot.LootDataManager.lambda$scheduleElementParse$4(LootDataManager.java:56) ~[server-1.20.1-20230612.114412-srg.jar%23223!/:?]
	at java.util.HashMap.forEach(HashMap.java:1421) ~[?:?]
	at net.minecraft.world.level.storage.loot.LootDataManager.m_278660_(LootDataManager.java:55) ~[server-1.20.1-20230612.114412-srg.jar%23223!/:?]
	at java.util.concurrent.CompletableFuture$AsyncRun.run(CompletableFuture.java:1804) ~[?:?]
	at java.util.concurrent.CompletableFuture$AsyncRun.exec(CompletableFuture.java:1796) ~[?:?]
	at java.util.concurrent.ForkJoinTask.doExec(ForkJoinTask.java:373) ~[?:?]
	at java.util.concurrent.ForkJoinPool$WorkQueue.topLevelExec(ForkJoinPool.java:1182) ~[?:?]
	at java.util.concurrent.ForkJoinPool.scan(ForkJoinPool.java:1655) ~[?:?]
	at java.util.concurrent.ForkJoinPool.runWorker(ForkJoinPool.java:1622) ~[?:?]
	at java.util.concurrent.ForkJoinWorkerThread.run(ForkJoinWorkerThread.java:165) ~[?:?]
[26Sep2025 23:14:49.479] [main/INFO] [net.threetag.palladium.Palladium/]: Loaded 0 loot table modifications
[26Sep2025 23:14:49.480] [main/INFO] [com.teamabnormals.blueprint.core.Blueprint/]: Loot Modification Manager has loaded 0 modifier groups
[26Sep2025 23:14:49.531] [main/WARN] [net.minecraft.world.level.storage.loot.LootDataManager/]: Found loot table element validation problem in {loot_tables:mofus_better_end_:entities/bloodworm}.pools[0].entries[1].functions[1]: Parameters [<parameter minecraft:tool>] are not provided in this context
[26Sep2025 23:14:49.532] [main/WARN] [net.minecraft.world.level.storage.loot.LootDataManager/]: Found loot table element validation problem in {loot_tables:mofus_better_end_:entities/bloodworm}.pools[0].entries[0].functions[1]: Parameters [<parameter minecraft:tool>] are not provided in this context
[26Sep2025 23:14:49.532] [main/WARN] [net.minecraft.world.level.storage.loot.LootDataManager/]: Found loot table element validation problem in {loot_tables:mofus_better_end_:entities/crown_squid}.pools[0].entries[1].functions[1]: Parameters [<parameter minecraft:tool>] are not provided in this context
[26Sep2025 23:14:49.538] [main/INFO] [KubeJS Server/]: Processing recipes...
[26Sep2025 23:14:49.637] [main/WARN] [KubeJS Server/]: Failed to parse recipe 'mofus_better_end_:end_engine_recipe[minecraft:crafting_shaped]'! Falling back to vanilla: ItemStack 'result' can't be empty!
[26Sep2025 23:14:49.662] [main/INFO] [KubeJS Server/]: Found 2757 recipes in 121.5 ms
[26Sep2025 23:14:49.666] [main/INFO] [KubeJS Server/]: Posted recipe events in 3.448 ms
[26Sep2025 23:14:49.732] [KubeJS Recipe Event Worker 0/WARN] [KubeJS Server/]: Error parsing recipe mofus_better_end_:end_engine_recipe[minecraft:crafting_shaped]: {"type":"minecraft:crafting_shaped","category":"redstone","pattern":["aba","bcb","ddd"],"key":{"a":{"item":"minecraft:end_stone_bricks"},"b":{"item":"mofus_better_end_:guardian_fragment"},"c":{"item":"mofus_better_end_:engine_core"},"d":{"item":"minecraft:obsidian"}},"result":{"item":"mofus_better_end_:deleted_mod_element","count":1}}: Unknown item 'mofus_better_end_:deleted_mod_element'
[26Sep2025 23:14:49.747] [main/INFO] [KubeJS Server/]: Added 5 recipes, removed 0 recipes, modified 0 recipes, with 1 failed recipes in 74.49 ms
[26Sep2025 23:14:49.747] [main/INFO] [ModernFix/]: Clearing KubeJS recipe lists...
[26Sep2025 23:14:49.748] [main/DEBUG] [ModernFix/]: Cleared originalRecipes with 2757 entries
[26Sep2025 23:14:49.748] [main/DEBUG] [ModernFix/]: Cleared addedRecipes with 5 entries
[26Sep2025 23:14:49.749] [main/DEBUG] [ModernFix/]: Cleared takenIds with 2762 entries
[26Sep2025 23:14:49.750] [main/DEBUG] [ModernFix/]: Cleared recipeFunctions with 103 entries
[26Sep2025 23:14:49.750] [main/INFO] [com.teamabnormals.blueprint.core.Blueprint/]: Advancement Modification Manager has loaded 0 modifier groups
[26Sep2025 23:14:49.755] [main/DEBUG] [mixin/]: Mixing AdvancementBuilderMixin from blueprint.mixins.json into net.minecraft.advancements.Advancement$Builder
[26Sep2025 23:14:49.815] [main/ERROR] [net.minecraft.server.ServerAdvancementManager/]: Parsing error loading custom advancement grave.core:recipes/titanium_ingot_from_blasting_deepslate_titanium_ore: Unknown item id 'grave.core:deepslate_titanium_ore'
[26Sep2025 23:14:49.850] [main/ERROR] [net.minecraft.server.ServerAdvancementManager/]: Parsing error loading custom advancement grave.core:recipes/titanium_ingot_from_smelting_deepslate_titanium_ore: Unknown item id 'grave.core:deepslate_titanium_ore'
[26Sep2025 23:14:49.915] [main/INFO] [net.minecraft.advancements.AdvancementList/]: Loaded 2670 advancements
[26Sep2025 23:14:49.941] [main/WARN] [net.threetag.palladium.Palladium/]: 'under_water' condition found, please use 'is_under_water' instead!
[26Sep2025 23:14:49.951] [main/ERROR] [net.threetag.palladium.Palladium/]: Parsing error loading power alienevo:code_power_test
com.google.gson.JsonParseException: Ability 'alienevo:generate_random' does not exist!
	at net.threetag.palladium.power.ability.AbilityConfiguration.fromJSON(AbilityConfiguration.java:192) ~[palladium-4.2.8+1.20.1-forge.jar%23201!/:4.2.8+1.20.1]
	at net.threetag.palladium.power.Power.fromJSON(Power.java:186) ~[palladium-4.2.8+1.20.1-forge.jar%23201!/:4.2.8+1.20.1]
	at net.threetag.palladium.power.PowerManager.lambda$apply$3(PowerManager.java:82) ~[palladium-4.2.8+1.20.1-forge.jar%23201!/:4.2.8+1.20.1]
	at java.util.HashMap.forEach(HashMap.java:1421) ~[?:?]
	at net.threetag.palladium.power.PowerManager.apply(PowerManager.java:80) ~[palladium-4.2.8+1.20.1-forge.jar%23201!/:4.2.8+1.20.1]
	at net.threetag.palladium.power.PowerManager.m_5787_(PowerManager.java:31) ~[palladium-4.2.8+1.20.1-forge.jar%23201!/:4.2.8+1.20.1]
	at net.minecraft.server.packs.resources.SimplePreparableReloadListener.m_10789_(SimplePreparableReloadListener.java:13) ~[server-1.20.1-20230612.114412-srg.jar%23223!/:?]
	at java.util.concurrent.CompletableFuture$UniAccept.tryFire(CompletableFuture.java:718) ~[?:?]
	at java.util.concurrent.CompletableFuture$Completion.run(CompletableFuture.java:482) ~[?:?]
	at net.minecraft.server.packs.resources.SimpleReloadInstance.m_143940_(SimpleReloadInstance.java:69) ~[server-1.20.1-20230612.114412-srg.jar%23223!/:?]
	at net.minecraft.Util.m_214652_(Util.java:783) ~[server-1.20.1-20230612.114412-srg.jar%23223!/:?]
	at net.minecraft.Util.m_214679_(Util.java:772) ~[server-1.20.1-20230612.114412-srg.jar%23223!/:?]
	at net.minecraft.server.Main.main(Main.java:166) ~[server-1.20.1-20230612.114412-srg.jar%23223!/:?]
	at jdk.internal.reflect.NativeMethodAccessorImpl.invoke0(Native Method) ~[?:?]
	at jdk.internal.reflect.NativeMethodAccessorImpl.invoke(NativeMethodAccessorImpl.java:77) ~[?:?]
	at jdk.internal.reflect.DelegatingMethodAccessorImpl.invoke(DelegatingMethodAccessorImpl.java:43) ~[?:?]
	at java.lang.reflect.Method.invoke(Method.java:569) ~[?:?]
	at net.minecraftforge.fml.loading.targets.CommonLaunchHandler.runTarget(CommonLaunchHandler.java:111) ~[fmlloader-1.20.1-47.3.7.jar%2369!/:?]
	at net.minecraftforge.fml.loading.targets.CommonLaunchHandler.serverService(CommonLaunchHandler.java:103) ~[fmlloader-1.20.1-47.3.7.jar%2369!/:?]
	at net.minecraftforge.fml.loading.targets.CommonServerLaunchHandler.lambda$makeService$0(CommonServerLaunchHandler.java:27) ~[fmlloader-1.20.1-47.3.7.jar%2369!/:?]
	at cpw.mods.modlauncher.LaunchServiceHandlerDecorator.launch(LaunchServiceHandlerDecorator.java:30) ~[modlauncher-10.0.9.jar%2355!/:?]
	at cpw.mods.modlauncher.LaunchServiceHandler.launch(LaunchServiceHandler.java:53) ~[modlauncher-10.0.9.jar%2355!/:?]
	at cpw.mods.modlauncher.LaunchServiceHandler.launch(LaunchServiceHandler.java:71) ~[modlauncher-10.0.9.jar%2355!/:?]
	at cpw.mods.modlauncher.Launcher.run(Launcher.java:108) ~[modlauncher-10.0.9.jar%2355!/:?]
	at cpw.mods.modlauncher.Launcher.main(Launcher.java:78) ~[modlauncher-10.0.9.jar%2355!/:?]
	at cpw.mods.modlauncher.BootstrapLaunchConsumer.accept(BootstrapLaunchConsumer.java:26) ~[modlauncher-10.0.9.jar%2355!/:?]
	at cpw.mods.modlauncher.BootstrapLaunchConsumer.accept(BootstrapLaunchConsumer.java:23) ~[modlauncher-10.0.9.jar%2355!/:?]
	at cpw.mods.bootstraplauncher.BootstrapLauncher.main(BootstrapLauncher.java:141) ~[bootstraplauncher-1.1.2.jar:?]
[26Sep2025 23:14:49.974] [main/ERROR] [net.threetag.palladium.Palladium/]: Parsing error loading power mypowers:celestialsapien
com.google.gson.JsonParseException: Ability 'alienevo:quick_cycle_next' does not exist!
	at net.threetag.palladium.power.ability.AbilityConfiguration.fromJSON(AbilityConfiguration.java:192) ~[palladium-4.2.8+1.20.1-forge.jar%23201!/:4.2.8+1.20.1]
	at net.threetag.palladium.power.Power.fromJSON(Power.java:186) ~[palladium-4.2.8+1.20.1-forge.jar%23201!/:4.2.8+1.20.1]
	at net.threetag.palladium.power.PowerManager.lambda$apply$3(PowerManager.java:82) ~[palladium-4.2.8+1.20.1-forge.jar%23201!/:4.2.8+1.20.1]
	at java.util.HashMap.forEach(HashMap.java:1421) ~[?:?]
	at net.threetag.palladium.power.PowerManager.apply(PowerManager.java:80) ~[palladium-4.2.8+1.20.1-forge.jar%23201!/:4.2.8+1.20.1]
	at net.threetag.palladium.power.PowerManager.m_5787_(PowerManager.java:31) ~[palladium-4.2.8+1.20.1-forge.jar%23201!/:4.2.8+1.20.1]
	at net.minecraft.server.packs.resources.SimplePreparableReloadListener.m_10789_(SimplePreparableReloadListener.java:13) ~[server-1.20.1-20230612.114412-srg.jar%23223!/:?]
	at java.util.concurrent.CompletableFuture$UniAccept.tryFire(CompletableFuture.java:718) ~[?:?]
	at java.util.concurrent.CompletableFuture$Completion.run(CompletableFuture.java:482) ~[?:?]
	at net.minecraft.server.packs.resources.SimpleReloadInstance.m_143940_(SimpleReloadInstance.java:69) ~[server-1.20.1-20230612.114412-srg.jar%23223!/:?]
	at net.minecraft.Util.m_214652_(Util.java:783) ~[server-1.20.1-20230612.114412-srg.jar%23223!/:?]
	at net.minecraft.Util.m_214679_(Util.java:772) ~[server-1.20.1-20230612.114412-srg.jar%23223!/:?]
	at net.minecraft.server.Main.main(Main.java:166) ~[server-1.20.1-20230612.114412-srg.jar%23223!/:?]
	at jdk.internal.reflect.NativeMethodAccessorImpl.invoke0(Native Method) ~[?:?]
	at jdk.internal.reflect.NativeMethodAccessorImpl.invoke(NativeMethodAccessorImpl.java:77) ~[?:?]
	at jdk.internal.reflect.DelegatingMethodAccessorImpl.invoke(DelegatingMethodAccessorImpl.java:43) ~[?:?]
	at java.lang.reflect.Method.invoke(Method.java:569) ~[?:?]
	at net.minecraftforge.fml.loading.targets.CommonLaunchHandler.runTarget(CommonLaunchHandler.java:111) ~[fmlloader-1.20.1-47.3.7.jar%2369!/:?]
	at net.minecraftforge.fml.loading.targets.CommonLaunchHandler.serverService(CommonLaunchHandler.java:103) ~[fmlloader-1.20.1-47.3.7.jar%2369!/:?]
	at net.minecraftforge.fml.loading.targets.CommonServerLaunchHandler.lambda$makeService$0(CommonServerLaunchHandler.java:27) ~[fmlloader-1.20.1-47.3.7.jar%2369!/:?]
	at cpw.mods.modlauncher.LaunchServiceHandlerDecorator.launch(LaunchServiceHandlerDecorator.java:30) ~[modlauncher-10.0.9.jar%2355!/:?]
	at cpw.mods.modlauncher.LaunchServiceHandler.launch(LaunchServiceHandler.java:53) ~[modlauncher-10.0.9.jar%2355!/:?]
	at cpw.mods.modlauncher.LaunchServiceHandler.launch(LaunchServiceHandler.java:71) ~[modlauncher-10.0.9.jar%2355!/:?]
	at cpw.mods.modlauncher.Launcher.run(Launcher.java:108) ~[modlauncher-10.0.9.jar%2355!/:?]
	at cpw.mods.modlauncher.Launcher.main(Launcher.java:78) ~[modlauncher-10.0.9.jar%2355!/:?]
	at cpw.mods.modlauncher.BootstrapLaunchConsumer.accept(BootstrapLaunchConsumer.java:26) ~[modlauncher-10.0.9.jar%2355!/:?]
	at cpw.mods.modlauncher.BootstrapLaunchConsumer.accept(BootstrapLaunchConsumer.java:23) ~[modlauncher-10.0.9.jar%2355!/:?]
	at cpw.mods.bootstraplauncher.BootstrapLauncher.main(BootstrapLauncher.java:141) ~[bootstraplauncher-1.1.2.jar:?]
[26Sep2025 23:14:49.982] [main/INFO] [net.threetag.palladium.Palladium/]: Loaded 79 powers
[26Sep2025 23:14:49.984] [main/INFO] [net.threetag.palladium.Palladium/]: Loaded 1 item powers
[26Sep2025 23:14:49.984] [main/INFO] [net.threetag.palladium.Palladium/]: Loaded 0 suit set powers
[26Sep2025 23:14:49.985] [main/INFO] [net.threetag.palladium.Palladium/]: Registered 83 objectives to be tracked
[26Sep2025 23:14:49.993] [main/INFO] [com.teamabnormals.blueprint.core.Blueprint/]: Chunk Generator Modification Manager has loaded 0 modifier groups
[26Sep2025 23:14:49.997] [main/INFO] [top.theillusivec4.curios.Curios/]: Loaded 11 curio slots
[26Sep2025 23:14:49.999] [main/ERROR] [top.theillusivec4.curios.Curios/]: talisman is not a registered slot type!
[26Sep2025 23:14:50.000] [main/INFO] [top.theillusivec4.curios.Curios/]: Loaded 1 curio entities
[26Sep2025 23:14:50.001] [main/ERROR] [bettervillage/]: Ice And Fire compatibility is not enabled for Better Village and Ice And Fire is present in your mod list.
     - Please install the datapack for better compatibility between Better Villages and Ice And Fire.
     - You can find the datapack URL in the `compatibility` section of the Better Villages description.
     - URL=https://www.curseforge.com/minecraft/mc-mods/better-village-forge
[26Sep2025 23:14:50.031] [main/WARN] [net.minecraftforge.registries.NamespacedWrapper/]: Not all defined tags for registry ResourceKey[minecraft:root / minecraft:block] are present in data pack: c:ores
[26Sep2025 23:14:50.079] [main/WARN] [ModernFix/]: Initial datapack load took 4.037 s
[26Sep2025 23:14:50.092] [main/INFO] [citadel/]: vanilla surface rule behavior unchanged
[26Sep2025 23:14:50.103] [main/DEBUG] [net.minecraftforge.common.ForgeHooks/WP]: Gathering id map for writing to world save world
[26Sep2025 23:14:50.133] [main/DEBUG] [net.minecraftforge.common.ForgeHooks/WP]: ID Map collection complete world
[26Sep2025 23:14:50.193] [main/DEBUG] [mixin/]: Mixing feature.mcfunction_profiling.ServerFunctionManagerMixin from modernfix-common.mixins.json into net.minecraft.server.ServerFunctionManager
[26Sep2025 23:14:50.194] [main/DEBUG] [mixin/]: Renaming synthetic method lambda$mfix$getProfilingResults$2(Ljava/util/Map$Entry;)Ljava/time/Duration; to md139335$lambda$mfix$getProfilingResults$2$0 in modernfix-common.mixins.json:feature.mcfunction_profiling.ServerFunctionManagerMixin
[26Sep2025 23:14:50.194] [main/DEBUG] [mixin/]: Renaming synthetic method lambda$pruneUnusedWatches$1(Lcom/google/common/base/Stopwatch;)Z to md139335$lambda$pruneUnusedWatches$1$1 in modernfix-common.mixins.json:feature.mcfunction_profiling.ServerFunctionManagerMixin
[26Sep2025 23:14:50.194] [main/DEBUG] [mixin/]: Renaming synthetic method lambda$startWatch$0(Lnet/minecraft/resources/ResourceLocation;)Lcom/google/common/base/Stopwatch; to md139335$lambda$startWatch$0$2 in modernfix-common.mixins.json:feature.mcfunction_profiling.ServerFunctionManagerMixin
[26Sep2025 23:14:50.209] [Server thread/INFO] [net.minecraft.server.dedicated.DedicatedServer/]: Starting minecraft server version 1.20.1
[26Sep2025 23:14:50.213] [Server thread/INFO] [net.minecraft.server.dedicated.DedicatedServer/]: Loading properties
[26Sep2025 23:14:50.213] [Server thread/INFO] [net.minecraft.server.dedicated.DedicatedServer/]: Default game type: SURVIVAL
[26Sep2025 23:14:50.213] [Server thread/INFO] [net.minecraft.server.MinecraftServer/]: Generating keypair
[26Sep2025 23:14:50.294] [Server thread/INFO] [net.minecraft.server.dedicated.DedicatedServer/]: Starting Minecraft server on *:25565
[26Sep2025 23:14:50.315] [Server thread/DEBUG] [net.minecraftforge.network.DualStackUtils/]: Detected IPv6 address: "0:0:0:0:0:0:0:0"
[26Sep2025 23:14:50.322] [Server thread/DEBUG] [io.netty.util.internal.NativeLibraryLoader/]: -Dio.netty.native.workdir: /tmp (io.netty.tmpdir)
[26Sep2025 23:14:50.322] [Server thread/DEBUG] [io.netty.util.internal.NativeLibraryLoader/]: -Dio.netty.native.deleteLibAfterLoading: true
[26Sep2025 23:14:50.322] [Server thread/DEBUG] [io.netty.util.internal.NativeLibraryLoader/]: -Dio.netty.native.tryPatchShadedId: true
[26Sep2025 23:14:50.322] [Server thread/DEBUG] [io.netty.util.internal.NativeLibraryLoader/]: -Dio.netty.native.detectNativeLibraryDuplicates: true
[26Sep2025 23:14:50.330] [Server thread/DEBUG] [io.netty.util.internal.NativeLibraryLoader/]: Successfully loaded the library /tmp/libnetty_transport_native_epoll_x86_6412715134100776771255.so
[26Sep2025 23:14:50.333] [Server thread/DEBUG] [io.netty.util.NetUtil/]: -Djava.net.preferIPv4Stack: false
[26Sep2025 23:14:50.333] [Server thread/DEBUG] [io.netty.util.NetUtil/]: -Djava.net.preferIPv6Addresses: true
[26Sep2025 23:14:50.335] [Server thread/DEBUG] [io.netty.util.NetUtilInitializations/]: Loopback interface: lo (lo, 0:0:0:0:0:0:0:1%lo)
[26Sep2025 23:14:50.335] [Server thread/DEBUG] [io.netty.util.NetUtil/]: /proc/sys/net/core/somaxconn: 4096
[26Sep2025 23:14:50.338] [Server thread/INFO] [net.minecraft.server.network.ServerConnectionListener/]: Using epoll channel type
[26Sep2025 23:14:50.352] [Server thread/DEBUG] [mixin/]: Mixing perf.smart_ingredient_sync.ConnectionMixin from modernfix-forge.mixins.json into net.minecraft.network.Connection
[26Sep2025 23:14:50.361] [Server thread/DEBUG] [io.netty.channel.MultithreadEventLoopGroup/]: -Dio.netty.eventLoopThreads: 8
[26Sep2025 23:14:50.373] [Server thread/DEBUG] [io.netty.util.internal.InternalThreadLocalMap/]: -Dio.netty.threadLocalMap.stringBuilder.initialSize: 1024
[26Sep2025 23:14:50.373] [Server thread/DEBUG] [io.netty.util.internal.InternalThreadLocalMap/]: -Dio.netty.threadLocalMap.stringBuilder.maxSize: 4096
[26Sep2025 23:14:50.383] [Server thread/DEBUG] [io.netty.util.internal.PlatformDependent/]: org.jctools-core.MpscChunkedArrayQueue: available
[26Sep2025 23:14:50.392] [Server thread/DEBUG] [io.netty.channel.DefaultChannelId/]: -Dio.netty.processId: 41161 (auto-detected)
[26Sep2025 23:14:50.393] [Server thread/DEBUG] [io.netty.channel.DefaultChannelId/]: -Dio.netty.machineId: 60:45:bd:ff:fe:b1:ec:e3 (auto-detected)
[26Sep2025 23:14:50.419] [Server thread/DEBUG] [io.netty.buffer.PooledByteBufAllocator/]: -Dio.netty.allocator.numHeapArenas: 8
[26Sep2025 23:14:50.420] [Server thread/DEBUG] [io.netty.buffer.PooledByteBufAllocator/]: -Dio.netty.allocator.numDirectArenas: 8
[26Sep2025 23:14:50.420] [Server thread/DEBUG] [io.netty.buffer.PooledByteBufAllocator/]: -Dio.netty.allocator.pageSize: 8192
[26Sep2025 23:14:50.420] [Server thread/DEBUG] [io.netty.buffer.PooledByteBufAllocator/]: -Dio.netty.allocator.maxOrder: 9
[26Sep2025 23:14:50.420] [Server thread/DEBUG] [io.netty.buffer.PooledByteBufAllocator/]: -Dio.netty.allocator.chunkSize: 4194304
[26Sep2025 23:14:50.420] [Server thread/DEBUG] [io.netty.buffer.PooledByteBufAllocator/]: -Dio.netty.allocator.smallCacheSize: 256
[26Sep2025 23:14:50.420] [Server thread/DEBUG] [io.netty.buffer.PooledByteBufAllocator/]: -Dio.netty.allocator.normalCacheSize: 64
[26Sep2025 23:14:50.420] [Server thread/DEBUG] [io.netty.buffer.PooledByteBufAllocator/]: -Dio.netty.allocator.maxCachedBufferCapacity: 32768
[26Sep2025 23:14:50.420] [Server thread/DEBUG] [io.netty.buffer.PooledByteBufAllocator/]: -Dio.netty.allocator.cacheTrimInterval: 8192
[26Sep2025 23:14:50.420] [Server thread/DEBUG] [io.netty.buffer.PooledByteBufAllocator/]: -Dio.netty.allocator.cacheTrimIntervalMillis: 0
[26Sep2025 23:14:50.420] [Server thread/DEBUG] [io.netty.buffer.PooledByteBufAllocator/]: -Dio.netty.allocator.useCacheForAllThreads: false
[26Sep2025 23:14:50.420] [Server thread/DEBUG] [io.netty.buffer.PooledByteBufAllocator/]: -Dio.netty.allocator.maxCachedByteBuffersPerChunk: 1023
[26Sep2025 23:14:50.428] [Server thread/DEBUG] [io.netty.buffer.ByteBufUtil/]: -Dio.netty.allocator.type: pooled
[26Sep2025 23:14:50.428] [Server thread/DEBUG] [io.netty.buffer.ByteBufUtil/]: -Dio.netty.threadLocalDirectBufferSize: 0
[26Sep2025 23:14:50.428] [Server thread/DEBUG] [io.netty.buffer.ByteBufUtil/]: -Dio.netty.maxThreadLocalCharBufferSize: 16384
[26Sep2025 23:14:50.437] [Server thread/WARN] [net.minecraft.server.dedicated.DedicatedServer/]: **** SERVER IS RUNNING IN OFFLINE/INSECURE MODE!
[26Sep2025 23:14:50.437] [Server thread/WARN] [net.minecraft.server.dedicated.DedicatedServer/]: The server will make no attempt to authenticate usernames. Beware.
[26Sep2025 23:14:50.437] [Server thread/WARN] [net.minecraft.server.dedicated.DedicatedServer/]: While this makes the game possible to play without internet access, it also opens up the ability for hackers to connect with any username they choose.
[26Sep2025 23:14:50.438] [Server thread/WARN] [net.minecraft.server.dedicated.DedicatedServer/]: To change this, set "online-mode" to "true" in the server.properties file.
[26Sep2025 23:14:50.452] [Server thread/DEBUG] [net.minecraftforge.fml.config.ConfigTracker/CONFIG]: Loading configs type SERVER
[26Sep2025 23:14:50.452] [Server thread/DEBUG] [fuzs.puzzleslib.impl.config.core.ForgeConfigFileTypeHandler/CONFIG]: Built TOML config for /workspaces/literate-parakeet/servidor_minecraft/config/mutantmonsters-server.toml
[26Sep2025 23:14:50.453] [Server thread/DEBUG] [fuzs.puzzleslib.impl.config.core.ForgeConfigFileTypeHandler/CONFIG]: Loaded TOML config file /workspaces/literate-parakeet/servidor_minecraft/config/mutantmonsters-server.toml
[26Sep2025 23:14:50.453] [Server thread/DEBUG] [fuzs.puzzleslib.impl.config.core.ForgeConfigFileTypeHandler/CONFIG]: Watching TOML config file /workspaces/literate-parakeet/servidor_minecraft/config/mutantmonsters-server.toml for changes
[26Sep2025 23:14:50.460] [Server thread/INFO] [Puzzles Lib/]: Loading server config for mutantmonsters
[26Sep2025 23:14:50.461] [Server thread/DEBUG] [net.minecraftforge.fml.config.ConfigFileTypeHandler/CONFIG]: Built TOML config for ./world/serverconfig/jei-server.toml
[26Sep2025 23:14:50.461] [Server thread/DEBUG] [net.minecraftforge.fml.config.ConfigFileTypeHandler/CONFIG]: Loaded TOML config file ./world/serverconfig/jei-server.toml
[26Sep2025 23:14:50.462] [Server thread/DEBUG] [net.minecraftforge.fml.config.ConfigFileTypeHandler/CONFIG]: Watching TOML config file ./world/serverconfig/jei-server.toml for changes
[26Sep2025 23:14:50.462] [Server thread/DEBUG] [net.minecraftforge.fml.config.ConfigFileTypeHandler/CONFIG]: Built TOML config for ./world/serverconfig/pehkui-server.toml
[26Sep2025 23:14:50.463] [Server thread/DEBUG] [net.minecraftforge.fml.config.ConfigFileTypeHandler/CONFIG]: Loaded TOML config file ./world/serverconfig/pehkui-server.toml
[26Sep2025 23:14:50.463] [Server thread/DEBUG] [net.minecraftforge.fml.config.ConfigFileTypeHandler/CONFIG]: Watching TOML config file ./world/serverconfig/pehkui-server.toml for changes
[26Sep2025 23:14:50.465] [Server thread/DEBUG] [net.minecraftforge.fml.config.ConfigFileTypeHandler/CONFIG]: Built TOML config for ./world/serverconfig/travelersbackpack-server.toml
[26Sep2025 23:14:50.466] [Server thread/DEBUG] [net.minecraftforge.fml.config.ConfigFileTypeHandler/CONFIG]: Loaded TOML config file ./world/serverconfig/travelersbackpack-server.toml
[26Sep2025 23:14:50.466] [Server thread/DEBUG] [net.minecraftforge.fml.config.ConfigFileTypeHandler/CONFIG]: Watching TOML config file ./world/serverconfig/travelersbackpack-server.toml for changes
[26Sep2025 23:14:50.474] [Server thread/DEBUG] [net.minecraftforge.fml.config.ConfigFileTypeHandler/CONFIG]: Built TOML config for ./world/serverconfig/palladium-server.toml
[26Sep2025 23:14:50.475] [Server thread/DEBUG] [net.minecraftforge.fml.config.ConfigFileTypeHandler/CONFIG]: Loaded TOML config file ./world/serverconfig/palladium-server.toml
[26Sep2025 23:14:50.475] [Server thread/DEBUG] [net.minecraftforge.fml.config.ConfigFileTypeHandler/CONFIG]: Watching TOML config file ./world/serverconfig/palladium-server.toml for changes
[26Sep2025 23:14:50.476] [Server thread/DEBUG] [net.minecraftforge.fml.config.ConfigFileTypeHandler/CONFIG]: Built TOML config for ./world/serverconfig/forge-server.toml
[26Sep2025 23:14:50.476] [Server thread/DEBUG] [net.minecraftforge.fml.config.ConfigFileTypeHandler/CONFIG]: Loaded TOML config file ./world/serverconfig/forge-server.toml
[26Sep2025 23:14:50.476] [Server thread/DEBUG] [net.minecraftforge.fml.config.ConfigFileTypeHandler/CONFIG]: Watching TOML config file ./world/serverconfig/forge-server.toml for changes
[26Sep2025 23:14:50.477] [Server thread/DEBUG] [net.minecraftforge.common.ForgeConfig/FORGEMOD]: Loaded forge config file forge-server.toml
[26Sep2025 23:14:50.477] [Server thread/DEBUG] [net.minecraftforge.fml.config.ConfigFileTypeHandler/CONFIG]: Built TOML config for ./world/serverconfig/castle_in_the_sky-server.toml
[26Sep2025 23:14:50.477] [Server thread/DEBUG] [net.minecraftforge.fml.config.ConfigFileTypeHandler/CONFIG]: Loaded TOML config file ./world/serverconfig/castle_in_the_sky-server.toml
[26Sep2025 23:14:50.478] [Server thread/DEBUG] [net.minecraftforge.fml.config.ConfigFileTypeHandler/CONFIG]: Watching TOML config file ./world/serverconfig/castle_in_the_sky-server.toml for changes
[26Sep2025 23:14:50.478] [Server thread/DEBUG] [net.minecraftforge.fml.config.ConfigFileTypeHandler/CONFIG]: Built TOML config for ./world/serverconfig/toolbelt-server.toml
[26Sep2025 23:14:50.478] [Server thread/DEBUG] [net.minecraftforge.fml.config.ConfigFileTypeHandler/CONFIG]: Loaded TOML config file ./world/serverconfig/toolbelt-server.toml
[26Sep2025 23:14:50.479] [Server thread/DEBUG] [net.minecraftforge.fml.config.ConfigFileTypeHandler/CONFIG]: Watching TOML config file ./world/serverconfig/toolbelt-server.toml for changes
[26Sep2025 23:14:50.479] [Server thread/DEBUG] [net.minecraftforge.fml.config.ConfigFileTypeHandler/CONFIG]: Built TOML config for ./world/serverconfig/curios-server.toml
[26Sep2025 23:14:50.480] [Server thread/DEBUG] [net.minecraftforge.fml.config.ConfigFileTypeHandler/CONFIG]: Loaded TOML config file ./world/serverconfig/curios-server.toml
[26Sep2025 23:14:50.480] [Server thread/DEBUG] [net.minecraftforge.fml.config.ConfigFileTypeHandler/CONFIG]: Watching TOML config file ./world/serverconfig/curios-server.toml for changes
[26Sep2025 23:14:50.481] [Server thread/DEBUG] [net.minecraftforge.fml.config.ConfigFileTypeHandler/CONFIG]: Built TOML config for ./world/serverconfig/gravestone-server.toml
[26Sep2025 23:14:50.481] [Server thread/DEBUG] [net.minecraftforge.fml.config.ConfigFileTypeHandler/CONFIG]: Loaded TOML config file ./world/serverconfig/gravestone-server.toml
[26Sep2025 23:14:50.481] [Server thread/DEBUG] [net.minecraftforge.fml.config.ConfigFileTypeHandler/CONFIG]: Watching TOML config file ./world/serverconfig/gravestone-server.toml for changes
[26Sep2025 23:14:50.483] [Server thread/DEBUG] [net.minecraftforge.fml.config.ConfigFileTypeHandler/CONFIG]: Built TOML config for ./world/serverconfig/toms_storage-server.toml
[26Sep2025 23:14:50.484] [Server thread/DEBUG] [net.minecraftforge.fml.config.ConfigFileTypeHandler/CONFIG]: Loaded TOML config file ./world/serverconfig/toms_storage-server.toml
[26Sep2025 23:14:50.484] [Server thread/DEBUG] [net.minecraftforge.fml.config.ConfigFileTypeHandler/CONFIG]: Watching TOML config file ./world/serverconfig/toms_storage-server.toml for changes
[26Sep2025 23:14:50.484] [Server thread/INFO] [com.tom.storagemod.StorageMod/]: Loaded Tom's Simple Storage config file toms_storage-server.toml
[26Sep2025 23:14:50.485] [Server thread/DEBUG] [net.minecraftforge.fml.config.ConfigFileTypeHandler/CONFIG]: Built TOML config for ./world/serverconfig/the_boiled_one_reimagined-server.toml
[26Sep2025 23:14:50.485] [Server thread/DEBUG] [net.minecraftforge.fml.config.ConfigFileTypeHandler/CONFIG]: Loaded TOML config file ./world/serverconfig/the_boiled_one_reimagined-server.toml
[26Sep2025 23:14:50.485] [Server thread/DEBUG] [net.minecraftforge.fml.config.ConfigFileTypeHandler/CONFIG]: Watching TOML config file ./world/serverconfig/the_boiled_one_reimagined-server.toml for changes
[26Sep2025 23:14:50.488] [Server thread/DEBUG] [mixin/]: Mixing accessor.BiomeSpecialEffectsBuilderForgeAccessor from puzzleslib.forge.mixins.json into net.minecraft.world.level.biome.BiomeSpecialEffects$Builder
[26Sep2025 23:14:50.513] [Server thread/DEBUG] [com.github.alexthe666.iceandfire.IceAndFire/]: Added the following features to the biome [minecraft:badlands]: 
	- iceandfire:silver_ore
	- iceandfire:lightning_dragon_roost
	- iceandfire:lightning_dragon_cave
[26Sep2025 23:14:50.518] [Server thread/DEBUG] [com.github.alexthe666.iceandfire.IceAndFire/]: Added the following features to the biome [minecraft:bamboo_jungle]: 
	- iceandfire:fire_lily
	- iceandfire:silver_ore
	- iceandfire:lightning_dragon_roost
	- iceandfire:lightning_dragon_cave
	- iceandfire:myrmex_hive_jungle
[26Sep2025 23:14:50.523] [Server thread/DEBUG] [com.github.alexthe666.iceandfire.IceAndFire/]: Added the following features to the biome [minecraft:beach]: 
	- iceandfire:silver_ore
	- iceandfire:cyclops_cave
[26Sep2025 23:14:50.526] [Server thread/DEBUG] [com.github.alexthe666.iceandfire.IceAndFire/]: Added the following features to the biome [minecraft:birch_forest]: 
	- iceandfire:silver_ore
[26Sep2025 23:14:50.530] [Server thread/DEBUG] [com.github.alexthe666.iceandfire.IceAndFire/]: Added the following features to the biome [minecraft:cherry_grove]: 
	- iceandfire:silver_ore
[26Sep2025 23:14:50.533] [Server thread/DEBUG] [com.github.alexthe666.iceandfire.IceAndFire/]: Added the following features to the biome [minecraft:cold_ocean]: 
	- iceandfire:silver_ore
	- iceandfire:ice_dragon_roost
	- iceandfire:ice_dragon_cave
	- iceandfire:siren_island
	- iceandfire:spawn_hippocampus
	- iceandfire:spawn_sea_serpent
[26Sep2025 23:14:50.539] [Server thread/DEBUG] [com.github.alexthe666.iceandfire.IceAndFire/]: Added the following features to the biome [minecraft:dark_forest]: 
	- iceandfire:silver_ore
	- iceandfire:pixie_village
[26Sep2025 23:14:50.543] [Server thread/DEBUG] [com.github.alexthe666.iceandfire.IceAndFire/]: Added the following features to the biome [minecraft:deep_cold_ocean]: 
	- iceandfire:silver_ore
	- iceandfire:ice_dragon_roost
	- iceandfire:ice_dragon_cave
	- iceandfire:siren_island
	- iceandfire:spawn_hippocampus
	- iceandfire:spawn_sea_serpent
[26Sep2025 23:14:50.545] [Server thread/DEBUG] [com.github.alexthe666.iceandfire.IceAndFire/]: Added the following features to the biome [minecraft:deep_dark]: 
	- iceandfire:silver_ore
[26Sep2025 23:14:50.548] [Server thread/DEBUG] [com.github.alexthe666.iceandfire.IceAndFire/]: Added the following features to the biome [minecraft:deep_frozen_ocean]: 
	- iceandfire:silver_ore
	- iceandfire:ice_dragon_roost
	- iceandfire:ice_dragon_cave
	- iceandfire:siren_island
	- iceandfire:spawn_hippocampus
	- iceandfire:spawn_sea_serpent
[26Sep2025 23:14:50.551] [Server thread/DEBUG] [com.github.alexthe666.iceandfire.IceAndFire/]: Added the following features to the biome [minecraft:deep_lukewarm_ocean]: 
	- iceandfire:silver_ore
	- iceandfire:siren_island
	- iceandfire:spawn_hippocampus
	- iceandfire:spawn_sea_serpent
[26Sep2025 23:14:50.554] [Server thread/DEBUG] [com.github.alexthe666.iceandfire.IceAndFire/]: Added the following features to the biome [minecraft:deep_ocean]: 
	- iceandfire:silver_ore
	- iceandfire:siren_island
	- iceandfire:spawn_hippocampus
	- iceandfire:spawn_sea_serpent
[26Sep2025 23:14:50.558] [Server thread/DEBUG] [com.github.alexthe666.iceandfire.IceAndFire/]: Added the following features to the biome [minecraft:desert]: 
	- iceandfire:fire_lily
	- iceandfire:silver_ore
	- iceandfire:fire_dragon_roost
	- iceandfire:fire_dragon_cave
	- iceandfire:myrmex_hive_desert
	- iceandfire:spawn_death_worm
	- iceandfire:spawn_dragon_skeleton_fire
[26Sep2025 23:14:50.561] [Server thread/DEBUG] [com.github.alexthe666.iceandfire.IceAndFire/]: Added the following features to the biome [minecraft:dripstone_caves]: 
	- iceandfire:silver_ore
[26Sep2025 23:14:50.569] [Server thread/DEBUG] [com.github.alexthe666.iceandfire.IceAndFire/]: Added the following features to the biome [minecraft:eroded_badlands]: 
	- iceandfire:fire_lily
	- iceandfire:silver_ore
	- iceandfire:lightning_dragon_roost
	- iceandfire:lightning_dragon_cave
[26Sep2025 23:14:50.571] [Server thread/DEBUG] [com.github.alexthe666.iceandfire.IceAndFire/]: Added the following features to the biome [minecraft:flower_forest]: 
	- iceandfire:silver_ore
[26Sep2025 23:14:50.573] [Server thread/DEBUG] [com.github.alexthe666.iceandfire.IceAndFire/]: Added the following features to the biome [minecraft:forest]: 
	- iceandfire:silver_ore
[26Sep2025 23:14:50.575] [Server thread/DEBUG] [com.github.alexthe666.iceandfire.IceAndFire/]: Added the following features to the biome [minecraft:frozen_ocean]: 
	- iceandfire:frost_lily
	- iceandfire:silver_ore
	- iceandfire:sapphire_ore
	- iceandfire:ice_dragon_roost
	- iceandfire:ice_dragon_cave
	- iceandfire:siren_island
	- iceandfire:spawn_dragon_skeleton_ice
	- iceandfire:spawn_hippocampus
	- iceandfire:spawn_sea_serpent
[26Sep2025 23:14:50.576] [Server thread/DEBUG] [com.github.alexthe666.iceandfire.IceAndFire/]: Added the following features to the biome [minecraft:frozen_peaks]: 
	- iceandfire:frost_lily
	- iceandfire:silver_ore
	- iceandfire:sapphire_ore
	- iceandfire:ice_dragon_roost
	- iceandfire:ice_dragon_cave
	- iceandfire:spawn_dragon_skeleton_ice
[26Sep2025 23:14:50.578] [Server thread/DEBUG] [com.github.alexthe666.iceandfire.IceAndFire/]: Added the following features to the biome [minecraft:frozen_river]: 
	- iceandfire:frost_lily
	- iceandfire:silver_ore
	- iceandfire:sapphire_ore
	- iceandfire:ice_dragon_roost
	- iceandfire:ice_dragon_cave
	- iceandfire:spawn_dragon_skeleton_ice
[26Sep2025 23:14:50.583] [Server thread/DEBUG] [com.github.alexthe666.iceandfire.IceAndFire/]: Added the following features to the biome [minecraft:grove]: 
	- iceandfire:frost_lily
	- iceandfire:silver_ore
	- iceandfire:sapphire_ore
	- iceandfire:ice_dragon_roost
	- iceandfire:ice_dragon_cave
	- iceandfire:spawn_dragon_skeleton_ice
[26Sep2025 23:14:50.586] [Server thread/DEBUG] [com.github.alexthe666.iceandfire.IceAndFire/]: Added the following features to the biome [minecraft:ice_spikes]: 
	- iceandfire:frost_lily
	- iceandfire:silver_ore
	- iceandfire:sapphire_ore
	- iceandfire:ice_dragon_roost
	- iceandfire:ice_dragon_cave
	- iceandfire:spawn_dragon_skeleton_ice
[26Sep2025 23:14:50.590] [Server thread/DEBUG] [com.github.alexthe666.iceandfire.IceAndFire/]: Added the following features to the biome [minecraft:jagged_peaks]: 
	- iceandfire:frost_lily
	- iceandfire:silver_ore
	- iceandfire:sapphire_ore
	- iceandfire:ice_dragon_roost
	- iceandfire:ice_dragon_cave
	- iceandfire:spawn_dragon_skeleton_ice
[26Sep2025 23:14:50.595] [Server thread/DEBUG] [com.github.alexthe666.iceandfire.IceAndFire/]: Added the following features to the biome [minecraft:jungle]: 
	- iceandfire:fire_lily
	- iceandfire:silver_ore
	- iceandfire:lightning_dragon_roost
	- iceandfire:lightning_dragon_cave
	- iceandfire:myrmex_hive_jungle
[26Sep2025 23:14:50.597] [Server thread/DEBUG] [com.github.alexthe666.iceandfire.IceAndFire/]: Added the following features to the biome [minecraft:lukewarm_ocean]: 
	- iceandfire:silver_ore
	- iceandfire:siren_island
	- iceandfire:spawn_hippocampus
	- iceandfire:spawn_sea_serpent
[26Sep2025 23:14:50.600] [Server thread/DEBUG] [com.github.alexthe666.iceandfire.IceAndFire/]: Added the following features to the biome [minecraft:lush_caves]: 
	- iceandfire:silver_ore
[26Sep2025 23:14:50.602] [Server thread/DEBUG] [com.github.alexthe666.iceandfire.IceAndFire/]: Added the following features to the biome [minecraft:mangrove_swamp]: 
	- iceandfire:fire_lily
	- iceandfire:silver_ore
	- iceandfire:fire_dragon_roost
	- iceandfire:fire_dragon_cave
	- iceandfire:hydra_cave
	- iceandfire:spawn_stymphalian_bird
[26Sep2025 23:14:50.606] [Server thread/DEBUG] [com.github.alexthe666.iceandfire.IceAndFire/]: Added the following features to the biome [minecraft:meadow]: 
	- iceandfire:silver_ore
	- iceandfire:fire_dragon_roost
	- iceandfire:fire_dragon_cave
	- iceandfire:spawn_wandering_cyclops
[26Sep2025 23:14:50.609] [Server thread/DEBUG] [com.github.alexthe666.iceandfire.IceAndFire/]: Added the following features to the biome [minecraft:mushroom_fields]: 
	- iceandfire:silver_ore
[26Sep2025 23:14:50.614] [Server thread/DEBUG] [com.github.alexthe666.iceandfire.IceAndFire/]: Added the following features to the biome [minecraft:ocean]: 
	- iceandfire:silver_ore
	- iceandfire:siren_island
	- iceandfire:spawn_hippocampus
	- iceandfire:spawn_sea_serpent
[26Sep2025 23:14:50.615] [Server thread/DEBUG] [com.github.alexthe666.iceandfire.IceAndFire/]: Added the following features to the biome [minecraft:old_growth_birch_forest]: 
	- iceandfire:silver_ore
	- iceandfire:pixie_village
[26Sep2025 23:14:50.616] [Server thread/DEBUG] [com.github.alexthe666.iceandfire.IceAndFire/]: Added the following features to the biome [minecraft:old_growth_pine_taiga]: 
	- iceandfire:silver_ore
	- iceandfire:ice_dragon_roost
	- iceandfire:ice_dragon_cave
[26Sep2025 23:14:50.617] [Server thread/DEBUG] [com.github.alexthe666.iceandfire.IceAndFire/]: Added the following features to the biome [minecraft:old_growth_spruce_taiga]: 
	- iceandfire:silver_ore
[26Sep2025 23:14:50.619] [Server thread/DEBUG] [com.github.alexthe666.iceandfire.IceAndFire/]: Added the following features to the biome [minecraft:plains]: 
	- iceandfire:silver_ore
	- iceandfire:fire_dragon_roost
	- iceandfire:fire_dragon_cave
	- iceandfire:spawn_wandering_cyclops
[26Sep2025 23:14:50.620] [Server thread/DEBUG] [com.github.alexthe666.iceandfire.IceAndFire/]: Added the following features to the biome [minecraft:river]: 
	- iceandfire:silver_ore
[26Sep2025 23:14:50.622] [Server thread/DEBUG] [com.github.alexthe666.iceandfire.IceAndFire/]: Added the following features to the biome [minecraft:savanna]: 
	- iceandfire:fire_lily
	- iceandfire:lightning_lily
	- iceandfire:silver_ore
	- iceandfire:lightning_dragon_roost
	- iceandfire:lightning_dragon_cave
	- iceandfire:spawn_dragon_skeleton_lightning
[26Sep2025 23:14:50.623] [Server thread/DEBUG] [com.github.alexthe666.iceandfire.IceAndFire/]: Added the following features to the biome [minecraft:savanna_plateau]: 
	- iceandfire:fire_lily
	- iceandfire:lightning_lily
	- iceandfire:silver_ore
	- iceandfire:lightning_dragon_roost
	- iceandfire:lightning_dragon_cave
	- iceandfire:spawn_dragon_skeleton_lightning
[26Sep2025 23:14:50.624] [Server thread/DEBUG] [com.github.alexthe666.iceandfire.IceAndFire/]: Added the following features to the biome [minecraft:snowy_beach]: 
	- iceandfire:frost_lily
	- iceandfire:silver_ore
	- iceandfire:sapphire_ore
	- iceandfire:ice_dragon_roost
	- iceandfire:ice_dragon_cave
	- iceandfire:cyclops_cave
	- iceandfire:spawn_dragon_skeleton_ice
[26Sep2025 23:14:50.625] [Server thread/DEBUG] [com.github.alexthe666.iceandfire.IceAndFire/]: Added the following features to the biome [minecraft:snowy_plains]: 
	- iceandfire:frost_lily
	- iceandfire:silver_ore
	- iceandfire:sapphire_ore
	- iceandfire:ice_dragon_roost
	- iceandfire:ice_dragon_cave
	- iceandfire:spawn_wandering_cyclops
	- iceandfire:spawn_dragon_skeleton_ice
[26Sep2025 23:14:50.626] [Server thread/DEBUG] [com.github.alexthe666.iceandfire.IceAndFire/]: Added the following features to the biome [minecraft:snowy_slopes]: 
	- iceandfire:frost_lily
	- iceandfire:silver_ore
	- iceandfire:sapphire_ore
	- iceandfire:ice_dragon_roost
	- iceandfire:ice_dragon_cave
	- iceandfire:spawn_dragon_skeleton_ice
[26Sep2025 23:14:50.628] [Server thread/DEBUG] [com.github.alexthe666.iceandfire.IceAndFire/]: Added the following features to the biome [minecraft:snowy_taiga]: 
	- iceandfire:frost_lily
	- iceandfire:silver_ore
	- iceandfire:sapphire_ore
	- iceandfire:ice_dragon_roost
	- iceandfire:ice_dragon_cave
	- iceandfire:spawn_dragon_skeleton_ice
[26Sep2025 23:14:50.630] [Server thread/DEBUG] [com.github.alexthe666.iceandfire.IceAndFire/]: Added the following features to the biome [minecraft:sparse_jungle]: 
	- iceandfire:fire_lily
	- iceandfire:silver_ore
	- iceandfire:lightning_dragon_roost
	- iceandfire:lightning_dragon_cave
	- iceandfire:myrmex_hive_jungle
[26Sep2025 23:14:50.631] [Server thread/DEBUG] [com.github.alexthe666.iceandfire.IceAndFire/]: Added the following features to the biome [minecraft:stony_peaks]: 
	- iceandfire:fire_lily
	- iceandfire:silver_ore
	- iceandfire:fire_dragon_roost
	- iceandfire:fire_dragon_cave
[26Sep2025 23:14:50.631] [Server thread/DEBUG] [com.github.alexthe666.iceandfire.IceAndFire/]: Added the following features to the biome [minecraft:stony_shore]: 
	- iceandfire:silver_ore
[26Sep2025 23:14:50.632] [Server thread/DEBUG] [com.github.alexthe666.iceandfire.IceAndFire/]: Added the following features to the biome [minecraft:sunflower_plains]: 
	- iceandfire:silver_ore
	- iceandfire:fire_dragon_roost
	- iceandfire:fire_dragon_cave
	- iceandfire:spawn_wandering_cyclops
[26Sep2025 23:14:50.633] [Server thread/DEBUG] [com.github.alexthe666.iceandfire.IceAndFire/]: Added the following features to the biome [minecraft:swamp]: 
	- iceandfire:silver_ore
	- iceandfire:hydra_cave
	- iceandfire:spawn_stymphalian_bird
[26Sep2025 23:14:50.634] [Server thread/DEBUG] [com.github.alexthe666.iceandfire.IceAndFire/]: Added the following features to the biome [minecraft:taiga]: 
	- iceandfire:silver_ore
	- iceandfire:ice_dragon_roost
	- iceandfire:ice_dragon_cave
[26Sep2025 23:14:50.636] [Server thread/DEBUG] [com.github.alexthe666.iceandfire.IceAndFire/]: Added the following features to the biome [minecraft:warm_ocean]: 
	- iceandfire:fire_lily
	- iceandfire:silver_ore
	- iceandfire:fire_dragon_roost
	- iceandfire:fire_dragon_cave
	- iceandfire:siren_island
	- iceandfire:spawn_hippocampus
	- iceandfire:spawn_sea_serpent
[26Sep2025 23:14:50.637] [Server thread/DEBUG] [com.github.alexthe666.iceandfire.IceAndFire/]: Added the following features to the biome [minecraft:windswept_forest]: 
	- iceandfire:silver_ore
[26Sep2025 23:14:50.638] [Server thread/DEBUG] [com.github.alexthe666.iceandfire.IceAndFire/]: Added the following features to the biome [minecraft:windswept_gravelly_hills]: 
	- iceandfire:silver_ore
[26Sep2025 23:14:50.639] [Server thread/DEBUG] [com.github.alexthe666.iceandfire.IceAndFire/]: Added the following features to the biome [minecraft:windswept_hills]: 
	- iceandfire:silver_ore
[26Sep2025 23:14:50.640] [Server thread/DEBUG] [com.github.alexthe666.iceandfire.IceAndFire/]: Added the following features to the biome [minecraft:windswept_savanna]: 
	- iceandfire:fire_lily
	- iceandfire:lightning_lily
	- iceandfire:silver_ore
	- iceandfire:lightning_dragon_roost
	- iceandfire:lightning_dragon_cave
	- iceandfire:spawn_dragon_skeleton_lightning
[26Sep2025 23:14:50.641] [Server thread/DEBUG] [com.github.alexthe666.iceandfire.IceAndFire/]: Added the following features to the biome [minecraft:wooded_badlands]: 
	- iceandfire:silver_ore
	- iceandfire:lightning_dragon_roost
	- iceandfire:lightning_dragon_cave
[26Sep2025 23:14:50.673] [Server thread/INFO] [citadel/]: vanilla surface rule behavior unchanged
[26Sep2025 23:14:50.678] [Server thread/INFO] [net.minecraft.server.dedicated.DedicatedServer/]: Preparing level "world"
[26Sep2025 23:14:50.685] [Server thread/DEBUG] [mixin/]: Mixing feature.branding.BrandingControlMixin from modernfix-forge.mixins.json into net.minecraftforge.internal.BrandingControl
[26Sep2025 23:14:50.690] [Server thread/DEBUG] [net.minecraftforge.coremod.transformer.CoreModBaseTransformer/COREMOD]: Transforming net/minecraft/world/level/levelgen/PhantomSpawner
[26Sep2025 23:14:50.698] [Server thread/DEBUG] [net.minecraftforge.coremod.transformer.CoreModBaseTransformer/COREMOD]: Transforming net/minecraft/world/level/levelgen/PatrolSpawner
[26Sep2025 23:14:50.703] [Server thread/DEBUG] [net.minecraftforge.coremod.transformer.CoreModBaseTransformer/COREMOD]: Transforming net/minecraft/world/entity/npc/CatSpawner
[26Sep2025 23:14:50.707] [Server thread/DEBUG] [net.minecraftforge.coremod.transformer.CoreModBaseTransformer/COREMOD]: Transforming net/minecraft/world/entity/ai/village/VillageSiege
[26Sep2025 23:14:50.717] [Server thread/DEBUG] [mixin/]: Mixing alloc.chunk_ticking.ServerChunkManagerMixin from lithium.mixins.json into net.minecraft.server.level.ServerChunkCache
[26Sep2025 23:14:50.717] [Server thread/DEBUG] [mixin/]: lithium.mixins.json:alloc.chunk_ticking.ServerChunkManagerMixin: Class version 61 required is higher than the class version supported by the current version of Mixin (JAVA_16 supports class version 60)
[26Sep2025 23:14:50.718] [Server thread/DEBUG] [mixin/]: Mixing world.chunk_access.ServerChunkManagerMixin from lithium.mixins.json into net.minecraft.server.level.ServerChunkCache
[26Sep2025 23:14:50.718] [Server thread/DEBUG] [mixin/]: lithium.mixins.json:world.chunk_access.ServerChunkManagerMixin: Class version 61 required is higher than the class version supported by the current version of Mixin (JAVA_16 supports class version 60)
[26Sep2025 23:14:50.718] [Server thread/DEBUG] [mixin/]: Renaming synthetic method lambda$getChunkOffThread$0(IILnet/minecraft/world/level/chunk/ChunkStatus;Z)Lnet/minecraft/world/level/chunk/ChunkAccess; to md139335$lambda$getChunkOffThread$0$0 in lithium.mixins.json:world.chunk_access.ServerChunkManagerMixin
[26Sep2025 23:14:50.723] [Server thread/DEBUG] [mixin/]: Mixing compat1201minus.compat117plus.ServerChunkManagerMixin from pehkui.mixins.json into net.minecraft.server.level.ServerChunkCache
[26Sep2025 23:14:50.723] [Server thread/DEBUG] [mixin/]: Mixing bugfix.chunk_deadlock.ServerChunkCache_CurrentLoadingMixin from modernfix-forge.mixins.json into net.minecraft.server.level.ServerChunkCache
[26Sep2025 23:14:50.734] [Server thread/DEBUG] [mixin/]: Mixing MapDataMixin from moonlight-common.mixins.json into net.minecraft.world.level.saveddata.maps.MapItemSavedData
[26Sep2025 23:14:50.735] [Server thread/DEBUG] [mixin/]: Renaming synthetic method lambda$save$3(Lnet/minecraft/nbt/CompoundTag;Lnet/minecraft/resources/ResourceLocation;Lnet/mehvahdjukaar/moonlight/api/map/CustomMapData;)V to md139335$lambda$save$3$0 in moonlight-common.mixins.json:MapDataMixin
[26Sep2025 23:14:50.735] [Server thread/DEBUG] [mixin/]: Renaming synthetic method lambda$load$2(Lnet/minecraft/nbt/CompoundTag;Lnet/mehvahdjukaar/moonlight/api/map/CustomMapData;)V to md139335$lambda$load$2$1 in moonlight-common.mixins.json:MapDataMixin
[26Sep2025 23:14:50.735] [Server thread/DEBUG] [mixin/]: Renaming synthetic method lambda$setCustomDataDirty$1(Lnet/mehvahdjukaar/moonlight/api/map/CustomMapData$Type;Ljava/util/function/Consumer;Lnet/minecraft/world/level/saveddata/maps/MapItemSavedData$HoldingPlayer;)V to md139335$lambda$setCustomDataDirty$1$2 in moonlight-common.mixins.json:MapDataMixin
[26Sep2025 23:14:50.735] [Server thread/DEBUG] [mixin/]: Renaming synthetic method lambda$setCustomDecorationsDirty$0(Lnet/minecraft/world/level/saveddata/maps/MapItemSavedData$HoldingPlayer;)V to md139335$lambda$setCustomDecorationsDirty$0$3 in moonlight-common.mixins.json:MapDataMixin
[26Sep2025 23:14:50.757] [Server thread/DEBUG] [mixin/]: Mixing collections.entity_ticking.EntityListMixin from lithium.mixins.json into net.minecraft.world.level.entity.EntityTickList
[26Sep2025 23:14:50.758] [Server thread/DEBUG] [mixin/]: lithium.mixins.json:collections.entity_ticking.EntityListMixin: Class version 61 required is higher than the class version supported by the current version of Mixin (JAVA_16 supports class version 60)
[26Sep2025 23:14:50.764] [Server thread/DEBUG] [mixin/]: Mixing world.tick_scheduler.ChunkTickSchedulerMixin from lithium.mixins.json into net.minecraft.world.ticks.LevelChunkTicks
[26Sep2025 23:14:50.764] [Server thread/DEBUG] [mixin/]: lithium.mixins.json:world.tick_scheduler.ChunkTickSchedulerMixin: Class version 61 required is higher than the class version supported by the current version of Mixin (JAVA_16 supports class version 60)
[26Sep2025 23:14:50.765] [Server thread/DEBUG] [mixin/]: Renaming synthetic method lambda$queueTick$0(J)Lme/jellysquid/mods/lithium/common/world/scheduler/OrderedTickQueue; to md139335$lambda$queueTick$0$0 in lithium.mixins.json:world.tick_scheduler.ChunkTickSchedulerMixin
[26Sep2025 23:14:50.795] [Server thread/DEBUG] [mixin/]: Mixing entity.inactive_navigations.ServerEntityHandlerMixin from lithium.mixins.json into net.minecraft.server.level.ServerLevel$EntityCallbacks
[26Sep2025 23:14:50.795] [Server thread/DEBUG] [mixin/]: lithium.mixins.json:entity.inactive_navigations.ServerEntityHandlerMixin: Class version 61 required is higher than the class version supported by the current version of Mixin (JAVA_16 supports class version 60)
[26Sep2025 23:14:50.798] [Server thread/DEBUG] [mixin/]: Mixing chunk.entity_class_groups.ServerEntityManagerAccessor from lithium.mixins.json into net.minecraft.world.level.entity.PersistentEntitySectionManager
[26Sep2025 23:14:50.798] [Server thread/DEBUG] [mixin/]: lithium.mixins.json:chunk.entity_class_groups.ServerEntityManagerAccessor: Class version 61 required is higher than the class version supported by the current version of Mixin (JAVA_16 supports class version 60)
[26Sep2025 23:14:50.798] [Server thread/DEBUG] [mixin/]: Mixing util.entity_movement_tracking.ServerEntityManagerAccessor from lithium.mixins.json into net.minecraft.world.level.entity.PersistentEntitySectionManager
[26Sep2025 23:14:50.798] [Server thread/DEBUG] [mixin/]: lithium.mixins.json:util.entity_movement_tracking.ServerEntityManagerAccessor: Class version 61 required is higher than the class version supported by the current version of Mixin (JAVA_16 supports class version 60)
[26Sep2025 23:14:50.799] [Server thread/DEBUG] [mixin/]: Unexpected: Registered method getCache()Lnet/minecraft/world/level/entity/EntitySectionStorage; in net.minecraft.world.level.entity.PersistentEntitySectionManager was not merged
[26Sep2025 23:14:50.805] [Server thread/DEBUG] [mixin/]: Mixing entity.fast_retrieval.SectionedEntityCacheMixin from lithium.mixins.json into net.minecraft.world.level.entity.EntitySectionStorage
[26Sep2025 23:14:50.805] [Server thread/DEBUG] [mixin/]: lithium.mixins.json:entity.fast_retrieval.SectionedEntityCacheMixin: Class version 61 required is higher than the class version supported by the current version of Mixin (JAVA_16 supports class version 60)
[26Sep2025 23:14:50.807] [Server thread/DEBUG] [mixin/]: Mixing util.entity_movement_tracking.SectionedEntityCacheMixin from lithium.mixins.json into net.minecraft.world.level.entity.EntitySectionStorage
[26Sep2025 23:14:50.807] [Server thread/DEBUG] [mixin/]: lithium.mixins.json:util.entity_movement_tracking.SectionedEntityCacheMixin: Class version 61 required is higher than the class version supported by the current version of Mixin (JAVA_16 supports class version 60)
[26Sep2025 23:14:50.809] [Server thread/DEBUG] [mixin/]: Mixing util.entity_section_position.SectionedEntityCacheMixin from lithium.mixins.json into net.minecraft.world.level.entity.EntitySectionStorage
[26Sep2025 23:14:50.809] [Server thread/DEBUG] [mixin/]: lithium.mixins.json:util.entity_section_position.SectionedEntityCacheMixin: Class version 61 required is higher than the class version supported by the current version of Mixin (JAVA_16 supports class version 60)
[26Sep2025 23:14:50.823] [Server thread/DEBUG] [mixin/]: Mixing perf.ticking_chunk_alloc.ChunkHolderMixin from modernfix-common.mixins.json into net.minecraft.server.level.ChunkHolder
[26Sep2025 23:14:50.824] [Server thread/DEBUG] [mixin/]: Mixing world.chunk_access.ChunkHolderMixin from lithium.mixins.json into net.minecraft.server.level.ChunkHolder
[26Sep2025 23:14:50.824] [Server thread/DEBUG] [mixin/]: lithium.mixins.json:world.chunk_access.ChunkHolderMixin: Class version 61 required is higher than the class version supported by the current version of Mixin (JAVA_16 supports class version 60)
[26Sep2025 23:14:50.825] [Server thread/DEBUG] [mixin/]: Mixing compat1201minus.compat116plus.ChunkHolderAccessor from pehkui.mixins.json into net.minecraft.server.level.ChunkHolder
[26Sep2025 23:14:50.830] [Server thread/DEBUG] [mixin/]: Mixing world.player_chunk_tick.ThreadedAnvilChunkStorageMixin from lithium.mixins.json into net.minecraft.server.level.ChunkMap
[26Sep2025 23:14:50.831] [Server thread/DEBUG] [mixin/]: lithium.mixins.json:world.player_chunk_tick.ThreadedAnvilChunkStorageMixin: Class version 61 required is higher than the class version supported by the current version of Mixin (JAVA_16 supports class version 60)
[26Sep2025 23:14:50.833] [Server thread/DEBUG] [mixin/]: Mixing compat1201minus.compat116plus.ThreadedAnvilChunkStorageMixin from pehkui.mixins.json into net.minecraft.server.level.ChunkMap
[26Sep2025 23:14:50.833] [Server thread/DEBUG] [mixin/]: Mixing bugfix.paper_chunk_patches.ChunkMapMixin from modernfix-common.mixins.json into net.minecraft.server.level.ChunkMap
[26Sep2025 23:14:50.833] [Server thread/DEBUG] [mixin/]: Renaming synthetic method lambda$useLegacySchedulingLogic$1(Lnet/minecraft/world/level/chunk/ChunkStatus;Lnet/minecraft/world/level/ChunkPos;Lnet/minecraft/server/level/ChunkHolder;Lcom/mojang/datafixers/util/Either;)Ljava/util/concurrent/CompletionStage; to md139335$lambda$useLegacySchedulingLogic$1$0 in modernfix-common.mixins.json:bugfix.paper_chunk_patches.ChunkMapMixin
[26Sep2025 23:14:50.833] [Server thread/DEBUG] [mixin/]: Renaming synthetic method lambda$useLegacySchedulingLogic$0(Lnet/minecraft/server/level/ChunkHolder;Lnet/minecraft/world/level/chunk/ChunkAccess;)Ljava/util/concurrent/CompletableFuture; to md139335$lambda$useLegacySchedulingLogic$0$1 in modernfix-common.mixins.json:bugfix.paper_chunk_patches.ChunkMapMixin
[26Sep2025 23:14:50.834] [Server thread/DEBUG] [mixin/]: Mixing bugfix.chunk_deadlock.ChunkMapLoadMixin from modernfix-forge.mixins.json into net.minecraft.server.level.ChunkMap
[26Sep2025 23:14:50.856] [Server thread/DEBUG] [mixin/]: Mixing NoiseConfigMixin from mixins.mofus_better_end_.json into net.minecraft.world.level.levelgen.RandomState
[26Sep2025 23:14:50.998] [Server thread/DEBUG] [mixin/]: Mixing ClimateSamplerMixin from mixins.mofus_better_end_.json into net.minecraft.world.level.biome.Climate$Sampler
[26Sep2025 23:14:51.011] [Server thread/DEBUG] [mixin/]: Mixing perf.cache_strongholds.ChunkGeneratorMixin from modernfix-common.mixins.json into net.minecraft.world.level.chunk.ChunkGeneratorStructureState
[26Sep2025 23:14:51.011] [Server thread/DEBUG] [mixin/]: Renaming synthetic method lambda$saveCachedData$0(Ljava/util/List;)Ljava/util/List; to md139335$lambda$saveCachedData$0$0 in modernfix-common.mixins.json:perf.cache_strongholds.ChunkGeneratorMixin
[26Sep2025 23:14:51.045] [Server thread/DEBUG] [mixin/]: Mixing chunk.no_validation.PackedIntegerArrayMixin from lithium.mixins.json into net.minecraft.util.SimpleBitStorage
[26Sep2025 23:14:51.045] [Server thread/DEBUG] [mixin/]: lithium.mixins.json:chunk.no_validation.PackedIntegerArrayMixin: Class version 61 required is higher than the class version supported by the current version of Mixin (JAVA_16 supports class version 60)
[26Sep2025 23:14:51.045] [Server thread/DEBUG] [mixin/]: Mixing chunk.serialization.PackedIntegerArrayMixin from lithium.mixins.json into net.minecraft.util.SimpleBitStorage
[26Sep2025 23:14:51.046] [Server thread/DEBUG] [mixin/]: lithium.mixins.json:chunk.serialization.PackedIntegerArrayMixin: Class version 61 required is higher than the class version supported by the current version of Mixin (JAVA_16 supports class version 60)
[26Sep2025 23:14:51.062] [Server thread/DEBUG] [mixin/]: Mixing ai.poi.PointOfInterestStorageMixin from lithium.mixins.json into net.minecraft.world.entity.ai.village.poi.PoiManager
[26Sep2025 23:14:51.062] [Server thread/DEBUG] [mixin/]: lithium.mixins.json:ai.poi.PointOfInterestStorageMixin: Class version 61 required is higher than the class version supported by the current version of Mixin (JAVA_16 supports class version 60)
[26Sep2025 23:14:51.063] [Server thread/DEBUG] [mixin/]: Renaming synthetic method lambda$withinSphereChunkSectionSorted$6(Lnet/minecraft/core/BlockPos;DLjava/util/ArrayList;Lnet/minecraft/world/entity/ai/village/poi/PoiRecord;)V to md139335$lambda$withinSphereChunkSectionSorted$6$0 in lithium.mixins.json:ai.poi.PointOfInterestStorageMixin
[26Sep2025 23:14:51.063] [Server thread/DEBUG] [mixin/]: Renaming synthetic method lambda$withinSphereChunkSectionSortedStream$5(Ljava/util/function/Predicate;Lnet/minecraft/world/entity/ai/village/poi/PoiManager$Occupancy;Lnet/minecraft/core/BlockPos;DLjava/util/stream/Stream;)Ljava/util/stream/Stream; to md139335$lambda$withinSphereChunkSectionSortedStream$5$1 in lithium.mixins.json:ai.poi.PointOfInterestStorageMixin
[26Sep2025 23:14:51.063] [Server thread/DEBUG] [mixin/]: Renaming synthetic method lambda$withinSphereChunkSectionSortedStream$4(Ljava/util/function/Predicate;Lnet/minecraft/world/entity/ai/village/poi/PoiManager$Occupancy;Lnet/minecraft/core/BlockPos;DLnet/minecraft/world/entity/ai/village/poi/PoiSection;)Ljava/util/stream/Stream; to md139335$lambda$withinSphereChunkSectionSortedStream$4$2 in lithium.mixins.json:ai.poi.PointOfInterestStorageMixin
[26Sep2025 23:14:51.063] [Server thread/DEBUG] [mixin/]: Renaming synthetic method lambda$withinSphereChunkSectionSortedStream$3(Lnet/minecraft/core/BlockPos;DLnet/minecraft/world/entity/ai/village/poi/PoiRecord;)Z to md139335$lambda$withinSphereChunkSectionSortedStream$3$3 in lithium.mixins.json:ai.poi.PointOfInterestStorageMixin
[26Sep2025 23:14:51.063] [Server thread/DEBUG] [mixin/]: Renaming synthetic method lambda$findNearestForPortalLogic$2(Lnet/minecraft/world/level/border/WorldBorder;Ljava/util/function/Predicate;Lnet/minecraft/world/entity/ai/village/poi/PoiRecord;)Z to md139335$lambda$findNearestForPortalLogic$2$4 in lithium.mixins.json:ai.poi.PointOfInterestStorageMixin
[26Sep2025 23:14:51.063] [Server thread/DEBUG] [mixin/]: Renaming synthetic method lambda$getNearestPosition$1(Ljava/util/function/Predicate;Lnet/minecraft/world/entity/ai/village/poi/PoiRecord;)Z to md139335$lambda$getNearestPosition$1$5 in lithium.mixins.json:ai.poi.PointOfInterestStorageMixin
[26Sep2025 23:14:51.063] [Server thread/DEBUG] [mixin/]: Renaming synthetic method lambda$getInChunk$0(Ljava/util/function/Predicate;Lnet/minecraft/world/entity/ai/village/poi/PoiManager$Occupancy;Lnet/minecraft/world/entity/ai/village/poi/PoiSection;)Ljava/util/stream/Stream; to md139335$lambda$getInChunk$0$6 in lithium.mixins.json:ai.poi.PointOfInterestStorageMixin
[26Sep2025 23:14:51.073] [Server thread/DEBUG] [mixin/]: Mixing ai.poi.SerializingRegionBasedStorageMixin from lithium.mixins.json into net.minecraft.world.level.chunk.storage.SectionStorage
[26Sep2025 23:14:51.073] [Server thread/DEBUG] [mixin/]: lithium.mixins.json:ai.poi.SerializingRegionBasedStorageMixin: Class version 61 required is higher than the class version supported by the current version of Mixin (JAVA_16 supports class version 60)
[26Sep2025 23:14:51.074] [Server thread/DEBUG] [mixin/]: Renaming synthetic method lambda$getInChunkColumn$0(Ljava/util/BitSet;Lit/unimi/dsi/fastutil/longs/Long2ObjectMap;ILnet/minecraft/world/level/LevelHeightAccessor;I)Ljava/util/Iterator; to md139335$lambda$getInChunkColumn$0$0 in lithium.mixins.json:ai.poi.SerializingRegionBasedStorageMixin
[26Sep2025 23:14:51.083] [Server thread/DEBUG] [mixin/]: Mixing ai.poi.PointOfInterestSetMixin from lithium.mixins.json into net.minecraft.world.entity.ai.village.poi.PoiSection
[26Sep2025 23:14:51.083] [Server thread/DEBUG] [mixin/]: lithium.mixins.json:ai.poi.PointOfInterestSetMixin: Class version 61 required is higher than the class version supported by the current version of Mixin (JAVA_16 supports class version 60)
[26Sep2025 23:14:51.084] [Server thread/DEBUG] [mixin/]: Renaming synthetic method lambda$computeIfAbsent$0(Ljava/lang/Object;)Ljava/lang/Object; to md139335$lambda$computeIfAbsent$0$0 in lithium.mixins.json:ai.poi.PointOfInterestSetMixin
[26Sep2025 23:14:51.112] [Server thread/DEBUG] [mixin/]: Mixing perf.faster_structure_location.StructureCheckMixin from modernfix-common.mixins.json into net.minecraft.world.level.levelgen.structure.StructureCheck
[26Sep2025 23:14:51.113] [Server thread/DEBUG] [net.minecraftforge.coremod.transformer.CoreModBaseTransformer/COREMOD]: Transforming net/minecraft/world/level/levelgen/structure/Structure
[26Sep2025 23:14:51.131] [Server thread/DEBUG] [ModernFix/]: Loaded stronghold cache for dimension minecraft:overworld with 128 positions
[26Sep2025 23:14:51.184] [Server thread/INFO] [net.minecraft.server.MinecraftServer/]: Preparing start region for dimension minecraft:overworld
[26Sep2025 23:14:51.185] [Server thread/DEBUG] [mixin/]: Mixing world.chunk_tickets.SortedArraySetMixin from lithium.mixins.json into net.minecraft.util.SortedArraySet
[26Sep2025 23:14:51.186] [Server thread/DEBUG] [mixin/]: lithium.mixins.json:world.chunk_tickets.SortedArraySetMixin: Class version 61 required is higher than the class version supported by the current version of Mixin (JAVA_16 supports class version 60)
[26Sep2025 23:14:51.186] [Server thread/DEBUG] [mixin/]: Mixing bugfix.paper_chunk_patches.SortedArraySetMixin from modernfix-common.mixins.json into net.minecraft.util.SortedArraySet
[26Sep2025 23:14:51.187] [Server thread/WARN] [mixin/]: Method overwrite conflict for removeIf in modernfix-common.mixins.json:bugfix.paper_chunk_patches.SortedArraySetMixin, previously written by me.jellysquid.mods.lithium.mixin.world.chunk_tickets.SortedArraySetMixin. Skipping method.
[26Sep2025 23:14:51.187] [Server thread/DEBUG] [mixin/]: Unexpected: Registered method removeIf(Ljava/util/function/Predicate;)Z in net.minecraft.util.SortedArraySet was not merged
[26Sep2025 23:14:51.189] [Server thread/INFO] [KubeJS Server/]: Server resource reload complete!
[26Sep2025 23:14:51.347] [Server thread/DEBUG] [mixin/]: Mixing MixinChunkSerializer from architectury.mixins.json into net.minecraft.world.level.chunk.storage.ChunkSerializer
[26Sep2025 23:14:51.362] [Server thread/DEBUG] [mixin/]: Mixing chunk.palette.PalettedContainerMixin from lithium.mixins.json into net.minecraft.world.level.chunk.PalettedContainer$Strategy
[26Sep2025 23:14:51.362] [Server thread/DEBUG] [mixin/]: lithium.mixins.json:chunk.palette.PalettedContainerMixin: Class version 61 required is higher than the class version supported by the current version of Mixin (JAVA_16 supports class version 60)
[26Sep2025 23:14:51.368] [Server thread/DEBUG] [mixin/]: Generating mapped inner class net/minecraft/world/level/chunk/PalettedContainer$Strategy$Anonymous$6f40347955894a32ba4bd38d51dee79e (originally me/jellysquid/mods/lithium/mixin/chunk/palette/PalettedContainerMixin$1)
[26Sep2025 23:14:51.369] [Server thread/DEBUG] [mixin/]: Generating mapped inner class net/minecraft/world/level/chunk/PalettedContainer$Strategy$Anonymous$4d4dd7db82d0452197f35bedbb4b65b9 (originally me/jellysquid/mods/lithium/mixin/chunk/palette/PalettedContainerMixin$2)
[26Sep2025 23:14:51.376] [Server thread/DEBUG] [mixin/]: Mixing chunk.no_locking.PalettedContainerMixin from lithium.mixins.json into net.minecraft.world.level.chunk.PalettedContainer
[26Sep2025 23:14:51.377] [Server thread/DEBUG] [mixin/]: lithium.mixins.json:chunk.no_locking.PalettedContainerMixin: Class version 61 required is higher than the class version supported by the current version of Mixin (JAVA_16 supports class version 60)
[26Sep2025 23:14:51.377] [Server thread/DEBUG] [mixin/]: Mixing chunk.serialization.PalettedContainerMixin from lithium.mixins.json into net.minecraft.world.level.chunk.PalettedContainer
[26Sep2025 23:14:51.377] [Server thread/DEBUG] [mixin/]: lithium.mixins.json:chunk.serialization.PalettedContainerMixin: Class version 61 required is higher than the class version supported by the current version of Mixin (JAVA_16 supports class version 60)
[26Sep2025 23:14:51.378] [Server thread/DEBUG] [mixin/]: Renaming synthetic method lambda$count$2([SI)V to md139335$lambda$count$2$0 in lithium.mixins.json:chunk.serialization.PalettedContainerMixin
[26Sep2025 23:14:51.378] [Server thread/DEBUG] [mixin/]: Renaming synthetic method lambda$static$1()[S to md139335$lambda$static$1$1 in lithium.mixins.json:chunk.serialization.PalettedContainerMixin
[26Sep2025 23:14:51.378] [Server thread/DEBUG] [mixin/]: Renaming synthetic method lambda$static$0()[S to md139335$lambda$static$0$2 in lithium.mixins.json:chunk.serialization.PalettedContainerMixin
[26Sep2025 23:14:51.381] [Server thread/DEBUG] [mixin/]: Mixing perf.compact_bit_storage.PalettedContainerMixin from modernfix-common.mixins.json into net.minecraft.world.level.chunk.PalettedContainer
[26Sep2025 23:14:51.404] [Server thread/DEBUG] [mixin/]: Mixing chunk.no_locking.ChunkSectionMixin from lithium.mixins.json into net.minecraft.world.level.chunk.LevelChunkSection
[26Sep2025 23:14:51.408] [Server thread/DEBUG] [mixin/]: lithium.mixins.json:chunk.no_locking.ChunkSectionMixin: Class version 61 required is higher than the class version supported by the current version of Mixin (JAVA_16 supports class version 60)
[26Sep2025 23:14:51.408] [Server thread/DEBUG] [mixin/]: Mixing util.block_tracking.ChunkSectionMixin from lithium.mixins.json into net.minecraft.world.level.chunk.LevelChunkSection
[26Sep2025 23:14:51.408] [Server thread/DEBUG] [mixin/]: lithium.mixins.json:util.block_tracking.ChunkSectionMixin: Class version 61 required is higher than the class version supported by the current version of Mixin (JAVA_16 supports class version 60)
[26Sep2025 23:14:51.409] [Server thread/DEBUG] [mixin/]: Renaming synthetic method lambda$initFlagCounters$0(Lnet/minecraft/world/level/chunk/PalettedContainer$CountConsumer;Lnet/minecraft/world/level/block/state/BlockState;I)V to md139335$lambda$initFlagCounters$0$0 in lithium.mixins.json:util.block_tracking.ChunkSectionMixin
[26Sep2025 23:14:51.430] [Server thread/DEBUG] [mixin/]: Mixing chunk.no_validation.EmptyPaletteStorageMixin from lithium.mixins.json into net.minecraft.util.ZeroBitStorage
[26Sep2025 23:14:51.430] [Server thread/DEBUG] [mixin/]: lithium.mixins.json:chunk.no_validation.EmptyPaletteStorageMixin: Class version 61 required is higher than the class version supported by the current version of Mixin (JAVA_16 supports class version 60)
[26Sep2025 23:14:51.450] [Server thread/DEBUG] [mixin/]: Mixing perf.cache_blockstate_cache_arrays.AbstractBlockStateCacheMixin from modernfix-common.mixins.json into net.minecraft.world.level.block.state.BlockBehaviour$BlockStateBase$Cache
[26Sep2025 23:14:51.452] [Server thread/DEBUG] [mixin/]: Mixing BlockStateCacheMixin from ferritecore.blockstatecache.mixin.json into net.minecraft.world.level.block.state.BlockBehaviour$BlockStateBase$Cache
[26Sep2025 23:14:51.461] [Server thread/DEBUG] [mixin/]: Mixing ai.pathing.LandPathNodeMakerMixin from lithium.mixins.json into net.minecraft.world.level.pathfinder.WalkNodeEvaluator
[26Sep2025 23:14:51.461] [Server thread/DEBUG] [mixin/]: lithium.mixins.json:ai.pathing.LandPathNodeMakerMixin: Class version 61 required is higher than the class version supported by the current version of Mixin (JAVA_16 supports class version 60)
[26Sep2025 23:14:51.489] [Server thread/DEBUG] [mixin/]: Mixing SubShapeAccess from ferritecore.blockstatecache.mixin.json into net.minecraft.world.phys.shapes.SubShape
[26Sep2025 23:14:52.014] [Server thread/DEBUG] [mixin/]: Mixing StructureStartMixin from blueprint.mixins.json into net.minecraft.world.level.levelgen.structure.StructureStart
[26Sep2025 23:14:52.015] [Server thread/DEBUG] [mixin/]: Renaming synthetic method lambda$new$0(Lnet/minecraft/world/level/WorldGenLevel;)[Lcom/teamabnormals/blueprint/common/world/modification/structure/StructureRepaletterEntry; to md139335$lambda$new$0$0 in blueprint.mixins.json:StructureStartMixin
[26Sep2025 23:14:52.151] [Server thread/DEBUG] [net.minecraftforge.coremod.transformer.CoreModBaseTransformer/COREMOD]: Transforming net/minecraft/world/level/levelgen/structure/templatesystem/StructureTemplate
[26Sep2025 23:14:52.178] [Server thread/DEBUG] [mixin/]: Mixing StructureTemplateMixin from blueprint.mixins.json into net.minecraft.world.level.levelgen.structure.templatesystem.StructureTemplate
[26Sep2025 23:14:52.705] [Server thread/INFO] [net.minecraft.server.level.progress.LoggerChunkProgressListener/]: Preparing spawn area: 0%
[26Sep2025 23:14:52.706] [Server thread/INFO] [net.minecraft.server.level.progress.LoggerChunkProgressListener/]: Preparing spawn area: 0%
[26Sep2025 23:14:52.706] [Server thread/INFO] [net.minecraft.server.level.progress.LoggerChunkProgressListener/]: Preparing spawn area: 0%
[26Sep2025 23:14:52.707] [Server thread/INFO] [net.minecraft.server.level.progress.LoggerChunkProgressListener/]: Preparing spawn area: 0%
[26Sep2025 23:14:53.074] [Server thread/DEBUG] [mixin/]: Mixing world.block_entity_ticking.world_border.DirectBlockEntityTickInvokerMixin from lithium.mixins.json into net.minecraft.world.level.chunk.LevelChunk$BoundTickingBlockEntity
[26Sep2025 23:14:53.074] [Server thread/DEBUG] [mixin/]: lithium.mixins.json:world.block_entity_ticking.world_border.DirectBlockEntityTickInvokerMixin: Class version 61 required is higher than the class version supported by the current version of Mixin (JAVA_16 supports class version 60)
[26Sep2025 23:14:53.089] [Server thread/DEBUG] [mixin/]: Mixing chunk.entity_class_groups.EntityTrackingSectionAccessor from lithium.mixins.json into net.minecraft.world.level.entity.EntitySection
[26Sep2025 23:14:53.089] [Server thread/DEBUG] [mixin/]: lithium.mixins.json:chunk.entity_class_groups.EntityTrackingSectionAccessor: Class version 61 required is higher than the class version supported by the current version of Mixin (JAVA_16 supports class version 60)
[26Sep2025 23:14:53.090] [Server thread/DEBUG] [mixin/]: Mixing entity.collisions.unpushable_cramming.EntityTrackingSectionMixin from lithium.mixins.json into net.minecraft.world.level.entity.EntitySection
[26Sep2025 23:14:53.090] [Server thread/DEBUG] [mixin/]: lithium.mixins.json:entity.collisions.unpushable_cramming.EntityTrackingSectionMixin: Class version 61 required is higher than the class version supported by the current version of Mixin (JAVA_16 supports class version 60)
[26Sep2025 23:14:53.093] [Server thread/DEBUG] [mixin/]: Mixing util.entity_movement_tracking.EntityTrackingSectionMixin from lithium.mixins.json into net.minecraft.world.level.entity.EntitySection
[26Sep2025 23:14:53.093] [Server thread/DEBUG] [mixin/]: lithium.mixins.json:util.entity_movement_tracking.EntityTrackingSectionMixin: Class version 61 required is higher than the class version supported by the current version of Mixin (JAVA_16 supports class version 60)
[26Sep2025 23:14:53.095] [Server thread/DEBUG] [mixin/]: Mixing util.entity_section_position.EntityTrackingSectionMixin from lithium.mixins.json into net.minecraft.world.level.entity.EntitySection
[26Sep2025 23:14:53.096] [Server thread/DEBUG] [mixin/]: lithium.mixins.json:util.entity_section_position.EntityTrackingSectionMixin: Class version 61 required is higher than the class version supported by the current version of Mixin (JAVA_16 supports class version 60)
[26Sep2025 23:14:53.096] [Server thread/DEBUG] [mixin/]: Mixing compat1193plus.EntityTrackingSectionMixin from pehkui.mixins.json into net.minecraft.world.level.entity.EntitySection
[26Sep2025 23:14:53.148] [Server thread/DEBUG] [mixin/]: Mixing collections.goals.GoalSelectorMixin from lithium.mixins.json into net.minecraft.world.entity.ai.goal.GoalSelector
[26Sep2025 23:14:53.148] [Server thread/DEBUG] [mixin/]: lithium.mixins.json:collections.goals.GoalSelectorMixin: Class version 61 required is higher than the class version supported by the current version of Mixin (JAVA_16 supports class version 60)
[26Sep2025 23:14:53.248] [Server thread/DEBUG] [mixin/]: Mixing VibrationListenerMixin from palladium-common.mixins.json into net.minecraft.world.level.gameevent.vibrations.VibrationSystem$Listener
[26Sep2025 23:14:53.304] [Server thread/DEBUG] [mixin/]: Mixing ai.pathing.BirdPathNodeMakerMixin from lithium.mixins.json into net.minecraft.world.level.pathfinder.FlyNodeEvaluator
[26Sep2025 23:14:53.304] [Server thread/DEBUG] [mixin/]: lithium.mixins.json:ai.pathing.BirdPathNodeMakerMixin: Class version 61 required is higher than the class version supported by the current version of Mixin (JAVA_16 supports class version 60)
[26Sep2025 23:14:53.354] [Server thread/INFO] [net.minecraft.server.level.progress.LoggerChunkProgressListener/]: Time elapsed: 2170 ms
[26Sep2025 23:14:53.355] [Server thread/INFO] [net.minecraft.server.dedicated.DedicatedServer/]: Done (2.903s)! For help, type "help"
[26Sep2025 23:14:53.357] [Server thread/DEBUG] [net.minecraftforge.coremod.transformer.CoreModBaseTransformer/COREMOD]: Transforming net/minecraft/client/server/LanServerPinger
[26Sep2025 23:14:53.368] [Server thread/DEBUG] [net.minecraftforge.network.DualStackUtils/]: Detected IPv6 address: "0:0:0:0:0:0:0:0"
[26Sep2025 23:14:53.397] [Server thread/DEBUG] [net.minecraftforge.common.ForgeI18n/CORE]: Loading I18N data entries: 8494
[26Sep2025 23:14:53.400] [Server thread/INFO] [net.minecraftforge.server.permission.PermissionAPI/]: Successfully initialized permission handler forge:default_handler
[26Sep2025 23:14:53.424] [Server thread/INFO] [com.github.alexthe666.iceandfire.IceAndFire/]: {iceandfire:fire_dragon_roost=true, iceandfire:fire_lily=true, iceandfire:spawn_dragon_skeleton_fire=true, iceandfire:lightning_dragon_roost=true, iceandfire:spawn_dragon_skeleton_lightning=true, iceandfire:ice_dragon_roost=true, iceandfire:ice_dragon_cave=true, iceandfire:lightning_dragon_cave=true, iceandfire:cyclops_cave=true, iceandfire:spawn_wandering_cyclops=true, iceandfire:spawn_sea_serpent=true, iceandfire:frost_lily=true, iceandfire:hydra_cave=true, iceandfire:lightning_lily=true, iceandfire:pixie_village=true, iceandfire:myrmex_hive_jungle=true, iceandfire:myrmex_hive_desert=true, iceandfire:silver_ore=true, iceandfire:siren_island=true, iceandfire:spawn_dragon_skeleton_ice=true, iceandfire:spawn_stymphalian_bird=true, iceandfire:fire_dragon_cave=true, iceandfire:sapphire_ore=true, iceandfire:spawn_hippocampus=true, iceandfire:spawn_death_worm=true}
[26Sep2025 23:14:53.425] [Server thread/INFO] [com.github.alexthe666.iceandfire.IceAndFire/]: {TROLL_S=true, HIPPOGRYPH=true, AMPHITHERE=true, COCKATRICE=true, TROLL_M=true, DREAD_LICH=true, TROLL_F=true}
[26Sep2025 23:14:53.427] [Server thread/WARN] [ModernFix/]: Dedicated server took 32.422 seconds to load
[26Sep2025 23:14:53.452] [Server thread/DEBUG] [io.netty.buffer.AbstractByteBuf/]: -Dio.netty.buffer.checkAccessible: true
[26Sep2025 23:14:53.452] [Server thread/DEBUG] [io.netty.buffer.AbstractByteBuf/]: -Dio.netty.buffer.checkBounds: true
[26Sep2025 23:14:53.453] [Server thread/DEBUG] [io.netty.util.ResourceLeakDetectorFactory/]: Loaded default ResourceLeakDetector: io.netty.util.ResourceLeakDetector@6f6a91c7
[26Sep2025 23:14:53.517] [Server thread/DEBUG] [net.minecraftforge.coremod.transformer.CoreModBaseTransformer/COREMOD]: Transforming net/minecraft/world/level/NaturalSpawner
[26Sep2025 23:14:53.541] [Server thread/DEBUG] [mixin/]: Mixing PacketDistributorHackMixin from moonlight.mixins.json into net.minecraftforge.network.PacketDistributor
[26Sep2025 23:14:53.550] [Server thread/DEBUG] [mixin/]: Mixing chunk.entity_class_groups.TypeFilterableListMixin from lithium.mixins.json into net.minecraft.util.ClassInstanceMultiMap
[26Sep2025 23:14:53.550] [Server thread/DEBUG] [mixin/]: lithium.mixins.json:chunk.entity_class_groups.TypeFilterableListMixin: Class version 61 required is higher than the class version supported by the current version of Mixin (JAVA_16 supports class version 60)
[26Sep2025 23:14:53.552] [Server thread/DEBUG] [mixin/]: Mixing collections.entity_by_type.TypeFilterableListMixin from lithium.mixins.json into net.minecraft.util.ClassInstanceMultiMap
[26Sep2025 23:14:53.553] [Server thread/DEBUG] [mixin/]: lithium.mixins.json:collections.entity_by_type.TypeFilterableListMixin: Class version 61 required is higher than the class version supported by the current version of Mixin (JAVA_16 supports class version 60)
[26Sep2025 23:14:53.553] [Server thread/DEBUG] [mixin/]: Mixing collections.entity_filtering.TypeFilterableListMixin from lithium.mixins.json into net.minecraft.util.ClassInstanceMultiMap
[26Sep2025 23:14:53.553] [Server thread/DEBUG] [mixin/]: lithium.mixins.json:collections.entity_filtering.TypeFilterableListMixin: Class version 61 required is higher than the class version supported by the current version of Mixin (JAVA_16 supports class version 60)
[26Sep2025 23:14:53.558] [Server thread/DEBUG] [mixin/]: Mixing util.entity_movement_tracking.ServerEntityManagerListenerMixin from lithium.mixins.json into net.minecraft.world.level.entity.PersistentEntitySectionManager$Callback
[26Sep2025 23:14:53.558] [Server thread/DEBUG] [mixin/]: lithium.mixins.json:util.entity_movement_tracking.ServerEntityManagerListenerMixin: Class version 61 required is higher than the class version supported by the current version of Mixin (JAVA_16 supports class version 60)
[26Sep2025 23:14:53.561] [Server thread/DEBUG] [mixin/]: Mixing alloc.entity_tracker.EntityTrackerMixin from lithium.mixins.json into net.minecraft.server.level.ChunkMap$TrackedEntity
[26Sep2025 23:14:53.561] [Server thread/DEBUG] [mixin/]: lithium.mixins.json:alloc.entity_tracker.EntityTrackerMixin: Class version 61 required is higher than the class version supported by the current version of Mixin (JAVA_16 supports class version 60)
[26Sep2025 23:14:53.563] [Server thread/DEBUG] [mixin/]: Mixing EntityTrackerEntryMixin from pehkui.mixins.json into net.minecraft.server.level.ServerEntity
[26Sep2025 23:14:53.563] [Server thread/DEBUG] [mixin/]: Renaming synthetic method lambda$pehkui$syncEntityData$1(Lnet/minecraft/network/protocol/Packet;)V to md139335$lambda$pehkui$syncEntityData$1$0 in pehkui.mixins.json:EntityTrackerEntryMixin
[26Sep2025 23:14:53.563] [Server thread/DEBUG] [mixin/]: Renaming synthetic method lambda$pehkui$tick$0(Lnet/minecraft/network/protocol/Packet;)V to md139335$lambda$pehkui$tick$0$1 in pehkui.mixins.json:EntityTrackerEntryMixin
[26Sep2025 23:14:53.564] [Server thread/DEBUG] [mixin/]: Mixing ServerEntityMixin from blueprint.mixins.json into net.minecraft.server.level.ServerEntity
[26Sep2025 23:14:53.991] [Server thread/DEBUG] [mixin/]: Mixing ai.pathing.ChunkCacheMixin from lithium.mixins.json into net.minecraft.world.level.PathNavigationRegion
[26Sep2025 23:14:53.991] [Server thread/DEBUG] [mixin/]: lithium.mixins.json:ai.pathing.ChunkCacheMixin: Class version 61 required is higher than the class version supported by the current version of Mixin (JAVA_16 supports class version 60)
[26Sep2025 23:14:53.992] [Server thread/DEBUG] [mixin/]: Mixing util.chunk_access.ChunkCacheMixin from lithium.mixins.json into net.minecraft.world.level.PathNavigationRegion
[26Sep2025 23:14:53.992] [Server thread/DEBUG] [mixin/]: lithium.mixins.json:util.chunk_access.ChunkCacheMixin: Class version 61 required is higher than the class version supported by the current version of Mixin (JAVA_16 supports class version 60)
[26Sep2025 23:15:13.650] [Netty Epoll Server IO #1/DEBUG] [mixin/]: Mixing v1_19_4_forge.Varint21FrameDecoderMixin from packetfixer.v1_19_4.forge.mixins.json into net.minecraft.network.Varint21FrameDecoder
[26Sep2025 23:15:13.653] [Netty Epoll Server IO #1/DEBUG] [mixin/]: Mixing v1_19_4_forge.Varint21LengthFieldPrependerMixin from packetfixer.v1_19_4.forge.mixins.json into net.minecraft.network.Varint21LengthFieldPrepender
[26Sep2025 23:15:13.655] [Netty Epoll Server IO #1/DEBUG] [mixin/]: Mixing v1_19_4_forge.PacketEncoderMixin from packetfixer.v1_19_4.forge.mixins.json into net.minecraft.network.PacketEncoder
[26Sep2025 23:15:13.681] [Netty Epoll Server IO #1/DEBUG] [mixin/]: Mixing MapItemDataPacketMixin from moonlight-common.mixins.json into net.minecraft.network.protocol.game.ClientboundMapItemDataPacket
[26Sep2025 23:15:13.681] [Netty Epoll Server IO #1/DEBUG] [mixin/]: Renaming synthetic method lambda$moonlight$sendCustomDecorations$1(I)[Lnet/mehvahdjukaar/moonlight/api/map/CustomMapDecoration; to md139335$lambda$moonlight$sendCustomDecorations$1$0 in moonlight-common.mixins.json:MapItemDataPacketMixin
[26Sep2025 23:15:13.681] [Netty Epoll Server IO #1/DEBUG] [mixin/]: Renaming synthetic method lambda$moonlight$sendCustomDecorations$0(Lnet/minecraft/network/FriendlyByteBuf;Lnet/mehvahdjukaar/moonlight/api/map/CustomMapDecoration;)Lnet/mehvahdjukaar/moonlight/api/map/CustomMapDecoration; to md139335$lambda$moonlight$sendCustomDecorations$0$1 in moonlight-common.mixins.json:MapItemDataPacketMixin
[26Sep2025 23:15:13.853] [Netty Epoll Server IO #1/DEBUG] [io.netty.util.Recycler/]: -Dio.netty.recycler.maxCapacityPerThread: 4096
[26Sep2025 23:15:13.853] [Netty Epoll Server IO #1/DEBUG] [io.netty.util.Recycler/]: -Dio.netty.recycler.ratio: 8
[26Sep2025 23:15:13.853] [Netty Epoll Server IO #1/DEBUG] [io.netty.util.Recycler/]: -Dio.netty.recycler.chunkSize: 32
[26Sep2025 23:15:13.853] [Netty Epoll Server IO #1/DEBUG] [io.netty.util.Recycler/]: -Dio.netty.recycler.blocking: false
[26Sep2025 23:15:13.862] [Netty Epoll Server IO #1/DEBUG] [mixin/]: Mixing core.NetworkHooksMixin from modernfix-forge.mixins.json into net.minecraftforge.network.NetworkHooks
[26Sep2025 23:15:15.289] [Netty Epoll Server IO #2/DEBUG] [net.minecraftforge.network.HandshakeHandler/FMLHANDSHAKE]: Starting new modded impl connection. Found 33 messages to dispatch.
[26Sep2025 23:15:15.331] [Server thread/DEBUG] [net.minecraftforge.network.HandshakeHandler/FMLHANDSHAKE]: Sending ticking packet info 'net.minecraftforge.network.HandshakeMessages$S2CModData' to 'fml:handshake' sequence 0
[26Sep2025 23:15:15.380] [Server thread/DEBUG] [net.minecraftforge.network.HandshakeHandler/FMLHANDSHAKE]: Sending ticking packet info 'net.minecraftforge.network.HandshakeMessages$S2CModList' to 'fml:handshake' sequence 1
[26Sep2025 23:15:15.430] [Server thread/DEBUG] [net.minecraftforge.network.HandshakeHandler/FMLHANDSHAKE]: Sending ticking packet info 'Registry minecraft:command_argument_type' to 'fml:handshake' sequence 2
[26Sep2025 23:15:15.480] [Server thread/DEBUG] [net.minecraftforge.network.HandshakeHandler/FMLHANDSHAKE]: Sending ticking packet info 'Registry minecraft:recipe_serializer' to 'fml:handshake' sequence 3
[26Sep2025 23:15:15.523] [Netty Epoll Server IO #2/DEBUG] [net.minecraftforge.network.LoginWrapper/FMLHANDSHAKE]: Recieved login wrapper packet event for channel fml:handshake with index 1
[26Sep2025 23:15:15.526] [Netty Epoll Server IO #2/DEBUG] [net.minecraftforge.network.HandshakeHandler/FMLHANDSHAKE]: Received client indexed reply 1 of type net.minecraftforge.network.HandshakeMessages$C2SModListReply
[26Sep2025 23:15:15.526] [Netty Epoll Server IO #2/DEBUG] [net.minecraftforge.network.HandshakeHandler/FMLHANDSHAKE]: Received client connection with modlist [gravecore, radium, rhino, mowziesmobs, mcef, mutantmonsters, amendments, geckolib, playeranimator, palladiumcore, jei, particlerain, pehkui, libraryferret, trender, palladium, betterendcities, modernfix, citadel, alexsmobs, mypowers, travelersbackpack, yungsapi, relics, iceandfire, blueprint, carryon, puzzlesaccessapi, cloth_config, forge, extensibleenums, embeddium, rubidium, webdisplays, dungeons_arise, hoppergadgetry, castle_in_the_sky, minecraft, rustic_engineer, brainrot, boiled_reimagined, moonlight, toolbelt, mr_serversleep, mofus_better_end_, creativecore, alienevo, notenoughanimations, curios, xaerominimap, gravestone, pet_cemetery, mr_dungeons_andtaverns, loafcats, bettervillage, cfm, architectury, kubejs, octolib, mr_limesplatus_ending, ferritecore, transition, betterendisland, puzzleslib, the_knocker, fallingtree, lodestone, toms_storage, hopo, packetfixer, playerrevive, presencefootsteps]
[26Sep2025 23:15:15.527] [Netty Epoll Server IO #2/DEBUG] [net.minecraftforge.network.NetworkRegistry/NETREGISTRY]: Channel 'brainrot:brainrot' : Version test of '1' from client : ACCEPTED
[26Sep2025 23:15:15.527] [Netty Epoll Server IO #2/DEBUG] [net.minecraftforge.network.NetworkRegistry/NETREGISTRY]: Channel 'the_knocker:the_knocker' : Version test of '1' from client : ACCEPTED
[26Sep2025 23:15:15.527] [Netty Epoll Server IO #2/DEBUG] [net.minecraftforge.network.NetworkRegistry/NETREGISTRY]: Channel 'lodestone:main' : Version test of '1' from client : ACCEPTED
[26Sep2025 23:15:15.527] [Netty Epoll Server IO #2/DEBUG] [net.minecraftforge.network.NetworkRegistry/NETREGISTRY]: Channel 'architectury:network' : Version test of '1' from client : ACCEPTED
[26Sep2025 23:15:15.527] [Netty Epoll Server IO #2/DEBUG] [net.minecraftforge.network.NetworkRegistry/NETREGISTRY]: Channel 'webdisplays:packetsystem' : Version test of '2' from client : ACCEPTED
[26Sep2025 23:15:15.527] [Netty Epoll Server IO #2/DEBUG] [net.minecraftforge.network.NetworkRegistry/NETREGISTRY]: Channel 'jei:channel' : Version test of '1.0.0' from client : ACCEPTED
[26Sep2025 23:15:15.527] [Netty Epoll Server IO #2/DEBUG] [net.minecraftforge.network.NetworkRegistry/NETREGISTRY]: Channel 'carryon:carryonpackets' : Version test of '1.0' from client : ACCEPTED
[26Sep2025 23:15:15.527] [Netty Epoll Server IO #2/DEBUG] [net.minecraftforge.network.NetworkRegistry/NETREGISTRY]: Channel 'minecraft:unregister' : Version test of 'FML3' from client : ACCEPTED
[26Sep2025 23:15:15.527] [Netty Epoll Server IO #2/DEBUG] [net.minecraftforge.network.NetworkRegistry/NETREGISTRY]: Channel 'xaerominimap:main' : Version test of '1.0' from client : ACCEPTED
[26Sep2025 23:15:15.527] [Netty Epoll Server IO #2/DEBUG] [net.minecraftforge.network.NetworkRegistry/NETREGISTRY]: Channel 'cfm:network' : Version test of '1' from client : ACCEPTED
[26Sep2025 23:15:15.527] [Netty Epoll Server IO #2/DEBUG] [net.minecraftforge.network.NetworkRegistry/NETREGISTRY]: Channel 'citadel:main_channel' : Version test of '1' from client : ACCEPTED
[26Sep2025 23:15:15.527] [Netty Epoll Server IO #2/DEBUG] [net.minecraftforge.network.NetworkRegistry/NETREGISTRY]: Channel 'puzzleslib:1' : Version test of '1' from client : ACCEPTED
[26Sep2025 23:15:15.527] [Netty Epoll Server IO #2/DEBUG] [net.minecraftforge.network.NetworkRegistry/NETREGISTRY]: Channel 'iceandfire:main_channel' : Version test of '1' from client : ACCEPTED
[26Sep2025 23:15:15.527] [Netty Epoll Server IO #2/DEBUG] [net.minecraftforge.network.NetworkRegistry/NETREGISTRY]: Channel 'toms_storage:main' : Version test of '2' from client : ACCEPTED
[26Sep2025 23:15:15.527] [Netty Epoll Server IO #2/DEBUG] [net.minecraftforge.network.NetworkRegistry/NETREGISTRY]: Channel 'fallingtree:main' : Version test of '1' from client : ACCEPTED
[26Sep2025 23:15:15.527] [Netty Epoll Server IO #2/DEBUG] [net.minecraftforge.network.NetworkRegistry/NETREGISTRY]: Channel 'travelersbackpack:network' : Version test of 'travelersbackpack:1' from client : ACCEPTED
[26Sep2025 23:15:15.527] [Netty Epoll Server IO #2/DEBUG] [net.minecraftforge.network.NetworkRegistry/NETREGISTRY]: Channel 'amendments:channel' : Version test of '0' from client : ACCEPTED
[26Sep2025 23:15:15.527] [Netty Epoll Server IO #2/DEBUG] [net.minecraftforge.network.NetworkRegistry/NETREGISTRY]: Channel 'modernfix:main' : Version test of '1' from client : ACCEPTED
[26Sep2025 23:15:15.527] [Netty Epoll Server IO #2/DEBUG] [net.minecraftforge.network.NetworkRegistry/NETREGISTRY]: Channel 'curios:main' : Version test of '1' from client : ACCEPTED
[26Sep2025 23:15:15.527] [Netty Epoll Server IO #2/DEBUG] [net.minecraftforge.network.NetworkRegistry/NETREGISTRY]: Channel 'particlerain:main' : Version test of '1' from client : ACCEPTED
[26Sep2025 23:15:15.528] [Netty Epoll Server IO #2/DEBUG] [net.minecraftforge.network.NetworkRegistry/NETREGISTRY]: Channel 'pehkui:main' : Version test of '2' from client : ACCEPTED
[26Sep2025 23:15:15.528] [Netty Epoll Server IO #2/DEBUG] [net.minecraftforge.network.NetworkRegistry/NETREGISTRY]: Channel 'fml:loginwrapper' : Version test of 'FML3' from client : ACCEPTED
[26Sep2025 23:15:15.528] [Netty Epoll Server IO #2/DEBUG] [net.minecraftforge.network.NetworkRegistry/NETREGISTRY]: Channel 'boiled_reimagined:boiled_reimagined' : Version test of '1' from client : ACCEPTED
[26Sep2025 23:15:15.528] [Netty Epoll Server IO #2/DEBUG] [net.minecraftforge.network.NetworkRegistry/NETREGISTRY]: Channel 'castle_in_the_sky:main' : Version test of '1' from client : ACCEPTED
[26Sep2025 23:15:15.528] [Netty Epoll Server IO #2/DEBUG] [net.minecraftforge.network.NetworkRegistry/NETREGISTRY]: Channel 'forge:tier_sorting' : Version test of '1.0' from client : ACCEPTED
[26Sep2025 23:15:15.528] [Netty Epoll Server IO #2/DEBUG] [net.minecraftforge.network.NetworkRegistry/NETREGISTRY]: Channel 'rustic_engineer:rustic_engineer' : Version test of '1' from client : ACCEPTED
[26Sep2025 23:15:15.528] [Netty Epoll Server IO #2/DEBUG] [net.minecraftforge.network.NetworkRegistry/NETREGISTRY]: Channel 'palladium:main_channel' : Version test of '1.0.0' from client : ACCEPTED
[26Sep2025 23:15:15.528] [Netty Epoll Server IO #2/DEBUG] [net.minecraftforge.network.NetworkRegistry/NETREGISTRY]: Channel 'alexsmobs:main_channel' : Version test of '1' from client : ACCEPTED
[26Sep2025 23:15:15.528] [Netty Epoll Server IO #2/DEBUG] [net.minecraftforge.network.NetworkRegistry/NETREGISTRY]: Channel 'playerrevive:main' : Version test of '1' from client : ACCEPTED
[26Sep2025 23:15:15.528] [Netty Epoll Server IO #2/DEBUG] [net.minecraftforge.network.NetworkRegistry/NETREGISTRY]: Channel 'mowziesmobs:net' : Version test of '1' from client : ACCEPTED
[26Sep2025 23:15:15.528] [Netty Epoll Server IO #2/DEBUG] [net.minecraftforge.network.NetworkRegistry/NETREGISTRY]: Channel 'relics:network' : Version test of '1.0' from client : ACCEPTED
[26Sep2025 23:15:15.528] [Netty Epoll Server IO #2/DEBUG] [net.minecraftforge.network.NetworkRegistry/NETREGISTRY]: Channel 'mofus_better_end_:mofus_better_end_' : Version test of '1' from client : ACCEPTED
[26Sep2025 23:15:15.528] [Netty Epoll Server IO #2/DEBUG] [net.minecraftforge.network.NetworkRegistry/NETREGISTRY]: Channel 'fml:play' : Version test of 'FML3' from client : ACCEPTED
[26Sep2025 23:15:15.528] [Netty Epoll Server IO #2/DEBUG] [net.minecraftforge.network.NetworkRegistry/NETREGISTRY]: Channel 'creativecore:main' : Version test of '1' from client : ACCEPTED
[26Sep2025 23:15:15.528] [Netty Epoll Server IO #2/DEBUG] [net.minecraftforge.network.NetworkRegistry/NETREGISTRY]: Channel 'gravestone:default' : Version test of '1.0.0' from client : ACCEPTED
[26Sep2025 23:15:15.528] [Netty Epoll Server IO #2/DEBUG] [net.minecraftforge.network.NetworkRegistry/NETREGISTRY]: Channel 'fml:handshake' : Version test of 'FML3' from client : ACCEPTED
[26Sep2025 23:15:15.528] [Netty Epoll Server IO #2/DEBUG] [net.minecraftforge.network.NetworkRegistry/NETREGISTRY]: Channel 'toolbelt:general' : Version test of '1.0' from client : ACCEPTED
[26Sep2025 23:15:15.528] [Netty Epoll Server IO #2/DEBUG] [net.minecraftforge.network.NetworkRegistry/NETREGISTRY]: Channel 'modernfix:ingredient_sync' : Version test of '1' from client : ACCEPTED
[26Sep2025 23:15:15.528] [Netty Epoll Server IO #2/DEBUG] [net.minecraftforge.network.NetworkRegistry/NETREGISTRY]: Channel 'blueprint:net' : Version test of 'BP1' from client : ACCEPTED
[26Sep2025 23:15:15.528] [Netty Epoll Server IO #2/DEBUG] [net.minecraftforge.network.NetworkRegistry/NETREGISTRY]: Channel 'minecraft:register' : Version test of 'FML3' from client : ACCEPTED
[26Sep2025 23:15:15.528] [Netty Epoll Server IO #2/DEBUG] [net.minecraftforge.network.NetworkRegistry/NETREGISTRY]: Channel 'mutantmonsters:1' : Version test of '1' from client : ACCEPTED
[26Sep2025 23:15:15.528] [Netty Epoll Server IO #2/DEBUG] [net.minecraftforge.network.NetworkRegistry/NETREGISTRY]: Channel 'forge:split' : Version test of '1.1' from client : ACCEPTED
[26Sep2025 23:15:15.528] [Netty Epoll Server IO #2/DEBUG] [net.minecraftforge.network.NetworkRegistry/NETREGISTRY]: Channel 'geckolib:main' : Version test of '1' from client : ACCEPTED
[26Sep2025 23:15:15.528] [Netty Epoll Server IO #2/DEBUG] [net.minecraftforge.network.NetworkRegistry/NETREGISTRY]: Channel 'moonlight:channel' : Version test of '0' from client : ACCEPTED
[26Sep2025 23:15:15.528] [Netty Epoll Server IO #2/DEBUG] [net.minecraftforge.network.NetworkRegistry/NETREGISTRY]: Accepting channel list from client
[26Sep2025 23:15:15.529] [Netty Epoll Server IO #2/DEBUG] [net.minecraftforge.network.HandshakeHandler/FMLHANDSHAKE]: Accepted client connection mod list
[26Sep2025 23:15:15.531] [Server thread/DEBUG] [net.minecraftforge.network.HandshakeHandler/FMLHANDSHAKE]: Sending ticking packet info 'Registry minecraft:sound_event' to 'fml:handshake' sequence 4
[26Sep2025 23:15:15.579] [Netty Epoll Server IO #2/DEBUG] [net.minecraftforge.network.LoginWrapper/FMLHANDSHAKE]: Recieved login wrapper packet event for channel fml:handshake with index 2
[26Sep2025 23:15:15.579] [Netty Epoll Server IO #2/DEBUG] [net.minecraftforge.network.HandshakeHandler/FMLHANDSHAKE]: Received client indexed reply 2 of type net.minecraftforge.network.HandshakeMessages$C2SAcknowledge
[26Sep2025 23:15:15.579] [Netty Epoll Server IO #2/DEBUG] [net.minecraftforge.network.HandshakeHandler/FMLHANDSHAKE]: Received acknowledgement from client
[26Sep2025 23:15:15.580] [Server thread/DEBUG] [net.minecraftforge.network.HandshakeHandler/FMLHANDSHAKE]: Sending ticking packet info 'Registry minecraft:particle_type' to 'fml:handshake' sequence 5
[26Sep2025 23:15:15.629] [Server thread/DEBUG] [net.minecraftforge.network.HandshakeHandler/FMLHANDSHAKE]: Sending ticking packet info 'Registry minecraft:villager_profession' to 'fml:handshake' sequence 6
[26Sep2025 23:15:15.642] [Netty Epoll Server IO #2/DEBUG] [net.minecraftforge.network.LoginWrapper/FMLHANDSHAKE]: Recieved login wrapper packet event for channel fml:handshake with index 3
[26Sep2025 23:15:15.642] [Netty Epoll Server IO #2/DEBUG] [net.minecraftforge.network.HandshakeHandler/FMLHANDSHAKE]: Received client indexed reply 3 of type net.minecraftforge.network.HandshakeMessages$C2SAcknowledge
[26Sep2025 23:15:15.642] [Netty Epoll Server IO #2/DEBUG] [net.minecraftforge.network.HandshakeHandler/FMLHANDSHAKE]: Received acknowledgement from client
[26Sep2025 23:15:15.679] [Server thread/DEBUG] [net.minecraftforge.network.HandshakeHandler/FMLHANDSHAKE]: Sending ticking packet info 'Registry minecraft:item' to 'fml:handshake' sequence 7
[26Sep2025 23:15:15.729] [Server thread/DEBUG] [net.minecraftforge.network.HandshakeHandler/FMLHANDSHAKE]: Sending ticking packet info 'Registry minecraft:potion' to 'fml:handshake' sequence 8
[26Sep2025 23:15:15.779] [Server thread/DEBUG] [net.minecraftforge.network.HandshakeHandler/FMLHANDSHAKE]: Sending ticking packet info 'Registry minecraft:painting_variant' to 'fml:handshake' sequence 9
[26Sep2025 23:15:15.829] [Server thread/DEBUG] [net.minecraftforge.network.HandshakeHandler/FMLHANDSHAKE]: Sending ticking packet info 'Registry forge:fluid_type' to 'fml:handshake' sequence 10
[26Sep2025 23:15:15.879] [Server thread/DEBUG] [net.minecraftforge.network.HandshakeHandler/FMLHANDSHAKE]: Sending ticking packet info 'Registry minecraft:block_entity_type' to 'fml:handshake' sequence 11
[26Sep2025 23:15:15.908] [Netty Epoll Server IO #2/DEBUG] [net.minecraftforge.network.LoginWrapper/FMLHANDSHAKE]: Recieved login wrapper packet event for channel fml:handshake with index 4
[26Sep2025 23:15:15.908] [Netty Epoll Server IO #2/DEBUG] [net.minecraftforge.network.HandshakeHandler/FMLHANDSHAKE]: Received client indexed reply 4 of type net.minecraftforge.network.HandshakeMessages$C2SAcknowledge
[26Sep2025 23:15:15.908] [Netty Epoll Server IO #2/DEBUG] [net.minecraftforge.network.HandshakeHandler/FMLHANDSHAKE]: Received acknowledgement from client
[26Sep2025 23:15:15.926] [Netty Epoll Server IO #2/DEBUG] [net.minecraftforge.network.LoginWrapper/FMLHANDSHAKE]: Recieved login wrapper packet event for channel fml:handshake with index 5
[26Sep2025 23:15:15.926] [Netty Epoll Server IO #2/DEBUG] [net.minecraftforge.network.HandshakeHandler/FMLHANDSHAKE]: Received client indexed reply 5 of type net.minecraftforge.network.HandshakeMessages$C2SAcknowledge
[26Sep2025 23:15:15.926] [Netty Epoll Server IO #2/DEBUG] [net.minecraftforge.network.HandshakeHandler/FMLHANDSHAKE]: Received acknowledgement from client
[26Sep2025 23:15:15.926] [Netty Epoll Server IO #2/DEBUG] [net.minecraftforge.network.LoginWrapper/FMLHANDSHAKE]: Recieved login wrapper packet event for channel fml:handshake with index 6
[26Sep2025 23:15:15.926] [Netty Epoll Server IO #2/DEBUG] [net.minecraftforge.network.HandshakeHandler/FMLHANDSHAKE]: Received client indexed reply 6 of type net.minecraftforge.network.HandshakeMessages$C2SAcknowledge
[26Sep2025 23:15:15.926] [Netty Epoll Server IO #2/DEBUG] [net.minecraftforge.network.HandshakeHandler/FMLHANDSHAKE]: Received acknowledgement from client
[26Sep2025 23:15:15.929] [Server thread/DEBUG] [net.minecraftforge.network.HandshakeHandler/FMLHANDSHAKE]: Sending ticking packet info 'Registry forge:display_contexts' to 'fml:handshake' sequence 12
[26Sep2025 23:15:15.979] [Server thread/DEBUG] [net.minecraftforge.network.HandshakeHandler/FMLHANDSHAKE]: Sending ticking packet info 'Registry minecraft:block' to 'fml:handshake' sequence 13
[26Sep2025 23:15:16.029] [Server thread/DEBUG] [net.minecraftforge.network.HandshakeHandler/FMLHANDSHAKE]: Sending ticking packet info 'Registry forge:entity_data_serializers' to 'fml:handshake' sequence 14
[26Sep2025 23:15:16.079] [Server thread/DEBUG] [net.minecraftforge.network.HandshakeHandler/FMLHANDSHAKE]: Sending ticking packet info 'Registry minecraft:mob_effect' to 'fml:handshake' sequence 15
[26Sep2025 23:15:16.098] [Netty Epoll Server IO #2/DEBUG] [net.minecraftforge.network.LoginWrapper/FMLHANDSHAKE]: Recieved login wrapper packet event for channel fml:handshake with index 7
[26Sep2025 23:15:16.098] [Netty Epoll Server IO #2/DEBUG] [net.minecraftforge.network.HandshakeHandler/FMLHANDSHAKE]: Received client indexed reply 7 of type net.minecraftforge.network.HandshakeMessages$C2SAcknowledge
[26Sep2025 23:15:16.098] [Netty Epoll Server IO #2/DEBUG] [net.minecraftforge.network.HandshakeHandler/FMLHANDSHAKE]: Received acknowledgement from client
[26Sep2025 23:15:16.129] [Server thread/DEBUG] [net.minecraftforge.network.HandshakeHandler/FMLHANDSHAKE]: Sending ticking packet info 'Registry minecraft:stat_type' to 'fml:handshake' sequence 16
[26Sep2025 23:15:16.172] [Netty Epoll Server IO #2/DEBUG] [net.minecraftforge.network.LoginWrapper/FMLHANDSHAKE]: Recieved login wrapper packet event for channel fml:handshake with index 8
[26Sep2025 23:15:16.172] [Netty Epoll Server IO #2/DEBUG] [net.minecraftforge.network.HandshakeHandler/FMLHANDSHAKE]: Received client indexed reply 8 of type net.minecraftforge.network.HandshakeMessages$C2SAcknowledge
[26Sep2025 23:15:16.173] [Netty Epoll Server IO #2/DEBUG] [net.minecraftforge.network.HandshakeHandler/FMLHANDSHAKE]: Received acknowledgement from client
[26Sep2025 23:15:16.174] [Netty Epoll Server IO #2/DEBUG] [net.minecraftforge.network.LoginWrapper/FMLHANDSHAKE]: Recieved login wrapper packet event for channel fml:handshake with index 9
[26Sep2025 23:15:16.174] [Netty Epoll Server IO #2/DEBUG] [net.minecraftforge.network.HandshakeHandler/FMLHANDSHAKE]: Received client indexed reply 9 of type net.minecraftforge.network.HandshakeMessages$C2SAcknowledge
[26Sep2025 23:15:16.174] [Netty Epoll Server IO #2/DEBUG] [net.minecraftforge.network.HandshakeHandler/FMLHANDSHAKE]: Received acknowledgement from client
[26Sep2025 23:15:16.176] [Netty Epoll Server IO #2/DEBUG] [net.minecraftforge.network.LoginWrapper/FMLHANDSHAKE]: Recieved login wrapper packet event for channel fml:handshake with index 10
[26Sep2025 23:15:16.176] [Netty Epoll Server IO #2/DEBUG] [net.minecraftforge.network.HandshakeHandler/FMLHANDSHAKE]: Received client indexed reply 10 of type net.minecraftforge.network.HandshakeMessages$C2SAcknowledge
[26Sep2025 23:15:16.176] [Netty Epoll Server IO #2/DEBUG] [net.minecraftforge.network.HandshakeHandler/FMLHANDSHAKE]: Received acknowledgement from client
[26Sep2025 23:15:16.179] [Server thread/DEBUG] [net.minecraftforge.network.HandshakeHandler/FMLHANDSHAKE]: Sending ticking packet info 'Registry minecraft:menu' to 'fml:handshake' sequence 17
[26Sep2025 23:15:16.180] [Netty Epoll Server IO #2/DEBUG] [net.minecraftforge.network.LoginWrapper/FMLHANDSHAKE]: Recieved login wrapper packet event for channel fml:handshake with index 11
[26Sep2025 23:15:16.180] [Netty Epoll Server IO #2/DEBUG] [net.minecraftforge.network.HandshakeHandler/FMLHANDSHAKE]: Received client indexed reply 11 of type net.minecraftforge.network.HandshakeMessages$C2SAcknowledge
[26Sep2025 23:15:16.180] [Netty Epoll Server IO #2/DEBUG] [net.minecraftforge.network.HandshakeHandler/FMLHANDSHAKE]: Received acknowledgement from client
[26Sep2025 23:15:16.180] [Netty Epoll Server IO #2/DEBUG] [net.minecraftforge.network.LoginWrapper/FMLHANDSHAKE]: Recieved login wrapper packet event for channel fml:handshake with index 12
[26Sep2025 23:15:16.180] [Netty Epoll Server IO #2/DEBUG] [net.minecraftforge.network.HandshakeHandler/FMLHANDSHAKE]: Received client indexed reply 12 of type net.minecraftforge.network.HandshakeMessages$C2SAcknowledge
[26Sep2025 23:15:16.180] [Netty Epoll Server IO #2/DEBUG] [net.minecraftforge.network.HandshakeHandler/FMLHANDSHAKE]: Received acknowledgement from client
[26Sep2025 23:15:16.190] [Netty Epoll Server IO #2/DEBUG] [net.minecraftforge.network.LoginWrapper/FMLHANDSHAKE]: Recieved login wrapper packet event for channel fml:handshake with index 13
[26Sep2025 23:15:16.190] [Netty Epoll Server IO #2/DEBUG] [net.minecraftforge.network.HandshakeHandler/FMLHANDSHAKE]: Received client indexed reply 13 of type net.minecraftforge.network.HandshakeMessages$C2SAcknowledge
[26Sep2025 23:15:16.190] [Netty Epoll Server IO #2/DEBUG] [net.minecraftforge.network.HandshakeHandler/FMLHANDSHAKE]: Received acknowledgement from client
[26Sep2025 23:15:16.194] [Netty Epoll Server IO #2/DEBUG] [net.minecraftforge.network.LoginWrapper/FMLHANDSHAKE]: Recieved login wrapper packet event for channel fml:handshake with index 14
[26Sep2025 23:15:16.194] [Netty Epoll Server IO #2/DEBUG] [net.minecraftforge.network.HandshakeHandler/FMLHANDSHAKE]: Received client indexed reply 14 of type net.minecraftforge.network.HandshakeMessages$C2SAcknowledge
[26Sep2025 23:15:16.194] [Netty Epoll Server IO #2/DEBUG] [net.minecraftforge.network.HandshakeHandler/FMLHANDSHAKE]: Received acknowledgement from client
[26Sep2025 23:15:16.229] [Server thread/DEBUG] [net.minecraftforge.network.HandshakeHandler/FMLHANDSHAKE]: Sending ticking packet info 'Registry minecraft:enchantment' to 'fml:handshake' sequence 18
[26Sep2025 23:15:16.247] [Netty Epoll Server IO #2/DEBUG] [net.minecraftforge.network.LoginWrapper/FMLHANDSHAKE]: Recieved login wrapper packet event for channel fml:handshake with index 15
[26Sep2025 23:15:16.247] [Netty Epoll Server IO #2/DEBUG] [net.minecraftforge.network.HandshakeHandler/FMLHANDSHAKE]: Received client indexed reply 15 of type net.minecraftforge.network.HandshakeMessages$C2SAcknowledge
[26Sep2025 23:15:16.247] [Netty Epoll Server IO #2/DEBUG] [net.minecraftforge.network.HandshakeHandler/FMLHANDSHAKE]: Received acknowledgement from client
[26Sep2025 23:15:16.279] [Server thread/DEBUG] [net.minecraftforge.network.HandshakeHandler/FMLHANDSHAKE]: Sending ticking packet info 'Registry minecraft:fluid' to 'fml:handshake' sequence 19
[26Sep2025 23:15:16.297] [Netty Epoll Server IO #2/DEBUG] [net.minecraftforge.network.LoginWrapper/FMLHANDSHAKE]: Recieved login wrapper packet event for channel fml:handshake with index 16
[26Sep2025 23:15:16.297] [Netty Epoll Server IO #2/DEBUG] [net.minecraftforge.network.HandshakeHandler/FMLHANDSHAKE]: Received client indexed reply 16 of type net.minecraftforge.network.HandshakeMessages$C2SAcknowledge
[26Sep2025 23:15:16.297] [Netty Epoll Server IO #2/DEBUG] [net.minecraftforge.network.HandshakeHandler/FMLHANDSHAKE]: Received acknowledgement from client
[26Sep2025 23:15:16.330] [Server thread/DEBUG] [net.minecraftforge.network.HandshakeHandler/FMLHANDSHAKE]: Sending ticking packet info 'Registry minecraft:entity_type' to 'fml:handshake' sequence 20
[26Sep2025 23:15:16.345] [Netty Epoll Server IO #2/DEBUG] [net.minecraftforge.network.LoginWrapper/FMLHANDSHAKE]: Recieved login wrapper packet event for channel fml:handshake with index 17
[26Sep2025 23:15:16.346] [Netty Epoll Server IO #2/DEBUG] [net.minecraftforge.network.HandshakeHandler/FMLHANDSHAKE]: Received client indexed reply 17 of type net.minecraftforge.network.HandshakeMessages$C2SAcknowledge
[26Sep2025 23:15:16.346] [Netty Epoll Server IO #2/DEBUG] [net.minecraftforge.network.HandshakeHandler/FMLHANDSHAKE]: Received acknowledgement from client
[26Sep2025 23:15:16.380] [Server thread/DEBUG] [net.minecraftforge.network.HandshakeHandler/FMLHANDSHAKE]: Sending ticking packet info 'Config curios-server.toml' to 'fml:handshake' sequence 21
[26Sep2025 23:15:16.394] [Netty Epoll Server IO #2/DEBUG] [net.minecraftforge.network.LoginWrapper/FMLHANDSHAKE]: Recieved login wrapper packet event for channel fml:handshake with index 18
[26Sep2025 23:15:16.394] [Netty Epoll Server IO #2/DEBUG] [net.minecraftforge.network.HandshakeHandler/FMLHANDSHAKE]: Received client indexed reply 18 of type net.minecraftforge.network.HandshakeMessages$C2SAcknowledge
[26Sep2025 23:15:16.394] [Netty Epoll Server IO #2/DEBUG] [net.minecraftforge.network.HandshakeHandler/FMLHANDSHAKE]: Received acknowledgement from client
[26Sep2025 23:15:16.429] [Server thread/DEBUG] [net.minecraftforge.network.HandshakeHandler/FMLHANDSHAKE]: Sending ticking packet info 'Config toolbelt-server.toml' to 'fml:handshake' sequence 22
[26Sep2025 23:15:16.436] [Netty Epoll Server IO #2/DEBUG] [net.minecraftforge.network.LoginWrapper/FMLHANDSHAKE]: Recieved login wrapper packet event for channel fml:handshake with index 19
[26Sep2025 23:15:16.436] [Netty Epoll Server IO #2/DEBUG] [net.minecraftforge.network.HandshakeHandler/FMLHANDSHAKE]: Received client indexed reply 19 of type net.minecraftforge.network.HandshakeMessages$C2SAcknowledge
[26Sep2025 23:15:16.436] [Netty Epoll Server IO #2/DEBUG] [net.minecraftforge.network.HandshakeHandler/FMLHANDSHAKE]: Received acknowledgement from client
[26Sep2025 23:15:16.480] [Server thread/DEBUG] [net.minecraftforge.network.HandshakeHandler/FMLHANDSHAKE]: Sending ticking packet info 'Config travelersbackpack-server.toml' to 'fml:handshake' sequence 23
[26Sep2025 23:15:16.529] [Server thread/DEBUG] [net.minecraftforge.network.HandshakeHandler/FMLHANDSHAKE]: Sending ticking packet info 'Config gravestone-server.toml' to 'fml:handshake' sequence 24
[26Sep2025 23:15:16.579] [Server thread/DEBUG] [net.minecraftforge.network.HandshakeHandler/FMLHANDSHAKE]: Sending ticking packet info 'Config toms_storage-server.toml' to 'fml:handshake' sequence 25
[26Sep2025 23:15:16.629] [Server thread/DEBUG] [net.minecraftforge.network.HandshakeHandler/FMLHANDSHAKE]: Sending ticking packet info 'Config mutantmonsters-server.toml' to 'fml:handshake' sequence 26
[26Sep2025 23:15:16.653] [Netty Epoll Server IO #2/DEBUG] [net.minecraftforge.network.LoginWrapper/FMLHANDSHAKE]: Recieved login wrapper packet event for channel fml:handshake with index 20
[26Sep2025 23:15:16.653] [Netty Epoll Server IO #2/DEBUG] [net.minecraftforge.network.HandshakeHandler/FMLHANDSHAKE]: Received client indexed reply 20 of type net.minecraftforge.network.HandshakeMessages$C2SAcknowledge
[26Sep2025 23:15:16.653] [Netty Epoll Server IO #2/DEBUG] [net.minecraftforge.network.HandshakeHandler/FMLHANDSHAKE]: Received acknowledgement from client
[26Sep2025 23:15:16.654] [Netty Epoll Server IO #2/DEBUG] [net.minecraftforge.network.LoginWrapper/FMLHANDSHAKE]: Recieved login wrapper packet event for channel fml:handshake with index 21
[26Sep2025 23:15:16.654] [Netty Epoll Server IO #2/DEBUG] [net.minecraftforge.network.HandshakeHandler/FMLHANDSHAKE]: Received client indexed reply 21 of type net.minecraftforge.network.HandshakeMessages$C2SAcknowledge
[26Sep2025 23:15:16.654] [Netty Epoll Server IO #2/DEBUG] [net.minecraftforge.network.HandshakeHandler/FMLHANDSHAKE]: Received acknowledgement from client
[26Sep2025 23:15:16.657] [Netty Epoll Server IO #2/DEBUG] [net.minecraftforge.network.LoginWrapper/FMLHANDSHAKE]: Recieved login wrapper packet event for channel fml:handshake with index 22
[26Sep2025 23:15:16.658] [Netty Epoll Server IO #2/DEBUG] [net.minecraftforge.network.HandshakeHandler/FMLHANDSHAKE]: Received client indexed reply 22 of type net.minecraftforge.network.HandshakeMessages$C2SAcknowledge
[26Sep2025 23:15:16.658] [Netty Epoll Server IO #2/DEBUG] [net.minecraftforge.network.HandshakeHandler/FMLHANDSHAKE]: Received acknowledgement from client
[26Sep2025 23:15:16.660] [Netty Epoll Server IO #2/DEBUG] [net.minecraftforge.network.LoginWrapper/FMLHANDSHAKE]: Recieved login wrapper packet event for channel fml:handshake with index 23
[26Sep2025 23:15:16.660] [Netty Epoll Server IO #2/DEBUG] [net.minecraftforge.network.HandshakeHandler/FMLHANDSHAKE]: Received client indexed reply 23 of type net.minecraftforge.network.HandshakeMessages$C2SAcknowledge
[26Sep2025 23:15:16.660] [Netty Epoll Server IO #2/DEBUG] [net.minecraftforge.network.HandshakeHandler/FMLHANDSHAKE]: Received acknowledgement from client
[26Sep2025 23:15:16.679] [Server thread/DEBUG] [net.minecraftforge.network.HandshakeHandler/FMLHANDSHAKE]: Sending ticking packet info 'Config palladium-server.toml' to 'fml:handshake' sequence 27
[26Sep2025 23:15:16.694] [Netty Epoll Server IO #2/DEBUG] [net.minecraftforge.network.LoginWrapper/FMLHANDSHAKE]: Recieved login wrapper packet event for channel fml:handshake with index 24
[26Sep2025 23:15:16.695] [Netty Epoll Server IO #2/DEBUG] [net.minecraftforge.network.HandshakeHandler/FMLHANDSHAKE]: Received client indexed reply 24 of type net.minecraftforge.network.HandshakeMessages$C2SAcknowledge
[26Sep2025 23:15:16.695] [Netty Epoll Server IO #2/DEBUG] [net.minecraftforge.network.HandshakeHandler/FMLHANDSHAKE]: Received acknowledgement from client
[26Sep2025 23:15:16.729] [Server thread/DEBUG] [net.minecraftforge.network.HandshakeHandler/FMLHANDSHAKE]: Sending ticking packet info 'Config castle_in_the_sky-server.toml' to 'fml:handshake' sequence 28
[26Sep2025 23:15:16.741] [Netty Epoll Server IO #2/DEBUG] [net.minecraftforge.network.LoginWrapper/FMLHANDSHAKE]: Recieved login wrapper packet event for channel fml:handshake with index 25
[26Sep2025 23:15:16.742] [Netty Epoll Server IO #2/DEBUG] [net.minecraftforge.network.HandshakeHandler/FMLHANDSHAKE]: Received client indexed reply 25 of type net.minecraftforge.network.HandshakeMessages$C2SAcknowledge
[26Sep2025 23:15:16.742] [Netty Epoll Server IO #2/DEBUG] [net.minecraftforge.network.HandshakeHandler/FMLHANDSHAKE]: Received acknowledgement from client
[26Sep2025 23:15:16.780] [Server thread/DEBUG] [net.minecraftforge.network.HandshakeHandler/FMLHANDSHAKE]: Sending ticking packet info 'Config jei-server.toml' to 'fml:handshake' sequence 29
[26Sep2025 23:15:16.790] [Netty Epoll Server IO #2/DEBUG] [net.minecraftforge.network.LoginWrapper/FMLHANDSHAKE]: Recieved login wrapper packet event for channel fml:handshake with index 26
[26Sep2025 23:15:16.790] [Netty Epoll Server IO #2/DEBUG] [net.minecraftforge.network.HandshakeHandler/FMLHANDSHAKE]: Received client indexed reply 26 of type net.minecraftforge.network.HandshakeMessages$C2SAcknowledge
[26Sep2025 23:15:16.790] [Netty Epoll Server IO #2/DEBUG] [net.minecraftforge.network.HandshakeHandler/FMLHANDSHAKE]: Received acknowledgement from client
[26Sep2025 23:15:16.829] [Server thread/DEBUG] [net.minecraftforge.network.HandshakeHandler/FMLHANDSHAKE]: Sending ticking packet info 'Config pehkui-server.toml' to 'fml:handshake' sequence 30
[26Sep2025 23:15:16.879] [Server thread/DEBUG] [net.minecraftforge.network.HandshakeHandler/FMLHANDSHAKE]: Sending ticking packet info 'Config forge-server.toml' to 'fml:handshake' sequence 31
[26Sep2025 23:15:16.929] [Server thread/DEBUG] [net.minecraftforge.network.HandshakeHandler/FMLHANDSHAKE]: Sending ticking packet info 'Config the_boiled_one_reimagined-server.toml' to 'fml:handshake' sequence 32
[26Sep2025 23:15:17.142] [Netty Epoll Server IO #2/DEBUG] [net.minecraftforge.network.LoginWrapper/FMLHANDSHAKE]: Recieved login wrapper packet event for channel fml:handshake with index 27
[26Sep2025 23:15:17.142] [Netty Epoll Server IO #2/DEBUG] [net.minecraftforge.network.HandshakeHandler/FMLHANDSHAKE]: Received client indexed reply 27 of type net.minecraftforge.network.HandshakeMessages$C2SAcknowledge
[26Sep2025 23:15:17.142] [Netty Epoll Server IO #2/DEBUG] [net.minecraftforge.network.HandshakeHandler/FMLHANDSHAKE]: Received acknowledgement from client
[26Sep2025 23:15:17.142] [Netty Epoll Server IO #2/DEBUG] [net.minecraftforge.network.LoginWrapper/FMLHANDSHAKE]: Recieved login wrapper packet event for channel fml:handshake with index 28
[26Sep2025 23:15:17.142] [Netty Epoll Server IO #2/DEBUG] [net.minecraftforge.network.HandshakeHandler/FMLHANDSHAKE]: Received client indexed reply 28 of type net.minecraftforge.network.HandshakeMessages$C2SAcknowledge
[26Sep2025 23:15:17.142] [Netty Epoll Server IO #2/DEBUG] [net.minecraftforge.network.HandshakeHandler/FMLHANDSHAKE]: Received acknowledgement from client
[26Sep2025 23:15:17.142] [Netty Epoll Server IO #2/DEBUG] [net.minecraftforge.network.LoginWrapper/FMLHANDSHAKE]: Recieved login wrapper packet event for channel fml:handshake with index 29
[26Sep2025 23:15:17.142] [Netty Epoll Server IO #2/DEBUG] [net.minecraftforge.network.HandshakeHandler/FMLHANDSHAKE]: Received client indexed reply 29 of type net.minecraftforge.network.HandshakeMessages$C2SAcknowledge
[26Sep2025 23:15:17.142] [Netty Epoll Server IO #2/DEBUG] [net.minecraftforge.network.HandshakeHandler/FMLHANDSHAKE]: Received acknowledgement from client
[26Sep2025 23:15:17.143] [Netty Epoll Server IO #2/DEBUG] [net.minecraftforge.network.LoginWrapper/FMLHANDSHAKE]: Recieved login wrapper packet event for channel fml:handshake with index 30
[26Sep2025 23:15:17.143] [Netty Epoll Server IO #2/DEBUG] [net.minecraftforge.network.HandshakeHandler/FMLHANDSHAKE]: Received client indexed reply 30 of type net.minecraftforge.network.HandshakeMessages$C2SAcknowledge
[26Sep2025 23:15:17.143] [Netty Epoll Server IO #2/DEBUG] [net.minecraftforge.network.HandshakeHandler/FMLHANDSHAKE]: Received acknowledgement from client
[26Sep2025 23:15:17.143] [Netty Epoll Server IO #2/DEBUG] [net.minecraftforge.network.LoginWrapper/FMLHANDSHAKE]: Recieved login wrapper packet event for channel fml:handshake with index 31
[26Sep2025 23:15:17.143] [Netty Epoll Server IO #2/DEBUG] [net.minecraftforge.network.HandshakeHandler/FMLHANDSHAKE]: Received client indexed reply 31 of type net.minecraftforge.network.HandshakeMessages$C2SAcknowledge
[26Sep2025 23:15:17.143] [Netty Epoll Server IO #2/DEBUG] [net.minecraftforge.network.HandshakeHandler/FMLHANDSHAKE]: Received acknowledgement from client
[26Sep2025 23:15:17.143] [Netty Epoll Server IO #2/DEBUG] [net.minecraftforge.network.LoginWrapper/FMLHANDSHAKE]: Recieved login wrapper packet event for channel fml:handshake with index 32
[26Sep2025 23:15:17.143] [Netty Epoll Server IO #2/DEBUG] [net.minecraftforge.network.HandshakeHandler/FMLHANDSHAKE]: Received client indexed reply 32 of type net.minecraftforge.network.HandshakeMessages$C2SAcknowledge
[26Sep2025 23:15:17.143] [Netty Epoll Server IO #2/DEBUG] [net.minecraftforge.network.HandshakeHandler/FMLHANDSHAKE]: Received acknowledgement from client
[26Sep2025 23:15:17.180] [Server thread/DEBUG] [net.minecraftforge.network.HandshakeHandler/FMLHANDSHAKE]: Handshake complete!
[26Sep2025 23:15:17.231] [Netty Epoll Server IO #2/DEBUG] [mixin/]: Mixing v1_19_4_forge.CompressionDecoderMixin from packetfixer.v1_19_4.forge.mixins.json into net.minecraft.network.CompressionDecoder
[26Sep2025 23:15:17.233] [Netty Epoll Server IO #2/DEBUG] [mixin/]: Mixing v1_19_4_forge.CompressionEncoderMixin from packetfixer.v1_19_4.forge.mixins.json into net.minecraft.network.CompressionEncoder
[26Sep2025 23:15:17.233] [Server thread/DEBUG] [mixin/]: Mixing compat1204minus.HorseScreenHandlerMixin from pehkui.mixins.json into net.minecraft.world.inventory.HorseInventoryMenu
[26Sep2025 23:15:17.240] [Server thread/WARN] [net.minecraft.network.syncher.SynchedEntityData/]: defineId called for: class net.minecraft.world.entity.player.Player from class tschipp.carryon.common.carry.CarryOnDataManager
[26Sep2025 23:15:17.449] [Server thread/INFO] [net.minecraft.server.players.PlayerList/]: Naxoxh7[/127.79.204.130:49961] logged in with entity id 56 at (440.483677833297, 71.0, -2015.214002503946)
[26Sep2025 23:15:17.460] [Server thread/DEBUG] [net.minecraftforge.network.filters.NetworkFilters/]: Injected net.minecraftforge.network.filters.ForgeConnectionNetworkFilter@97c9307 into net.minecraft.network.Connection@6ce3d33c
[26Sep2025 23:15:17.552] [Server thread/DEBUG] [ModernFix/]: Sending ID correction packet to client with 325 classes
[26Sep2025 23:15:17.585] [Server thread/INFO] [ModernFix/]: Using enhanced recipe sync for player Naxoxh7
[26Sep2025 23:15:17.647] [Server thread/INFO] [net.minecraft.server.MinecraftServer/]: Naxoxh7 joined the game
[26Sep2025 23:15:18.151] [Server thread/INFO] [net.minecraft.server.MinecraftServer/]: Hola. Si vas a mostrar este mod en tus videos, por favor incluye el enlace de descarga a Modrinth o CurseForge en la descripción. Esto me ayuda a mantener mi trabajo gratuito y público. – soyHerios
[26Sep2025 23:15:18.151] [Server thread/INFO] [net.minecraft.server.MinecraftServer/]: Hi. If you're going to feature this mod in your videos, please include the download link to Modrinth or CurseForge in the description. This helps me keep my work free and public. – soyHerios
[26Sep2025 23:15:18.572] [Server thread/DEBUG] [mixin/]: Mixing HoldingPlayerMixin from moonlight-common.mixins.json into net.minecraft.world.level.saveddata.maps.MapItemSavedData$HoldingPlayer
[26Sep2025 23:15:18.683] [Server thread/DEBUG] [mixin/]: Mixing v1_19_4_forge.ClientboundLevelChunkPacketDataMixin from packetfixer.v1_19_4.forge.mixins.json into net.minecraft.network.protocol.game.ClientboundLevelChunkPacketData
[26Sep2025 23:15:18.889] [Server thread/DEBUG] [mixin/]: Mixing ai.task.memory_change_counting.MultiTickTaskMixin from lithium.mixins.json into net.minecraft.world.entity.ai.behavior.Behavior
[26Sep2025 23:15:18.889] [Server thread/DEBUG] [mixin/]: lithium.mixins.json:ai.task.memory_change_counting.MultiTickTaskMixin: Class version 61 required is higher than the class version supported by the current version of Mixin (JAVA_16 supports class version 60)
[26Sep2025 23:15:18.918] [Server thread/DEBUG] [mixin/]: Mixing ai.task.replace_streams.CompositeTaskMixin from lithium.mixins.json into net.minecraft.world.entity.ai.behavior.GateBehavior
[26Sep2025 23:15:18.919] [Server thread/DEBUG] [mixin/]: lithium.mixins.json:ai.task.replace_streams.CompositeTaskMixin: Class version 61 required is higher than the class version supported by the current version of Mixin (JAVA_16 supports class version 60)
[26Sep2025 23:15:18.927] [Server thread/DEBUG] [mixin/]: Mixing ai.task.replace_streams.WeightedListMixin from lithium.mixins.json into net.minecraft.world.entity.ai.behavior.ShufflingList
[26Sep2025 23:15:18.928] [Server thread/DEBUG] [mixin/]: lithium.mixins.json:ai.task.replace_streams.WeightedListMixin: Class version 61 required is higher than the class version supported by the current version of Mixin (JAVA_16 supports class version 60)
[26Sep2025 23:15:19.127] [Server thread/DEBUG] [io.netty.util.internal.ThreadLocalRandom/]: -Dio.netty.initialSeedUniquifier: 0xe125e111a98e8858
[26Sep2025 23:15:19.288] [Server thread/DEBUG] [mixin/]: Mixing compat119plus.LookTargetUtilMixin from pehkui.mixins.json into net.minecraft.world.entity.ai.behavior.BehaviorUtils
[26Sep2025 23:15:19.662] [Server thread/DEBUG] [mixin/]: Mixing compat116plus.VillagerBreedTaskMixin from pehkui.mixins.json into net.minecraft.world.entity.ai.behavior.VillagerMakeLove
[26Sep2025 23:15:19.673] [Server thread/DEBUG] [mixin/]: Mixing ai.poi.tasks.HideInHomeTaskMixin from lithium.mixins.json into net.minecraft.world.entity.ai.behavior.LocateHidingPlace
[26Sep2025 23:15:19.674] [Server thread/DEBUG] [mixin/]: lithium.mixins.json:ai.poi.tasks.HideInHomeTaskMixin: Class version 61 required is higher than the class version supported by the current version of Mixin (JAVA_16 supports class version 60)
[26Sep2025 23:15:20.316] [Server thread/DEBUG] [ModernFix/]: Using cached upgraded version of mowziesmobs:wroughtnaut_chamber
[26Sep2025 23:15:24.586] [Server thread/DEBUG] [mixin/]: Mixing cached_hashcode.BlockNeighborGroupMixin from lithium.mixins.json into net.minecraft.world.level.block.Block$BlockStatePairKey
[26Sep2025 23:15:24.586] [Server thread/DEBUG] [mixin/]: lithium.mixins.json:cached_hashcode.BlockNeighborGroupMixin: Class version 61 required is higher than the class version supported by the current version of Mixin (JAVA_16 supports class version 60)
[26Sep2025 23:15:28.471] [Server thread/DEBUG] [ModernFix/]: Using cached upgraded version of nova_structures:wild_ruin/wild_ruin_7b
[26Sep2025 23:15:28.902] [Server thread/DEBUG] [ModernFix/]: Using cached upgraded version of iceandfire:graveyard/graveyard_top
[26Sep2025 23:15:28.906] [Server thread/DEBUG] [ModernFix/]: Using cached upgraded version of iceandfire:graveyard/graveyard_bottom
[26Sep2025 23:15:48.837] [Server thread/DEBUG] [ModernFix/]: Using cached upgraded version of nova_structures:wild_ruin/wild_ruin_19
[26Sep2025 23:15:48.839] [Server thread/DEBUG] [ModernFix/]: Using cached upgraded version of nova_structures:wild_ruin/wild_ruin_19b
[26Sep2025 23:15:48.932] [Server thread/DEBUG] [ModernFix/]: Using cached upgraded version of nova_structures:wild_ruin/wild_ruin_2
[26Sep2025 23:15:49.010] [Server thread/DEBUG] [ModernFix/]: Using cached upgraded version of dungeons_arise:bathhouse/bathhouse_base_0
[26Sep2025 23:15:49.040] [Server thread/DEBUG] [ModernFix/]: Using cached upgraded version of dungeons_arise:bathhouse/bathhouse_middle_1
[26Sep2025 23:15:49.088] [Server thread/DEBUG] [ModernFix/]: Using cached upgraded version of dungeons_arise:bathhouse/bathhouse_top_2
[26Sep2025 23:15:49.101] [Server thread/DEBUG] [ModernFix/]: Using cached upgraded version of dungeons_arise:bathhouse/bathhouse_spawner_0
[26Sep2025 23:15:49.102] [Server thread/DEBUG] [ModernFix/]: Using cached upgraded version of dungeons_arise:bathhouse/bathhouse_spawner_1
[26Sep2025 23:15:49.396] [Worker-Main-3/DEBUG] [mixin/]: Mixing gen.chunk_region.ChunkRegionMixin from lithium.mixins.json into net.minecraft.server.level.WorldGenRegion
[26Sep2025 23:15:49.397] [Worker-Main-3/DEBUG] [mixin/]: lithium.mixins.json:gen.chunk_region.ChunkRegionMixin: Class version 61 required is higher than the class version supported by the current version of Mixin (JAVA_16 supports class version 60)
[26Sep2025 23:15:49.398] [Worker-Main-3/DEBUG] [mixin/]: Mixing gen.WorldGenRegionMixin from iceandfire.mixins.json into net.minecraft.server.level.WorldGenRegion
[26Sep2025 23:15:49.414] [Worker-Main-1/DEBUG] [ModernFix/]: Using cached upgraded version of nova_structures:mangrove_witch_hut/mangrove_witch_hut_1
[26Sep2025 23:15:49.417] [Worker-Main-1/DEBUG] [mixin/]: Mixing ChunkNoiseSamplerMixin from mixins.mofus_better_end_.json into net.minecraft.world.level.levelgen.NoiseChunk
[26Sep2025 23:15:49.925] [Worker-Main-1/DEBUG] [mixin/]: Mixing BeardifierMixin from yungsapi.mixins.json into net.minecraft.world.level.levelgen.Beardifier
[26Sep2025 23:15:49.926] [Worker-Main-1/DEBUG] [mixin/]: Mixing accessor.BeardifierAccessor from yungsapi.mixins.json into net.minecraft.world.level.levelgen.Beardifier
[26Sep2025 23:15:50.613] [Worker-Main-1/INFO] [citadel/]: vanilla surface rule behavior unchanged
[26Sep2025 23:16:14.637] [Worker-Main-2/DEBUG] [ModernFix/]: Using cached upgraded version of nova_structures:mangrove_witch_hut/mangrove_witch_hut_2
[26Sep2025 23:16:32.819] [Worker-Main-2/DEBUG] [ModernFix/]: Structure iceandfire:village/taiga_scriber_1 is being run through DFU (hash 46cb42baa6f67fe14d959fb0ea6208ae9fb55c570235dea6c716e52055308238), this will cause launch time delays
[26Sep2025 23:16:32.829] [Worker-Main-2/INFO] [ModernFix/]: Instantiating Mojang DFU
[26Sep2025 23:16:57.913] [Worker-Main-2/DEBUG] [ModernFix/]: Structure nova_structures:wild_ruin/wild_ruin_15 is being run through DFU (hash 645cf9ca8740ae1e17fbdcf22b39337a522e24618af82021a51134409bb37078), this will cause launch time delays
[26Sep2025 23:18:01.483] [Worker-Main-2/DEBUG] [ModernFix/]: Using cached upgraded version of nova_structures:tavern/tavern_house_dark_oak
[26Sep2025 23:18:01.523] [Worker-Main-2/DEBUG] [ModernFix/]: Using cached upgraded version of nova_structures:tavern/tavern_event_trader_car_smithing_table
[26Sep2025 23:18:01.524] [Worker-Main-2/DEBUG] [ModernFix/]: Using cached upgraded version of nova_structures:tavern/tavern_trader
[26Sep2025 23:18:01.526] [Worker-Main-2/DEBUG] [ModernFix/]: Using cached upgraded version of nova_structures:tavern/tavern_enterance_spruce
[26Sep2025 23:18:01.527] [Worker-Main-2/DEBUG] [ModernFix/]: Using cached upgraded version of nova_structures:tavern/tavern_middle_spruce
[26Sep2025 23:18:01.528] [Worker-Main-2/DEBUG] [ModernFix/]: Using cached upgraded version of nova_structures:tavern/tavern_event_animal_fence_spruce
[26Sep2025 23:18:01.530] [Worker-Main-2/DEBUG] [ModernFix/]: Using cached upgraded version of nova_structures:tavern/tavern_event_animal_food_spruce
[26Sep2025 23:18:01.531] [Worker-Main-2/DEBUG] [ModernFix/]: Using cached upgraded version of nova_structures:tavern/tavern_event_hay_storage_spruce
[26Sep2025 23:18:01.532] [Worker-Main-2/DEBUG] [ModernFix/]: Using cached upgraded version of nova_structures:tavern/tavern_event_log_spruce
[26Sep2025 23:18:01.533] [Worker-Main-2/DEBUG] [ModernFix/]: Using cached upgraded version of nova_structures:tavern/tavern_event_trash_trader_spruce
[26Sep2025 23:18:01.535] [Worker-Main-2/DEBUG] [ModernFix/]: Using cached upgraded version of nova_structures:tavern/tavern_event_well_spruce
[26Sep2025 23:18:01.537] [Worker-Main-2/DEBUG] [ModernFix/]: Using cached upgraded version of nova_structures:tavern/tavern_event_food_supply_spruce
[26Sep2025 23:18:01.634] [Worker-Main-2/DEBUG] [ModernFix/]: Using cached upgraded version of nova_structures:tavern/tavern_enterance_acacia
[26Sep2025 23:18:01.635] [Worker-Main-2/DEBUG] [ModernFix/]: Using cached upgraded version of nova_structures:tavern/tavern_middle_acacia
[26Sep2025 23:18:01.636] [Worker-Main-2/DEBUG] [ModernFix/]: Using cached upgraded version of nova_structures:tavern/tavern_event_animal_fence_acacia
[26Sep2025 23:18:01.638] [Worker-Main-2/DEBUG] [ModernFix/]: Using cached upgraded version of nova_structures:tavern/tavern_event_animal_food_acacia
[26Sep2025 23:18:01.638] [Worker-Main-2/DEBUG] [ModernFix/]: Using cached upgraded version of nova_structures:tavern/tavern_event_hay_storage_acacia
[26Sep2025 23:18:01.639] [Worker-Main-2/DEBUG] [ModernFix/]: Using cached upgraded version of nova_structures:tavern/tavern_event_log_acacia
[26Sep2025 23:18:01.639] [Worker-Main-2/DEBUG] [ModernFix/]: Using cached upgraded version of nova_structures:tavern/tavern_event_trash_trader_acacia
[26Sep2025 23:18:01.640] [Worker-Main-2/DEBUG] [ModernFix/]: Using cached upgraded version of nova_structures:tavern/tavern_event_well_acacia
[26Sep2025 23:18:01.641] [Worker-Main-2/DEBUG] [ModernFix/]: Using cached upgraded version of nova_structures:tavern/tavern_event_food_supply_acacia
[26Sep2025 23:18:01.642] [Worker-Main-2/DEBUG] [ModernFix/]: Using cached upgraded version of nova_structures:tavern/tavern_enterance_birch
[26Sep2025 23:18:01.642] [Worker-Main-2/DEBUG] [ModernFix/]: Using cached upgraded version of nova_structures:tavern/tavern_middle_birch
[26Sep2025 23:18:01.643] [Worker-Main-2/DEBUG] [ModernFix/]: Using cached upgraded version of nova_structures:tavern/tavern_event_animal_fence_birch
[26Sep2025 23:18:01.643] [Worker-Main-2/DEBUG] [ModernFix/]: Using cached upgraded version of nova_structures:tavern/tavern_event_animal_food_birch
[26Sep2025 23:18:01.644] [Worker-Main-2/DEBUG] [ModernFix/]: Using cached upgraded version of nova_structures:tavern/tavern_event_hay_storage_birch
[26Sep2025 23:18:01.645] [Worker-Main-2/DEBUG] [ModernFix/]: Using cached upgraded version of nova_structures:tavern/tavern_event_log_birch
[26Sep2025 23:18:01.646] [Worker-Main-2/DEBUG] [ModernFix/]: Using cached upgraded version of nova_structures:tavern/tavern_event_trash_trader_birch
[26Sep2025 23:18:01.646] [Worker-Main-2/DEBUG] [ModernFix/]: Using cached upgraded version of nova_structures:tavern/tavern_event_well_birch
[26Sep2025 23:18:01.647] [Worker-Main-2/DEBUG] [ModernFix/]: Using cached upgraded version of nova_structures:tavern/tavern_event_food_supply_birch
[26Sep2025 23:18:01.654] [Worker-Main-2/DEBUG] [ModernFix/]: Using cached upgraded version of nova_structures:tavern/tavern_enterance_desert
[26Sep2025 23:18:01.655] [Worker-Main-2/DEBUG] [ModernFix/]: Using cached upgraded version of nova_structures:tavern/tavern_middle_desert
[26Sep2025 23:18:01.656] [Worker-Main-2/DEBUG] [ModernFix/]: Using cached upgraded version of nova_structures:tavern/tavern_event_animal_fence_desert
[26Sep2025 23:18:01.657] [Worker-Main-2/DEBUG] [ModernFix/]: Using cached upgraded version of nova_structures:tavern/tavern_event_animal_food_desert
[26Sep2025 23:18:01.657] [Worker-Main-2/DEBUG] [ModernFix/]: Using cached upgraded version of nova_structures:tavern/tavern_event_hay_storage_desert
[26Sep2025 23:18:01.658] [Worker-Main-2/DEBUG] [ModernFix/]: Using cached upgraded version of nova_structures:tavern/tavern_event_log_desert
[26Sep2025 23:18:01.658] [Worker-Main-2/DEBUG] [ModernFix/]: Using cached upgraded version of nova_structures:tavern/tavern_event_trash_trader_desert
[26Sep2025 23:18:01.660] [Worker-Main-2/DEBUG] [ModernFix/]: Using cached upgraded version of nova_structures:tavern/tavern_event_well_desert
[26Sep2025 23:18:01.660] [Worker-Main-2/DEBUG] [ModernFix/]: Using cached upgraded version of nova_structures:tavern/tavern_event_food_supply_desert
[26Sep2025 23:18:01.661] [Worker-Main-2/DEBUG] [ModernFix/]: Using cached upgraded version of nova_structures:tavern/tavern_enterance_mangrove
[26Sep2025 23:18:01.661] [Worker-Main-2/DEBUG] [ModernFix/]: Using cached upgraded version of nova_structures:tavern/tavern_middle_mangrove
[26Sep2025 23:18:01.662] [Worker-Main-2/DEBUG] [ModernFix/]: Using cached upgraded version of nova_structures:tavern/tavern_event_animal_fence_mangrove
[26Sep2025 23:18:01.663] [Worker-Main-2/DEBUG] [ModernFix/]: Using cached upgraded version of nova_structures:tavern/tavern_event_animal_food_mangrove
[26Sep2025 23:18:01.664] [Worker-Main-2/DEBUG] [ModernFix/]: Using cached upgraded version of nova_structures:tavern/tavern_event_hay_storage_mangrove
[26Sep2025 23:18:01.664] [Worker-Main-2/DEBUG] [ModernFix/]: Using cached upgraded version of nova_structures:tavern/tavern_event_log_mangrove
[26Sep2025 23:18:01.665] [Worker-Main-2/DEBUG] [ModernFix/]: Using cached upgraded version of nova_structures:tavern/tavern_event_trash_trader_mangrove
[26Sep2025 23:18:01.665] [Worker-Main-2/DEBUG] [ModernFix/]: Using cached upgraded version of nova_structures:tavern/tavern_event_well_mangrove
[26Sep2025 23:18:01.666] [Worker-Main-2/DEBUG] [ModernFix/]: Using cached upgraded version of nova_structures:tavern/tavern_event_food_supply_mangrove
[26Sep2025 23:18:01.666] [Worker-Main-2/DEBUG] [ModernFix/]: Using cached upgraded version of nova_structures:tavern/tavern_enterance_dark_oak
[26Sep2025 23:18:01.667] [Worker-Main-2/DEBUG] [ModernFix/]: Using cached upgraded version of nova_structures:tavern/tavern_middle_dark_oak
[26Sep2025 23:18:01.667] [Worker-Main-2/DEBUG] [ModernFix/]: Using cached upgraded version of nova_structures:tavern/tavern_event_animal_fence_dark_oak
[26Sep2025 23:18:01.668] [Worker-Main-2/DEBUG] [ModernFix/]: Using cached upgraded version of nova_structures:tavern/tavern_event_animal_food_dark_oak
[26Sep2025 23:18:01.668] [Worker-Main-2/DEBUG] [ModernFix/]: Using cached upgraded version of nova_structures:tavern/tavern_event_hay_storage_dark_oak
[26Sep2025 23:18:01.669] [Worker-Main-2/DEBUG] [ModernFix/]: Using cached upgraded version of nova_structures:tavern/tavern_event_log_dark_oak
[26Sep2025 23:18:01.669] [Worker-Main-2/DEBUG] [ModernFix/]: Using cached upgraded version of nova_structures:tavern/tavern_event_trash_trader_dark_oak
[26Sep2025 23:18:01.670] [Worker-Main-2/DEBUG] [ModernFix/]: Using cached upgraded version of nova_structures:tavern/tavern_event_wandering_farmer_dark_oak
[26Sep2025 23:18:01.670] [Worker-Main-2/DEBUG] [ModernFix/]: Using cached upgraded version of nova_structures:tavern/tavern_event_well_dark_oak
[26Sep2025 23:18:01.670] [Worker-Main-2/DEBUG] [ModernFix/]: Using cached upgraded version of nova_structures:tavern/tavern_event_food_supply_dark_oak
[26Sep2025 23:18:01.671] [Worker-Main-2/DEBUG] [ModernFix/]: Using cached upgraded version of nova_structures:tavern/tavern_enterance_oak
[26Sep2025 23:18:01.671] [Worker-Main-2/DEBUG] [ModernFix/]: Using cached upgraded version of nova_structures:tavern/tavern_middle_oak
[26Sep2025 23:18:01.672] [Worker-Main-2/DEBUG] [ModernFix/]: Using cached upgraded version of nova_structures:tavern/tavern_event_animal_fence_oak
[26Sep2025 23:18:01.672] [Worker-Main-2/DEBUG] [ModernFix/]: Using cached upgraded version of nova_structures:tavern/tavern_event_animal_food_oak
[26Sep2025 23:18:01.673] [Worker-Main-2/DEBUG] [ModernFix/]: Using cached upgraded version of nova_structures:tavern/tavern_event_hay_storage_oak
[26Sep2025 23:18:01.673] [Worker-Main-2/DEBUG] [ModernFix/]: Using cached upgraded version of nova_structures:tavern/tavern_event_log_oak
[26Sep2025 23:18:01.673] [Worker-Main-2/DEBUG] [ModernFix/]: Using cached upgraded version of nova_structures:tavern/tavern_event_trash_trader_oak
[26Sep2025 23:18:01.674] [Worker-Main-2/DEBUG] [ModernFix/]: Using cached upgraded version of nova_structures:tavern/tavern_event_well_oak
[26Sep2025 23:18:01.675] [Worker-Main-2/DEBUG] [ModernFix/]: Using cached upgraded version of nova_structures:tavern/tavern_event_food_supply_oak
[26Sep2025 23:18:01.675] [Worker-Main-2/DEBUG] [ModernFix/]: Using cached upgraded version of nova_structures:tavern/tavern_enterance_cherry
[26Sep2025 23:18:01.676] [Worker-Main-2/DEBUG] [ModernFix/]: Using cached upgraded version of nova_structures:tavern/tavern_middle_cherry
[26Sep2025 23:18:01.676] [Worker-Main-2/DEBUG] [ModernFix/]: Using cached upgraded version of nova_structures:tavern/tavern_event_animal_fence_cherry
[26Sep2025 23:18:01.677] [Worker-Main-2/DEBUG] [ModernFix/]: Using cached upgraded version of nova_structures:tavern/tavern_event_animal_food_cherry
[26Sep2025 23:18:01.679] [Worker-Main-2/DEBUG] [ModernFix/]: Using cached upgraded version of nova_structures:tavern/tavern_event_hay_storage_cherry
[26Sep2025 23:18:01.680] [Worker-Main-2/DEBUG] [ModernFix/]: Using cached upgraded version of nova_structures:tavern/tavern_event_log_cherry
[26Sep2025 23:18:01.680] [Worker-Main-2/DEBUG] [ModernFix/]: Using cached upgraded version of nova_structures:tavern/tavern_event_trash_trader_cherry
[26Sep2025 23:18:01.681] [Worker-Main-2/DEBUG] [ModernFix/]: Using cached upgraded version of nova_structures:tavern/tavern_event_well_cherry
[26Sep2025 23:18:01.682] [Worker-Main-2/DEBUG] [ModernFix/]: Using cached upgraded version of nova_structures:tavern/tavern_event_food_supply_cherry
[26Sep2025 23:18:01.683] [Worker-Main-2/DEBUG] [ModernFix/]: Using cached upgraded version of nova_structures:tavern/tavern_enterance_swamp
[26Sep2025 23:18:01.684] [Worker-Main-2/DEBUG] [ModernFix/]: Using cached upgraded version of nova_structures:tavern/tavern_event_animal_fence_swamp
[26Sep2025 23:18:01.684] [Worker-Main-2/DEBUG] [ModernFix/]: Using cached upgraded version of nova_structures:tavern/tavern_event_animal_food_swamp
[26Sep2025 23:18:01.685] [Worker-Main-2/DEBUG] [ModernFix/]: Using cached upgraded version of nova_structures:tavern/tavern_event_hay_storage_swamp
[26Sep2025 23:18:01.685] [Worker-Main-2/DEBUG] [ModernFix/]: Using cached upgraded version of nova_structures:tavern/tavern_event_log_swamp
[26Sep2025 23:18:01.686] [Worker-Main-2/DEBUG] [ModernFix/]: Using cached upgraded version of nova_structures:tavern/tavern_event_trash_trader_swamp
[26Sep2025 23:18:01.687] [Worker-Main-2/DEBUG] [ModernFix/]: Using cached upgraded version of nova_structures:tavern/tavern_event_well_swamp
[26Sep2025 23:18:01.687] [Worker-Main-2/DEBUG] [ModernFix/]: Using cached upgraded version of nova_structures:tavern/tavern_enterance_jungle
[26Sep2025 23:18:01.688] [Worker-Main-2/DEBUG] [ModernFix/]: Using cached upgraded version of nova_structures:tavern/tavern_middle_jungle
[26Sep2025 23:18:01.689] [Worker-Main-2/DEBUG] [ModernFix/]: Using cached upgraded version of nova_structures:tavern/tavern_event_animal_fence_jungle
[26Sep2025 23:18:01.690] [Worker-Main-2/DEBUG] [ModernFix/]: Using cached upgraded version of nova_structures:tavern/tavern_event_animal_food_jungle
[26Sep2025 23:18:01.692] [Worker-Main-2/DEBUG] [ModernFix/]: Using cached upgraded version of nova_structures:tavern/tavern_event_hay_storage_jungle
[26Sep2025 23:18:01.692] [Worker-Main-2/DEBUG] [ModernFix/]: Using cached upgraded version of nova_structures:tavern/tavern_event_log_jungle
[26Sep2025 23:18:01.693] [Worker-Main-2/DEBUG] [ModernFix/]: Using cached upgraded version of nova_structures:tavern/tavern_event_trash_trader_jungle
[26Sep2025 23:18:01.694] [Worker-Main-2/DEBUG] [ModernFix/]: Using cached upgraded version of nova_structures:tavern/tavern_event_well_jungle
[26Sep2025 23:18:01.694] [Worker-Main-2/DEBUG] [ModernFix/]: Using cached upgraded version of nova_structures:tavern/tavern_event_food_supply_jungle
[26Sep2025 23:18:01.694] [Worker-Main-2/DEBUG] [ModernFix/]: Using cached upgraded version of nova_structures:tavern/tavern_enterance_snowy
[26Sep2025 23:18:01.696] [Worker-Main-2/DEBUG] [ModernFix/]: Using cached upgraded version of nova_structures:tavern/tavern_middle_snowy
[26Sep2025 23:18:01.697] [Worker-Main-2/DEBUG] [ModernFix/]: Using cached upgraded version of nova_structures:tavern/tavern_event_animal_fence_snowy
[26Sep2025 23:18:01.697] [Worker-Main-2/DEBUG] [ModernFix/]: Using cached upgraded version of nova_structures:tavern/tavern_event_animal_food_snowy
[26Sep2025 23:18:01.698] [Worker-Main-2/DEBUG] [ModernFix/]: Using cached upgraded version of nova_structures:tavern/tavern_event_hay_storage_snowy
[26Sep2025 23:18:01.698] [Worker-Main-2/DEBUG] [ModernFix/]: Using cached upgraded version of nova_structures:tavern/tavern_event_log_snowy
[26Sep2025 23:18:01.699] [Worker-Main-2/DEBUG] [ModernFix/]: Using cached upgraded version of nova_structures:tavern/tavern_event_trash_trader_snowy
[26Sep2025 23:18:01.699] [Worker-Main-2/DEBUG] [ModernFix/]: Using cached upgraded version of nova_structures:tavern/tavern_event_well_snowy
[26Sep2025 23:18:01.700] [Worker-Main-2/DEBUG] [ModernFix/]: Using cached upgraded version of nova_structures:tavern/tavern_event_food_supply_snowy
[26Sep2025 23:18:01.700] [Worker-Main-2/DEBUG] [ModernFix/]: Using cached upgraded version of nova_structures:tavern/tavern_event_trader_car_cartographer
[26Sep2025 23:18:01.701] [Worker-Main-2/DEBUG] [ModernFix/]: Using cached upgraded version of nova_structures:tavern/tavern_event_trader_car_cleric
[26Sep2025 23:18:01.701] [Worker-Main-2/DEBUG] [ModernFix/]: Using cached upgraded version of nova_structures:tavern/tavern_event_trader_car_farmer
[26Sep2025 23:18:01.701] [Worker-Main-2/DEBUG] [ModernFix/]: Using cached upgraded version of nova_structures:tavern/tavern_event_trader_car_fisher
[26Sep2025 23:18:01.702] [Worker-Main-2/DEBUG] [ModernFix/]: Using cached upgraded version of nova_structures:tavern/tavern_event_trader_car_fletcher
[26Sep2025 23:18:01.703] [Worker-Main-2/DEBUG] [ModernFix/]: Using cached upgraded version of nova_structures:tavern/tavern_event_trader_car_grindstone
[26Sep2025 23:18:01.703] [Worker-Main-2/DEBUG] [ModernFix/]: Using cached upgraded version of nova_structures:tavern/tavern_event_trader_car_leather_worker
[26Sep2025 23:18:01.704] [Worker-Main-2/DEBUG] [ModernFix/]: Using cached upgraded version of nova_structures:tavern/tavern_event_trader_car_librarian
[26Sep2025 23:18:01.704] [Worker-Main-2/DEBUG] [ModernFix/]: Using cached upgraded version of nova_structures:tavern/tavern_event_trader_car_loom
[26Sep2025 23:18:01.705] [Worker-Main-2/DEBUG] [ModernFix/]: Using cached upgraded version of nova_structures:tavern/tavern_event_trader_car_stonecutter
[26Sep2025 23:18:01.705] [Worker-Main-2/DEBUG] [ModernFix/]: Using cached upgraded version of nova_structures:tavern/tavern_event_trader_car_armorer
[26Sep2025 23:18:01.706] [Worker-Main-2/DEBUG] [ModernFix/]: Using cached upgraded version of nova_structures:tavern/tavern_event_trader_car_butcher
[26Sep2025 23:18:01.706] [Worker-Main-2/DEBUG] [ModernFix/]: Using cached upgraded version of nova_structures:tavern/tavern_villager
[26Sep2025 23:18:03.725] [Worker-Main-1/DEBUG] [ModernFix/]: Using cached upgraded version of nova_structures:mangrove_witch_hut/mangrove_witch_hut_3
[26Sep2025 23:19:17.671] [Worker-Main-1/DEBUG] [ModernFix/]: Using cached upgraded version of dungeons_arise:jungle_tree_house/jungle_tree_house_0_main
[26Sep2025 23:19:17.685] [Worker-Main-1/DEBUG] [ModernFix/]: Using cached upgraded version of dungeons_arise:abandoned_temple/abandoned_temple_0
[26Sep2025 23:19:17.705] [Worker-Main-1/DEBUG] [ModernFix/]: Using cached upgraded version of dungeons_arise:lighthouse/lighthouse_part_1
[26Sep2025 23:19:17.720] [Worker-Main-1/DEBUG] [ModernFix/]: Using cached upgraded version of dungeons_arise:wishing_well/wishing_well_0
[26Sep2025 23:19:17.759] [Worker-Main-1/DEBUG] [ModernFix/]: Using cached upgraded version of dungeons_arise:bathhouse/bathhouse_base_5
[26Sep2025 23:19:17.775] [Worker-Main-1/DEBUG] [ModernFix/]: Using cached upgraded version of dungeons_arise:fishing_hut/fishing_hut_main
[26Sep2025 23:19:34.951] [Worker-Main-1/DEBUG] [ModernFix/]: Using cached upgraded version of dungeons_arise:jungle_tree_house/jungle_tree_house_1_roots
[26Sep2025 23:19:34.960] [Worker-Main-1/DEBUG] [ModernFix/]: Using cached upgraded version of dungeons_arise:bathhouse/bathhouse_base_3
[26Sep2025 23:19:34.974] [Worker-Main-1/DEBUG] [ModernFix/]: Using cached upgraded version of dungeons_arise:abandoned_temple/abandoned_temple_1
[26Sep2025 23:19:48.645] [Worker-Main-2/DEBUG] [ModernFix/]: Structure dungeons_arise:mining_system/mining_system_descent_0 is being run through DFU (hash 99432fb44b076deca6e67451c1b4c80e302ce68a73538f4e9cc8f966efa0278d), this will cause launch time delays
[26Sep2025 23:19:48.970] [Worker-Main-2/DEBUG] [ModernFix/]: Using cached upgraded version of dungeons_arise:mechanical_nest/mechanical_nest_start_0
[26Sep2025 23:19:48.981] [Worker-Main-2/DEBUG] [ModernFix/]: Using cached upgraded version of dungeons_arise:monastery/monastery_start
[26Sep2025 23:19:48.985] [Worker-Main-2/DEBUG] [ModernFix/]: Structure dungeons_arise:monastery/monastery_room_2 is being run through DFU (hash 37563f2941461ef7d8e6191592200a16c5eb3367a5b34335d4fddf3ec16be70f), this will cause launch time delays
[26Sep2025 23:19:49.001] [Worker-Main-2/DEBUG] [ModernFix/]: Structure dungeons_arise:monastery/monastery_room_3_stairs is being run through DFU (hash a15c1f69f295643dde9a5c2aad7ac530768e13a0bde9d420d727ea352185dc90), this will cause launch time delays
[26Sep2025 23:19:49.018] [Worker-Main-2/DEBUG] [ModernFix/]: Structure dungeons_arise:monastery/monastery_room_1 is being run through DFU (hash 54f416298137fd412d5f3d210ad1457890ac321f1642bdd991b85be09b5a3498), this will cause launch time delays
[26Sep2025 23:19:49.031] [Worker-Main-2/DEBUG] [ModernFix/]: Structure dungeons_arise:monastery/monastery_room_0 is being run through DFU (hash 3e9ef2e54824a6ca43024b4781522c722280ee587a3fb5aa4caaa8a161993cae), this will cause launch time delays
[26Sep2025 23:19:49.064] [Worker-Main-2/DEBUG] [ModernFix/]: Structure dungeons_arise:monastery/monastery_top_0 is being run through DFU (hash c5c2d7fdd86eaa0d1fb310e863dc22306e59b6905aa38ea9bfc36c5f148846a9), this will cause launch time delays
[26Sep2025 23:19:49.146] [Worker-Main-2/DEBUG] [ModernFix/]: Structure dungeons_arise:monastery/iron_golem_normal_0 is being run through DFU (hash ea3049e475c277ee87d513089ceea83b8a69ef0fe438ab806c411341b5d29a1a), this will cause launch time delays
[26Sep2025 23:19:49.280] [Worker-Main-2/DEBUG] [ModernFix/]: Structure dungeons_arise:monastery/monastery_corridor_0 is being run through DFU (hash c8f71d1dda53f8af74cc8538ef59dc6a6bd5feebc7bb2d8f408555542df7c2ca), this will cause launch time delays
[26Sep2025 23:19:49.290] [Worker-Main-2/DEBUG] [ModernFix/]: Structure dungeons_arise:monastery/villager_normal_0 is being run through DFU (hash d2ae134ac60a5825de0a9c353367311d71b9b78e4f31e3b2b427669b7e092302), this will cause launch time delays
[26Sep2025 23:19:49.298] [Worker-Main-2/DEBUG] [ModernFix/]: Structure dungeons_arise:monastery/monastery_corridors_deco_0 is being run through DFU (hash 84c1c480b6f5e6aa0b6416c8cdf6ef1e157c817558c62d31b10e94d8681b2290), this will cause launch time delays
[26Sep2025 23:19:49.301] [Worker-Main-2/DEBUG] [ModernFix/]: Structure dungeons_arise:monastery/monastery_corridor_crossing is being run through DFU (hash 3813f1a2eba981b289e5f97c435bf8a640fed97183bfe1a7c6223b2ab2792d72), this will cause launch time delays
[26Sep2025 23:19:49.316] [Worker-Main-2/DEBUG] [ModernFix/]: Structure dungeons_arise:monastery/monastery_corridor_terminator is being run through DFU (hash a5275b92a2de110f71279156511061f82005b8cb9aa43b6d0b2ac0dd724d8267), this will cause launch time delays
[26Sep2025 23:19:49.323] [Worker-Main-2/DEBUG] [ModernFix/]: Structure dungeons_arise:monastery/monastery_corridors_deco_3 is being run through DFU (hash 4b39f4bc6ba61651707131b305838e47531a52af5e9fb5c0c925372e5cd6d438), this will cause launch time delays
[26Sep2025 23:19:49.325] [Worker-Main-2/DEBUG] [ModernFix/]: Structure dungeons_arise:monastery/monastery_deco_empty is being run through DFU (hash 5eca31e6512c853db410fc6913f5137878379dc4feccda0a6896c9e88c57ca53), this will cause launch time delays
[26Sep2025 23:19:49.328] [Worker-Main-2/DEBUG] [ModernFix/]: Structure dungeons_arise:monastery/monastery_corridors_deco_2 is being run through DFU (hash b90fda1412cfffc696e13718d25ef520395726cc5ee32ff99965bf74e7b797ce), this will cause launch time delays
[26Sep2025 23:19:53.451] [Server thread/DEBUG] [net.minecraftforge.common.ForgeHooks/WP]: Gathering id map for writing to world save world
[26Sep2025 23:19:53.509] [Server thread/DEBUG] [net.minecraftforge.common.ForgeHooks/WP]: ID Map collection complete world
[26Sep2025 23:20:13.282] [Worker-Main-2/DEBUG] [ModernFix/]: Using cached upgraded version of nova_structures:creeping_crypt/crypt_entry/creeping_crypit_entry_house
[26Sep2025 23:20:13.289] [Worker-Main-2/DEBUG] [ModernFix/]: Structure nova_structures:creeping_crypt/crypt_entry/creeping_crypit_entry_stairs is being run through DFU (hash 52a1d9dfcf169102bebf9e7e69e269e66aa93072ffd6106ed93110168186d7ad), this will cause launch time delays
[26Sep2025 23:20:13.348] [Worker-Main-2/DEBUG] [ModernFix/]: Structure nova_structures:creeping_crypt/crypt_rooms/creeping_crypit_room_3 is being run through DFU (hash 32ff1229b22b9c2bf9a852ba861f177968b7b4dc674e9ab70faa38c280b12cc0), this will cause launch time delays
[26Sep2025 23:20:13.351] [Worker-Main-2/DEBUG] [ModernFix/]: Structure nova_structures:creeping_crypt/crypt_rooms/creeping_crypit_room_4 is being run through DFU (hash f4c70bb13803189a45b7870cd2082e2e84736534a858a9c6a923be3b88bf9c78), this will cause launch time delays
[26Sep2025 23:20:13.354] [Worker-Main-2/DEBUG] [ModernFix/]: Structure nova_structures:creeping_crypt/crypt_rooms/creeping_crypit_room_17 is being run through DFU (hash f3fab3bdcf9140fa2eacaba8c4a3f67e0b9e7a89833d72e96b9b74ff64ab6e90), this will cause launch time delays
[26Sep2025 23:20:13.359] [Worker-Main-2/DEBUG] [ModernFix/]: Structure nova_structures:creeping_crypt/crypt_rooms/creeping_crypit_room_5 is being run through DFU (hash 66b82863db2ab2074a0799327d962e013b4632ee7df8dc2ada5a5ad3552a269a), this will cause launch time delays
[26Sep2025 23:20:13.364] [Worker-Main-2/DEBUG] [ModernFix/]: Structure nova_structures:creeping_crypt/crypt_rooms/creeping_crypit_room_2 is being run through DFU (hash 7c993bb6fb513dc8528b33712a0d9e31b8347f6923e96e5f332ba51cedd1b2de), this will cause launch time delays
[26Sep2025 23:20:13.372] [Worker-Main-2/DEBUG] [ModernFix/]: Structure nova_structures:creeping_crypt/crypt_rooms/creeping_crypit_room_21 is being run through DFU (hash c1003551449ef859e61c8869433eb2f091f30a468d365c30bbfa4a2be40814c0), this will cause launch time delays
[26Sep2025 23:20:13.378] [Worker-Main-2/DEBUG] [ModernFix/]: Structure nova_structures:creeping_crypt/crypt_rooms/creeping_crypit_room_16 is being run through DFU (hash b1ab05d6738e32052053f025bd6155e5745a6d9dae2309df2ebea1e94ff36e8f), this will cause launch time delays
[26Sep2025 23:20:13.381] [Worker-Main-2/DEBUG] [ModernFix/]: Structure nova_structures:creeping_crypt/crypt_rooms/creeping_crypit_stairs_3 is being run through DFU (hash aa1a30a08e92ba5684516c4ab9119bab28a4ade3288521f17093d77025ddb286), this will cause launch time delays
[26Sep2025 23:20:13.385] [Worker-Main-2/DEBUG] [ModernFix/]: Structure nova_structures:creeping_crypt/crypt_rooms/creeping_crypit_room_6 is being run through DFU (hash f03bcf8a71514a78b9c9672babb6962473271a06d9fd62b141ab678b3bbe4771), this will cause launch time delays
[26Sep2025 23:20:13.390] [Worker-Main-2/DEBUG] [ModernFix/]: Structure nova_structures:creeping_crypt/crypt_rooms/creeping_crypit_stairs_4 is being run through DFU (hash cdcffff168487fa380c10e7cda1f333aec52aaaad4aba4cf344eef26e3822bb0), this will cause launch time delays
[26Sep2025 23:20:13.394] [Worker-Main-2/DEBUG] [ModernFix/]: Structure nova_structures:creeping_crypt/crypt_rooms/creeping_crypit_stairs_1 is being run through DFU (hash 18009fc7b8eb3db2e679f2233725b3fa5bdfdfd7ba04ba944230bf2abbe1493a), this will cause launch time delays
[26Sep2025 23:20:13.398] [Worker-Main-2/DEBUG] [ModernFix/]: Structure nova_structures:creeping_crypt/crypt_rooms/creeping_crypit_room_19 is being run through DFU (hash b1028bb87b887f324dbe9b2380cc6dc0e1fb14856911b3c0c649d876da95aff5), this will cause launch time delays
[26Sep2025 23:20:13.404] [Worker-Main-2/DEBUG] [ModernFix/]: Structure nova_structures:creeping_crypt/crypt_rooms/creeping_crypit_room_15 is being run through DFU (hash 08bfd672fda8029564bf4306887f027e410ddfeb356b5c64a5ba9fb067984f9e), this will cause launch time delays
[26Sep2025 23:20:13.409] [Worker-Main-2/DEBUG] [ModernFix/]: Structure nova_structures:creeping_crypt/crypt_rooms/creeping_crypit_stairs_2 is being run through DFU (hash 342f7cf77d98104017bc682443ea38faa2babd15d63d21c19f8043e18f869314), this will cause launch time delays
[26Sep2025 23:20:13.415] [Worker-Main-2/DEBUG] [ModernFix/]: Structure nova_structures:creeping_crypt/crypt_rooms/creeping_crypit_room_1 is being run through DFU (hash 6fcbc47fd0d032d2ac92f835f69bc3f69ce767b2982ec0bcb1bb77fd6966062f), this will cause launch time delays
[26Sep2025 23:20:13.426] [Worker-Main-2/DEBUG] [ModernFix/]: Structure nova_structures:creeping_crypt/crypt_rooms/creeping_crypit_room_10 is being run through DFU (hash cd5152ec93d6bb86237d58d8c7e7d1be2b417e1a7f7b6fc55a0f09cb48691665), this will cause launch time delays
[26Sep2025 23:20:13.428] [Worker-Main-2/DEBUG] [ModernFix/]: Structure nova_structures:creeping_crypt/crypt_rooms/creeping_crypit_room_18 is being run through DFU (hash 59145d82298990fff854977d730fdb2acb39f5dac14064a0698a26f4ff7daa02), this will cause launch time delays
[26Sep2025 23:20:13.431] [Worker-Main-2/DEBUG] [ModernFix/]: Structure nova_structures:creeping_crypt/crypt_rooms/creeping_crypit_room_7 is being run through DFU (hash 14fc999bd0a57a163173bbe456251ff00b396b0add679e5af98e79bcb7bc547d), this will cause launch time delays
[26Sep2025 23:20:13.433] [Worker-Main-2/DEBUG] [ModernFix/]: Structure nova_structures:creeping_crypt/crypt_rooms/creeping_crypit_room_8 is being run through DFU (hash 75a48afd7577059a151feb492fbad292ddfe2d8129bb0357195c01104da1c6ff), this will cause launch time delays
[26Sep2025 23:20:13.435] [Worker-Main-2/DEBUG] [ModernFix/]: Structure nova_structures:creeping_crypt/crypt_rooms/creeping_crypit_room_11 is being run through DFU (hash 3ac4480be16fc752354beaef35a1f50c94980fa180704e953873f6f43c0a14f9), this will cause launch time delays
[26Sep2025 23:20:13.437] [Worker-Main-2/DEBUG] [ModernFix/]: Structure nova_structures:creeping_crypt/crypt_rooms/creeping_crypit_room_9 is being run through DFU (hash 8d820fc5775e37407a784b25c59775073d4307010fb1761044e51099c8665341), this will cause launch time delays
[26Sep2025 23:20:13.440] [Worker-Main-2/DEBUG] [ModernFix/]: Structure nova_structures:creeping_crypt/crypt_rooms/creeping_crypit_room_13 is being run through DFU (hash 33688cef64e397a842585e636745e261631e1d9b3ed01b613d56c366ff5c4d8c), this will cause launch time delays
[26Sep2025 23:20:13.444] [Worker-Main-2/DEBUG] [ModernFix/]: Structure nova_structures:creeping_crypt/crypt_rooms/creeping_crypit_room_14 is being run through DFU (hash 1abba33941a9ac963061a954765d6bdc6a14b1eb8f0c6341720e7aa659f0a972), this will cause launch time delays
[26Sep2025 23:20:13.448] [Worker-Main-2/DEBUG] [ModernFix/]: Structure nova_structures:creeping_crypt/crypt_rooms/creeping_crypit_room_12 is being run through DFU (hash 8dde4199f26b84cdff643a505b20992bdbb26b9e0b38fb358a4b0e9ee2ffb1eb), this will cause launch time delays
[26Sep2025 23:20:13.451] [Worker-Main-2/DEBUG] [ModernFix/]: Structure nova_structures:creeping_crypt/crypt_rooms/creeping_crypit_room_20 is being run through DFU (hash 1642cc3f22f1ebbfe98a76a13dcc6d952a631749d734f40a2d81a4842ebc692f), this will cause launch time delays
[26Sep2025 23:20:13.457] [Worker-Main-2/DEBUG] [ModernFix/]: Structure nova_structures:creeping_crypt/crypt_rooms/creeping_crypit_room_fail_1 is being run through DFU (hash 24cb016973f2ac9d1cbfbb036727c2cdb58d8ba57e9c6dc8132e9cf5c60d8e6d), this will cause launch time delays
[26Sep2025 23:20:13.457] [Worker-Main-2/DEBUG] [ModernFix/]: Structure nova_structures:creeping_crypt/crypt_rooms/creeping_crypit_room_fail_2 is being run through DFU (hash cd9cbbc50aa163a3a90008d01cd6acdf3eccd70dfba5f0e89116fe3739cccc16), this will cause launch time delays
[26Sep2025 23:20:13.460] [Worker-Main-2/DEBUG] [ModernFix/]: Structure nova_structures:creeping_crypt/crypt_mobs/creeping_crypit_creeper is being run through DFU (hash 0bec24890d9d6a972ef0d55dd76115729964fd1c7c007e21510779e465be56fd), this will cause launch time delays
[26Sep2025 23:20:13.464] [Worker-Main-2/DEBUG] [ModernFix/]: Structure nova_structures:creeping_crypt/crypt_mobs/creeping_crypit_mob_fail is being run through DFU (hash 4393b40b9151d8977e6cbf8d4f758f7b2dc808ba1ffd8ff3961e07543f9953af), this will cause launch time delays
[26Sep2025 23:20:13.467] [Worker-Main-2/DEBUG] [ModernFix/]: Structure nova_structures:creeping_crypt/crypt_mobs/creeping_crypit_skeleton is being run through DFU (hash f0a31ff857d4b590784a1c75f99d103592945dc9e4222080aabf2b774093358c), this will cause launch time delays
[26Sep2025 23:20:13.476] [Worker-Main-2/DEBUG] [ModernFix/]: Structure nova_structures:creeping_crypt/crypt_mobs/creeping_crypit_spider is being run through DFU (hash 7614d36624d0baf2d9693ff94d5c735897593112ae183f5ff7b8fd8a2a915b6d), this will cause launch time delays
[26Sep2025 23:20:13.488] [Worker-Main-2/DEBUG] [ModernFix/]: Structure nova_structures:creeping_crypt/crypt_mobs/creeping_crypit_zombie is being run through DFU (hash a50a29ffa9a12607f599075008148104150ad2248b39b135776e695fc224861e), this will cause launch time delays
[26Sep2025 23:20:15.786] [Worker-Main-1/DEBUG] [ModernFix/]: Structure dungeons_arise:lighthouse/lighthouse_part_2 is being run through DFU (hash 72a6a69c4455c2899ed255d2e47c06e16586e99461fdc851d097d0e1833fb76d), this will cause launch time delays
[26Sep2025 23:20:19.984] [Worker-Main-2/DEBUG] [ModernFix/]: Using cached upgraded version of minecraft:village_jungle/jungle_village_center1
[26Sep2025 23:20:19.991] [Worker-Main-2/DEBUG] [ModernFix/]: Using cached upgraded version of minecraft:village_swamp/swamp_village_center1
[26Sep2025 23:20:24.065] [Server thread/DEBUG] [mixin/]: Mixing PiglinAiMixin from relics.mixins.json into net.minecraft.world.entity.monster.piglin.PiglinAi
[26Sep2025 23:20:24.066] [Server thread/DEBUG] [mixin/]: relics.mixins.json:PiglinAiMixin: Class version 61 required is higher than the class version supported by the current version of Mixin (JAVA_8 supports class version 52)
[26Sep2025 23:20:24.067] [Server thread/DEBUG] [mixin/]: Mixing MixinPiglinAi from curios.mixins.json into net.minecraft.world.entity.monster.piglin.PiglinAi
[26Sep2025 23:21:06.320] [Server thread/DEBUG] [mixin/]: Generating mapped inner class net/minecraft/world/level/chunk/storage/SectionStorage$Anonymous$f3fa654173164a068779c462c19bb539 (originally me/jellysquid/mods/lithium/mixin/ai/poi/SerializingRegionBasedStorageMixin$1)
[26Sep2025 23:21:06.407] [Worker-Main-3/DEBUG] [ModernFix/]: Structure nova_structures:wild_ruin/wild_ruin_17 is being run through DFU (hash 8c678a1516a24e6ac364b6b88c322dd04470a6d2486ac05bed12a38345207130), this will cause launch time delays
[26Sep2025 23:21:11.549] [Server thread/INFO] [net.minecraft.server.MinecraftServer/]: Naxoxh7 has made the advancement [Book of Monsters]
[26Sep2025 23:24:53.436] [Server thread/DEBUG] [net.minecraftforge.common.ForgeHooks/WP]: Gathering id map for writing to world save world
[26Sep2025 23:24:53.449] [Server thread/DEBUG] [net.minecraftforge.common.ForgeHooks/WP]: ID Map collection complete world
[26Sep2025 23:25:03.978] [Server thread/ERROR] [KubeJS Server/]: addonpack_alienevo:kubejs_scripts/ride.js#13: Error in 'ItemEvents.entityInteracted': Can't find method net.threetag.palladium.power.ability.AbilityUtil.hasPower(net.minecraft.world.entity.decoration.ItemFrame,string).
[26Sep2025 23:25:03.979] [Server thread/ERROR] [KubeJS Server/]: …rhino.EvaluatorException: Can't find method net.threetag.palladium.power.ability.AbilityUtil.hasPower(net.minecraft.world.entity.decoration.ItemFrame,string). (addonpack_alienevo:kubejs_scripts/ride.js#13)
[26Sep2025 23:25:03.979] [Server thread/ERROR] [KubeJS Server/]:   at …rhino.DefaultErrorReporter.runtimeError(DefaultErrorReporter.java:67)
[26Sep2025 23:25:03.979] [Server thread/ERROR] [KubeJS Server/]:   at …rhino.Context.reportRuntimeError(Context.java:133)
[26Sep2025 23:25:03.980] [Server thread/ERROR] [KubeJS Server/]:   at …rhino.Context.reportRuntimeError(Context.java:173)
[26Sep2025 23:25:03.980] [Server thread/ERROR] [KubeJS Server/]:   at …rhino.Context.reportRuntimeError1(Context.java:145)
[26Sep2025 23:25:03.980] [Server thread/ERROR] [KubeJS Server/]:   at …rhino.NativeJavaMethod.call(NativeJavaMethod.java:379)
[26Sep2025 23:25:03.980] [Server thread/ERROR] [KubeJS Server/]:   at …rhino.Interpreter.interpretLoop(Interpreter.java:986)
[26Sep2025 23:25:03.980] [Server thread/ERROR] [KubeJS Server/]:   at script(addonpack_alienevo:kubejs_scripts/ride.js:13)
[26Sep2025 23:25:03.981] [Server thread/ERROR] [KubeJS Server/]:   at …rhino.Interpreter.interpret(Interpreter.java:370)
[26Sep2025 23:25:03.981] [Server thread/ERROR] [KubeJS Server/]:   at …rhino.InterpretedFunction.call(InterpretedFunction.java:72)
[26Sep2025 23:25:03.981] [Server thread/ERROR] [KubeJS Server/]:   at …rhino.Context.callSync(Context.java:1357)
[26Sep2025 23:25:03.981] [Server thread/ERROR] [KubeJS Server/]:   at …rhino.Context.doTopCall(Context.java:1374)
[26Sep2025 23:25:03.981] [Server thread/ERROR] [KubeJS Server/]:   at …rhino.InterpretedFunction.call(InterpretedFunction.java:70)
[26Sep2025 23:25:03.981] [Server thread/ERROR] [KubeJS Server/]:   at …rhino.Context.callSync(Context.java:1357)
[26Sep2025 23:25:03.982] [Server thread/ERROR] [KubeJS Server/]:   at …rhino.ArrowFunction.call(ArrowFunction.java:42)
[26Sep2025 23:25:03.982] [Server thread/ERROR] [KubeJS Server/]:   at …rhino.Context.callSync(Context.java:1357)
[26Sep2025 23:25:03.982] [Server thread/ERROR] [KubeJS Server/]:   at …rhino.InterfaceAdapter.invoke(InterfaceAdapter.java:125)
[26Sep2025 23:25:03.982] [Server thread/ERROR] [KubeJS Server/]:   at …rhino.VMBridge.lambda$newInterfaceProxy$0(VMBridge.java:74)
[26Sep2025 23:25:03.982] [Server thread/ERROR] [KubeJS Server/]:   at TRANSFORMER/jdk.proxy3/jdk.proxy3.$Proxy55.onEvent(Unknown Source)
[26Sep2025 23:25:03.983] [Server thread/ERROR] [KubeJS Server/]:   at …kubejs.event.EventHandlerContainer.handle(EventHandlerContainer.java:39)
[26Sep2025 23:25:03.983] [Server thread/ERROR] [KubeJS Server/]:   at …kubejs.event.EventHandler.postToHandlers(EventHandler.java:304)
[26Sep2025 23:25:03.983] [Server thread/ERROR] [KubeJS Server/]:   at …kubejs.event.EventHandler.post(EventHandler.java:272)
[26Sep2025 23:25:03.983] [Server thread/ERROR] [KubeJS Server/]:   at …kubejs.event.EventHandler.post(EventHandler.java:226)
[26Sep2025 23:25:03.983] [Server thread/ERROR] [KubeJS Server/]:   at …kubejs.item.KubeJSItemEventHandler.entityInteract(KubeJSItemEventHandler.java:57)
[26Sep2025 23:25:03.983] [Server thread/ERROR] [KubeJS Server/]:   at dev.architectury.event.forge.EventHandlerImplCommon.eventPlayerInteractEvent(EventHandlerImplCommon.java:348)
[26Sep2025 23:25:03.984] [Server thread/ERROR] [KubeJS Server/]:   at dev.architectury.event.forge.__EventHandlerImplCommon_eventPlayerInteractEvent_EntityInteract.invoke(.dynamic)
[26Sep2025 23:25:03.984] [Server thread/ERROR] [KubeJS Server/]:   at MC-BOOTSTRAP/net.minecraftforge.eventbus/net.minecraftforge.eventbus.ASMEventHandler.invoke(ASMEventHandler.java:73)
[26Sep2025 23:25:03.984] [Server thread/ERROR] [KubeJS Server/]:   at MC-BOOTSTRAP/net.minecraftforge.eventbus/net.minecraftforge.eventbus.EventBus.post(EventBus.java:315)
[26Sep2025 23:25:03.984] [Server thread/ERROR] [KubeJS Server/]:   at MC-BOOTSTRAP/net.minecraftforge.eventbus/net.minecraftforge.eventbus.EventBus.post(EventBus.java:296)
[26Sep2025 23:25:03.984] [Server thread/ERROR] [KubeJS Server/]:   at net.minecraftforge.common.ForgeHooks.onInteractEntity(ForgeHooks.java:764)
[26Sep2025 23:25:03.984] [Server thread/ERROR] [KubeJS Server/]:   at net.minecraft.world.entity.player.Player.m_36157_(Player.java:975)
[26Sep2025 23:25:03.984] [Server thread/ERROR] [KubeJS Server/]:   at net.minecraft.server.network.ServerGamePacketListenerImpl$1.m_143678_(ServerGamePacketListenerImpl.java:1460)
[26Sep2025 23:25:03.985] [Server thread/ERROR] [KubeJS Server/]:   at net.minecraft.server.network.ServerGamePacketListenerImpl$1.m_142299_(ServerGamePacketListenerImpl.java:1472)
[26Sep2025 23:25:03.985] [Server thread/ERROR] [KubeJS Server/]:   at net.minecraft.network.protocol.game.ServerboundInteractPacket$InteractionAction.m_142457_(ServerboundInteractPacket.java:116)
[26Sep2025 23:25:03.985] [Server thread/ERROR] [KubeJS Server/]:   at net.minecraft.network.protocol.game.ServerboundInteractPacket.m_179617_(ServerboundInteractPacket.java:66)
[26Sep2025 23:25:03.985] [Server thread/ERROR] [KubeJS Server/]:   at net.minecraft.server.network.ServerGamePacketListenerImpl.m_6946_(ServerGamePacketListenerImpl.java:1455)
[26Sep2025 23:25:03.985] [Server thread/ERROR] [KubeJS Server/]:   at net.minecraft.network.protocol.game.ServerboundInteractPacket.m_5797_(ServerboundInteractPacket.java:53)
[26Sep2025 23:25:03.985] [Server thread/ERROR] [KubeJS Server/]:   at net.minecraft.network.protocol.game.ServerboundInteractPacket.m_5797_(ServerboundInteractPacket.java:13)
[26Sep2025 23:25:03.986] [Server thread/ERROR] [KubeJS Server/]:   at net.minecraft.network.protocol.PacketUtils.m_263899_(PacketUtils.java:22)
[26Sep2025 23:25:03.986] [Server thread/ERROR] [KubeJS Server/]:   at net.minecraft.server.TickTask.run(TickTask.java:18)
[26Sep2025 23:25:03.986] [Server thread/ERROR] [KubeJS Server/]:   at net.minecraft.util.thread.BlockableEventLoop.m_6367_(BlockableEventLoop.java:156)
[26Sep2025 23:25:03.986] [Server thread/ERROR] [KubeJS Server/]:   at net.minecraft.util.thread.ReentrantBlockableEventLoop.m_6367_(ReentrantBlockableEventLoop.java:23)
[26Sep2025 23:25:03.986] [Server thread/ERROR] [KubeJS Server/]:   at net.minecraft.server.MinecraftServer.m_6367_(MinecraftServer.java:770)
[26Sep2025 23:25:03.986] [Server thread/ERROR] [KubeJS Server/]:   at net.minecraft.server.MinecraftServer.m_6367_(MinecraftServer.java:161)
[26Sep2025 23:25:03.986] [Server thread/ERROR] [KubeJS Server/]:   at net.minecraft.util.thread.BlockableEventLoop.m_7245_(BlockableEventLoop.java:130)
[26Sep2025 23:25:03.986] [Server thread/ERROR] [KubeJS Server/]:   at net.minecraft.server.MinecraftServer.m_129961_(MinecraftServer.java:753)
[26Sep2025 23:25:03.986] [Server thread/ERROR] [KubeJS Server/]:   at net.minecraft.server.MinecraftServer.m_7245_(MinecraftServer.java:747)
[26Sep2025 23:25:03.987] [Server thread/ERROR] [KubeJS Server/]:   at net.minecraft.util.thread.BlockableEventLoop.m_18701_(BlockableEventLoop.java:139)
[26Sep2025 23:25:03.987] [Server thread/ERROR] [KubeJS Server/]:   at net.minecraft.server.MinecraftServer.mixinextras$bridge$m_18701_$256(MinecraftServer.java)
[26Sep2025 23:25:03.987] [Server thread/ERROR] [KubeJS Server/]:   at net.minecraft.server.MinecraftServer.wrapOperation$bao000$managedBlock(MinecraftServer.java:1856)
[26Sep2025 23:25:03.987] [Server thread/ERROR] [KubeJS Server/]:   at net.minecraft.server.MinecraftServer.m_130012_(MinecraftServer.java:733)
[26Sep2025 23:25:03.987] [Server thread/ERROR] [KubeJS Server/]:   at net.minecraft.server.MinecraftServer.m_130011_(MinecraftServer.java:665)
[26Sep2025 23:25:03.987] [Server thread/ERROR] [KubeJS Server/]:   at net.minecraft.server.MinecraftServer.m_206580_(MinecraftServer.java:251)
[26Sep2025 23:25:03.988] [Server thread/ERROR] [KubeJS Server/]:   at java.lang.Thread.run(Thread.java:840)
[26Sep2025 23:26:41.377] [Server thread/INFO] [net.minecraft.server.MinecraftServer/]: Naxoxh7 has made the advancement [Isn't It Iron Pick]
[26Sep2025 23:28:26.774] [Worker-Main-1/DEBUG] [ModernFix/]: Using cached upgraded version of minecraft:village_jungle/jungle_village_center2
[26Sep2025 23:28:26.777] [Worker-Main-1/DEBUG] [ModernFix/]: Using cached upgraded version of minecraft:village_swamp/swamp_village_center2
[26Sep2025 23:28:45.477] [Worker-Main-3/DEBUG] [ModernFix/]: Using cached upgraded version of nova_structures:bunker/bunker_enterance_1
[26Sep2025 23:28:50.191] [Worker-Main-3/DEBUG] [ModernFix/]: Structure nova_structures:wild_ruin/wild_ruin_29 is being run through DFU (hash bb28b28cbbf82aaac84e418a24d4c13d4b2bbb58480df5a1c0aadbeb709bf08d), this will cause launch time delays
[26Sep2025 23:28:54.296] [Server thread/INFO] [net.minecraft.server.network.ServerGamePacketListenerImpl/]: Naxoxh7 lost connection: Disconnected
[26Sep2025 23:28:54.297] [Server thread/INFO] [net.minecraft.server.MinecraftServer/]: Naxoxh7 left the game
[26Sep2025 23:29:53.388] [Server thread/DEBUG] [net.minecraftforge.common.ForgeHooks/WP]: Gathering id map for writing to world save world
[26Sep2025 23:29:53.397] [Server thread/DEBUG] [net.minecraftforge.common.ForgeHooks/WP]: ID Map collection complete world
