[27Sep2025 16:33:11.342] [main/INFO] [cpw.mods.modlauncher.Launcher/MODLAUNCHER]: ModLauncher running: args [--launchTarget, forgeserver, --fml.forgeVersion, 47.3.7, --fml.mcVersion, 1.20.1, --fml.forgeGroup, net.minecraftforge, --fml.mcpVersion, 20230612.114412, nogui]
[27Sep2025 16:33:11.346] [main/INFO] [cpw.mods.modlauncher.Launcher/MODLAUNCHER]: ModLauncher 10.0.9+10.0.9+main.dcd20f30 starting: java version 17.0.16 by Ubuntu; OS Linux arch amd64 version 6.8.0-1030-azure
[27Sep2025 16:33:16.615] [main/INFO] [net.minecraftforge.fml.loading.ImmediateWindowHandler/]: ImmediateWindowProvider not loading because launch target is forgeserver
[27Sep2025 16:33:16.712] [main/INFO] [mixin/]: SpongePowered MIXIN Subsystem Version=0.8.5 Source=union:/workspaces/literate-parakeet/servidor_minecraft/libraries/org/spongepowered/mixin/0.8.5/mixin-0.8.5.jar%2365!/ Service=ModLauncher Env=SERVER
[27Sep2025 16:33:17.155] [main/WARN] [net.minecraftforge.fml.loading.moddiscovery.ModFileParser/LOADING]: Mod file /workspaces/literate-parakeet/servidor_minecraft/libraries/net/minecraftforge/fmlcore/1.20.1-47.3.7/fmlcore-1.20.1-47.3.7.jar is missing mods.toml file
[27Sep2025 16:33:17.156] [main/WARN] [net.minecraftforge.fml.loading.moddiscovery.ModFileParser/LOADING]: Mod file /workspaces/literate-parakeet/servidor_minecraft/libraries/net/minecraftforge/javafmllanguage/1.20.1-47.3.7/javafmllanguage-1.20.1-47.3.7.jar is missing mods.toml file
[27Sep2025 16:33:17.157] [main/WARN] [net.minecraftforge.fml.loading.moddiscovery.ModFileParser/LOADING]: Mod file /workspaces/literate-parakeet/servidor_minecraft/libraries/net/minecraftforge/lowcodelanguage/1.20.1-47.3.7/lowcodelanguage-1.20.1-47.3.7.jar is missing mods.toml file
[27Sep2025 16:33:17.166] [main/WARN] [net.minecraftforge.fml.loading.moddiscovery.ModFileParser/LOADING]: Mod file /workspaces/literate-parakeet/servidor_minecraft/libraries/net/minecraftforge/mclanguage/1.20.1-47.3.7/mclanguage-1.20.1-47.3.7.jar is missing mods.toml file
[27Sep2025 16:33:17.761] [main/INFO] [net.minecraftforge.fml.loading.moddiscovery.JarInJarDependencyLocator/]: Found 14 dependencies adding them to mods collection
[27Sep2025 16:33:20.361] [main/INFO] [mixin/]: Compatibility level set to JAVA_17
[27Sep2025 16:33:20.383] [main/ERROR] [mixin/]: Mixin config palladiumcore-common.mixins.json does not specify "minVersion" property
[27Sep2025 16:33:20.385] [main/ERROR] [mixin/]: Mixin config palladiumcore.mixins.json does not specify "minVersion" property
[27Sep2025 16:33:20.473] [main/ERROR] [mixin/]: Mixin config alienevo-common.mixins.json does not specify "minVersion" property
[27Sep2025 16:33:20.474] [main/ERROR] [mixin/]: Mixin config alienevo.mixins.json does not specify "minVersion" property
[27Sep2025 16:33:20.561] [main/INFO] [cpw.mods.modlauncher.LaunchServiceHandler/MODLAUNCHER]: Launching target 'forgeserver' with arguments [nogui]
[27Sep2025 16:33:20.855] [main/INFO] [Radium Config/]: Loaded configuration file for Radium: 125 options available, 2 override(s) found
[27Sep2025 16:33:21.005] [main/INFO] [ModernFix/]: Loaded configuration file for ModernFix 5.24.4+mc1.20.1: 96 options available, 0 override(s) found
[27Sep2025 16:33:21.006] [main/INFO] [ModernFix/]: Applying Nashorn fix
[27Sep2025 16:33:21.026] [main/INFO] [ModernFix/]: Applied Forge config corruption patch
[27Sep2025 16:33:21.176] [main/WARN] [mixin/]: Reference map 'puzzlesaccessapi.common.refmap.json' for puzzlesaccessapi.common.mixins.json could not be read. If this is a development environment you can ignore this message
[27Sep2025 16:33:21.179] [main/WARN] [mixin/]: Reference map 'extensibleenums.common.refmap.json' for extensibleenums.common.mixins.json could not be read. If this is a development environment you can ignore this message
[27Sep2025 16:33:21.181] [main/WARN] [mixin/]: Reference map 'extensibleenums.forge.refmap.json' for extensibleenums.forge.mixins.json could not be read. If this is a development environment you can ignore this message
[27Sep2025 16:33:21.189] [main/INFO] [Embeddium/]: Loaded configuration file for Embeddium: 117 options available, 0 override(s) found
[27Sep2025 16:33:21.199] [main/WARN] [mixin/]: Reference map 'hoppergadgetry.forge.refmap.json' for hoppergadgetry.forge.mixins.json could not be read. If this is a development environment you can ignore this message
[27Sep2025 16:33:21.310] [main/INFO] [Puzzles Lib/]: Loading 72 mods:
	- alexsmobs 1.22.9
	- alienevo 1.1.0
	- amendments 1.20-2.2.1
	- aquamirae 6.API15
	- architectury 9.2.14
	- betterendcities 1.0.0-1.20.1
	- betterendisland 1.20-Forge-2.0.6
	- bettervillage 3.3.1
	- blueprint 7.1.3
	- born_in_chaos_v1 1.7.2
	- brainrot 1.0.0
	- carryon 2.1.2.7
	- castle_in_the_sky 1.20.1
	- cfm 7.0.0-pre36
	- citadel 2.6.2
	- cloth_config 11.1.136
	- creativecore 2.12.32
	- dungeons_arise 2.1.58-1.20.x
	- embeddium 0.3.31+mc1.20.1
		\-- rubidium 0.7.1
	- fallingtree 4.3.4
	- ferritecore 6.0.1
	- forge 47.3.7
	- geckolib 4.7.4
	- gravecore 1.2.0
		|-- curios 5.9.1+1.20.1
		\-- lodestone 1.20.1-1.6.2.1
	- gravestone 1.20.1-1.0.32
	- hopo 1.2.2
	- hoppergadgetry 20.1.2
		\-- extensibleenums 20.1.1
	- iceandfire 2.1.13-1.20.1
	- jei 15.20.0.112
	- kubejs 2001.6.5-build.16
	- libraryferret 4.0.0
	- loafcats 1.2-1.20.1
	- mcef 2.1.6-1.20.1
	- minecraft 1.20.1
	- modernfix 5.24.4+mc1.20.1
	- mofus_better_end_ 1.0.0
	- moonlight 1.20-2.16.8
	- mowziesmobs 1.7.3
	- mr_dungeons_andtaverns 3.0.3.f
	- mr_limesplatus_ending 1-v1.1.0c
	- mr_serversleep 1-datapack
	- mutantmonsters 8.0.7
	- mypowers 1.0.5
	- notenoughanimations 1.10.1
		|-- transition 1.0.3
		\-- trender 1.0.5
	- obscure_api 15
	- octolib 0.5.0.1
	- packetfixer 3.1.4
	- palladium 4.2.8
		|-- palladiumcore 1.0.1
		\-- playeranimator 1.0.2-rc1+1.20
	- particlerain 1.1.3
	- pehkui 3.8.2+1.20.1-forge
	- pet_cemetery 2.0.0
	- playerrevive 2.0.31
	- presencefootsteps 1.20.1-1.9.1-beta.1
	- puzzleslib 8.1.33
		\-- puzzlesaccessapi 20.1.1
	- radium 0.12.4+git.26c9d8e
	- relics 0.8.0.7
	- rhino 2001.2.3-build.10
	- rustic_engineer 1.1.3
	- toms_storage 1.7.1
	- toolbelt 1.20.02
	- travelersbackpack 9.1.40
	- webdisplays 2.0.1-1.20.1
	- xaerominimap 25.2.10
	- yungsapi 1.20-Forge-4.0.6
[27Sep2025 16:33:21.384] [main/INFO] [dev.tonimatas.packetfixer.mixins.v1_19_4_forge.MixinPlugin/]: Packet Fixer forge 1.19.4-1.20.1 has been applied successfully.
[27Sep2025 16:33:21.399] [main/WARN] [mixin/]: Reference map 'Aquamirae.refmap.json' for aquamirae.mixins.json could not be read. If this is a development environment you can ignore this message
[27Sep2025 16:33:21.445] [main/WARN] [Radium Config/]: Force-disabling mixin 'ai.poi.fast_portals.PointOfInterestStorageMixin' as option 'mixin.ai.poi.fast_portals' (added by user configuration) disables it and children
[27Sep2025 16:33:21.446] [main/WARN] [Radium Config/]: Force-disabling mixin 'ai.poi.fast_portals.PortalForcerMixin' as option 'mixin.ai.poi.fast_portals' (added by user configuration) disables it and children
[27Sep2025 16:33:21.457] [main/WARN] [Radium Config/]: Force-disabling mixin 'alloc.blockstate.StateMixin' as option 'mixin.alloc.blockstate' (added by mods [ferritecore]) disables it and children
[27Sep2025 16:33:22.222] [main/WARN] [mixin/]: Error loading class: vectorwing/farmersdelight/common/block/StandingCanvasSignBlock (java.lang.ClassNotFoundException: vectorwing.farmersdelight.common.block.StandingCanvasSignBlock)
[27Sep2025 16:33:22.223] [main/WARN] [mixin/]: Error loading class: vectorwing/farmersdelight/common/block/WallCanvasSignBlock (java.lang.ClassNotFoundException: vectorwing.farmersdelight.common.block.WallCanvasSignBlock)
[27Sep2025 16:33:22.295] [main/WARN] [mixin/]: Error loading class: net/mehvahdjukaar/supplementaries/common/entities/SlimeBallEntity (java.lang.ClassNotFoundException: net.mehvahdjukaar.supplementaries.common.entities.SlimeBallEntity)
[27Sep2025 16:33:23.000] [main/ERROR] [net.minecraftforge.fml.loading.RuntimeDistCleaner/DISTXFORM]: Attempted to load class net/minecraft/client/gui/screens/Screen for invalid dist DEDICATED_SERVER
[27Sep2025 16:33:23.001] [main/WARN] [mixin/]: Error loading class: net/minecraft/client/gui/screens/Screen (java.lang.RuntimeException: Attempted to load class net/minecraft/client/gui/screens/Screen for invalid dist DEDICATED_SERVER)
[27Sep2025 16:33:23.001] [main/WARN] [mixin/]: @Mixin target net.minecraft.client.gui.screens.Screen was not found relics.mixins.json:ScreenMixin
[27Sep2025 16:33:23.852] [main/INFO] [MixinExtras|Service/]: Initializing MixinExtras via com.llamalad7.mixinextras.service.MixinExtrasServiceImpl(version=0.5.0).
[27Sep2025 16:33:24.411] [main/WARN] [mixin/]: Static binding violation: PRIVATE @Overwrite method m_216202_ in modernfix-forge.mixins.json:perf.tag_id_caching.TagOrElementLocationMixin cannot reduce visibiliy of PUBLIC target method, visibility will be upgraded.
[27Sep2025 16:33:24.667] [main/INFO] [net.minecraft.server.Bootstrap/]: ModernFix reached bootstrap stage (19.39 s after launch)
[27Sep2025 16:33:24.857] [main/WARN] [mixin/]: @Final field delegatesByName:Ljava/util/Map; in modernfix-forge.mixins.json:perf.forge_registry_alloc.ForgeRegistryMixin should be final
[27Sep2025 16:33:24.858] [main/WARN] [mixin/]: @Final field delegatesByValue:Ljava/util/Map; in modernfix-forge.mixins.json:perf.forge_registry_alloc.ForgeRegistryMixin should be final
[27Sep2025 16:33:25.380] [main/INFO] [ModernFix/]: Injecting BlockStateBase cache population hook into getNeighborPathNodeType from me.jellysquid.mods.lithium.mixin.ai.pathing.AbstractBlockStateMixin
[27Sep2025 16:33:25.381] [main/INFO] [ModernFix/]: Injecting BlockStateBase cache population hook into getPathNodeType from me.jellysquid.mods.lithium.mixin.ai.pathing.AbstractBlockStateMixin
[27Sep2025 16:33:25.381] [main/INFO] [ModernFix/]: Injecting BlockStateBase cache population hook into getAllFlags from me.jellysquid.mods.lithium.mixin.util.block_tracking.AbstractBlockStateMixin
[27Sep2025 16:33:27.093] [main/INFO] [net.minecraft.server.Bootstrap/]: Vanilla bootstrap took 2422 milliseconds
[27Sep2025 16:33:28.082] [main/WARN] [mixin/]: @Inject(@At("INVOKE_ASSIGN")) Shift.BY=1 on palladiumcore-common.mixins.json:LightningBoltMixin::handler$zif000$tick exceeds the maximum allowed value: 0. Increase the value of maxShiftBy to suppress this warning.
[27Sep2025 16:33:29.857] [main/WARN] [mixin/]: Method overwrite conflict for m_47505_ in modernfix-common.mixins.json:perf.remove_biome_temperature_cache.BiomeMixin, previously written by me.jellysquid.mods.lithium.mixin.world.temperature_cache.BiomeMixin. Skipping method.
[27Sep2025 16:33:30.358] [modloading-worker-0/INFO] [Puzzles Lib/]: Constructing common components for mutantmonsters:main
[27Sep2025 16:33:30.419] [modloading-worker-0/INFO] [STDOUT/]: [com.gravestone.gravecore.GraveCore:init:50]: /workspaces/literate-parakeet/servidor_minecraft/config
[27Sep2025 16:33:30.550] [modloading-worker-0/INFO] [com.jtorleonstudios.libraryferret.LibraryFerret/]: Initialize mod Library Ferret
[27Sep2025 16:33:30.567] [modloading-worker-0/INFO] [com.jtorleonstudios.libraryferret.LibraryFerret/]: Initialized mod Library Ferret
[27Sep2025 16:33:30.583] [modloading-worker-0/ERROR] [net.minecraftforge.eventbus.EventSubclassTransformer/EVENTBUS]: Could not find parent net/minecraft/client/renderer/entity/layers/RenderLayer for class com/obscuria/obscureapi/client/renderer/PatreonLayer in classloader cpw.mods.modlauncher.TransformingClassLoader@2c748a15 on thread Thread[modloading-worker-0,5,main]
[27Sep2025 16:33:30.583] [modloading-worker-0/ERROR] [net.minecraftforge.eventbus.EventSubclassTransformer/EVENTBUS]: An error occurred building event handler
java.lang.ClassNotFoundException: net.minecraft.client.renderer.entity.layers.RenderLayer
	at cpw.mods.cl.ModuleClassLoader.loadClass(ModuleClassLoader.java:141) ~[securejarhandler-2.1.10.jar:?]
	at java.lang.ClassLoader.loadClass(ClassLoader.java:525) ~[?:?]
	at net.minecraftforge.eventbus.EventSubclassTransformer.buildEvents(EventSubclassTransformer.java:97) ~[eventbus-6.0.5.jar%2352!/:?]
	at net.minecraftforge.eventbus.EventSubclassTransformer.transform(EventSubclassTransformer.java:48) ~[eventbus-6.0.5.jar%2352!/:?]
	at net.minecraftforge.eventbus.EventBusEngine.processClass(EventBusEngine.java:26) ~[eventbus-6.0.5.jar%2352!/:?]
	at net.minecraftforge.eventbus.service.ModLauncherService.processClassWithFlags(ModLauncherService.java:32) ~[eventbus-6.0.5.jar%2352!/:6.0.5+6.0.5+master.eb8e549b]
	at cpw.mods.modlauncher.LaunchPluginHandler.offerClassNodeToPlugins(LaunchPluginHandler.java:88) ~[modlauncher-10.0.9.jar%2355!/:?]
	at cpw.mods.modlauncher.ClassTransformer.transform(ClassTransformer.java:120) ~[modlauncher-10.0.9.jar%2355!/:?]
	at cpw.mods.modlauncher.TransformingClassLoader.maybeTransformClassBytes(TransformingClassLoader.java:50) ~[modlauncher-10.0.9.jar%2355!/:?]
	at cpw.mods.cl.ModuleClassLoader.readerToClass(ModuleClassLoader.java:113) ~[securejarhandler-2.1.10.jar:?]
	at cpw.mods.cl.ModuleClassLoader.lambda$findClass$15(ModuleClassLoader.java:219) ~[securejarhandler-2.1.10.jar:?]
	at cpw.mods.cl.ModuleClassLoader.loadFromModule(ModuleClassLoader.java:229) ~[securejarhandler-2.1.10.jar:?]
	at cpw.mods.cl.ModuleClassLoader.findClass(ModuleClassLoader.java:219) ~[securejarhandler-2.1.10.jar:?]
	at cpw.mods.cl.ModuleClassLoader.loadClass(ModuleClassLoader.java:135) ~[securejarhandler-2.1.10.jar:?]
	at java.lang.ClassLoader.loadClass(ClassLoader.java:525) ~[?:?]
	at java.lang.ClassLoader.defineClass0(Native Method) ~[?:?]
	at java.lang.System$2.defineClass(System.java:2324) ~[?:?]
	at java.lang.invoke.MethodHandles$Lookup$ClassDefiner.defineClass(MethodHandles.java:2439) ~[?:?]
	at java.lang.invoke.MethodHandles$Lookup$ClassDefiner.defineClassAsLookup(MethodHandles.java:2420) ~[?:?]
	at java.lang.invoke.MethodHandles$Lookup.defineHiddenClass(MethodHandles.java:2127) ~[?:?]
	at java.lang.invoke.InnerClassLambdaMetafactory.generateInnerClass(InnerClassLambdaMetafactory.java:407) ~[?:?]
	at java.lang.invoke.InnerClassLambdaMetafactory.spinInnerClass(InnerClassLambdaMetafactory.java:315) ~[?:?]
	at java.lang.invoke.InnerClassLambdaMetafactory.buildCallSite(InnerClassLambdaMetafactory.java:228) ~[?:?]
	at java.lang.invoke.LambdaMetafactory.metafactory(LambdaMetafactory.java:341) ~[?:?]
	at java.lang.invoke.BootstrapMethodInvoker.invoke(BootstrapMethodInvoker.java:134) ~[?:?]
	at java.lang.invoke.CallSite.makeSite(CallSite.java:315) ~[?:?]
	at java.lang.invoke.MethodHandleNatives.linkCallSiteImpl(MethodHandleNatives.java:281) ~[?:?]
	at java.lang.invoke.MethodHandleNatives.linkCallSite(MethodHandleNatives.java:271) ~[?:?]
	at com.obscuria.obscureapi.client.renderer.PatreonLayer$Mode.<clinit>(PatreonLayer.java:55) ~[obscure_api-15.jar%23201!/:com.obscuria]
	at com.obscuria.obscureapi.ObscureAPIConfig$Client.<clinit>(ObscureAPIConfig.java:28) ~[obscure_api-15.jar%23201!/:com.obscuria]
	at com.obscuria.obscureapi.ObscureAPIConfig.register(ObscureAPIConfig.java:46) ~[obscure_api-15.jar%23201!/:com.obscuria]
	at com.obscuria.obscureapi.ObscureAPI.<init>(ObscureAPI.java:69) ~[obscure_api-15.jar%23201!/:com.obscuria]
	at jdk.internal.reflect.NativeConstructorAccessorImpl.newInstance0(Native Method) ~[?:?]
	at jdk.internal.reflect.NativeConstructorAccessorImpl.newInstance(NativeConstructorAccessorImpl.java:77) ~[?:?]
	at jdk.internal.reflect.DelegatingConstructorAccessorImpl.newInstance(DelegatingConstructorAccessorImpl.java:45) ~[?:?]
	at java.lang.reflect.Constructor.newInstanceWithCaller(Constructor.java:500) ~[?:?]
	at java.lang.reflect.Constructor.newInstance(Constructor.java:481) ~[?:?]
	at net.minecraftforge.fml.javafmlmod.FMLModContainer.constructMod(FMLModContainer.java:70) ~[javafmllanguage-1.20.1-47.3.7.jar%23227!/:?]
	at net.minecraftforge.fml.ModContainer.lambda$buildTransitionHandler$4(ModContainer.java:124) ~[fmlcore-1.20.1-47.3.7.jar%23226!/:?]
	at java.util.concurrent.CompletableFuture$AsyncRun.run(CompletableFuture.java:1804) ~[?:?]
	at java.util.concurrent.CompletableFuture$AsyncRun.exec(CompletableFuture.java:1796) ~[?:?]
	at java.util.concurrent.ForkJoinTask.doExec(ForkJoinTask.java:373) ~[?:?]
	at java.util.concurrent.ForkJoinPool$WorkQueue.topLevelExec(ForkJoinPool.java:1182) ~[?:?]
	at java.util.concurrent.ForkJoinPool.scan(ForkJoinPool.java:1655) ~[?:?]
	at java.util.concurrent.ForkJoinPool.runWorker(ForkJoinPool.java:1622) ~[?:?]
	at java.util.concurrent.ForkJoinWorkerThread.run(ForkJoinWorkerThread.java:165) ~[?:?]
[27Sep2025 16:33:30.586] [modloading-worker-0/ERROR] [net.minecraftforge.fml.loading.RuntimeDistCleaner/DISTXFORM]: Attempted to load class com/obscuria/obscureapi/client/renderer/PatreonLayer for invalid dist DEDICATED_SERVER
[27Sep2025 16:33:30.640] [modloading-worker-0/INFO] [STDOUT/]: [com.tiviacz.travelersbackpack.TravelersBackpack:readOldCommonConfig:178]: curiosIntegration not found in the [common.backpackSettings] section.
[27Sep2025 16:33:30.941] [modloading-worker-0/INFO] [net.minecraftforge.common.ForgeMod/FORGEMOD]: Forge mod loading, version 47.3.7, for MC 1.20.1 with MCP 20230612.114412
[27Sep2025 16:33:30.942] [modloading-worker-0/INFO] [net.minecraftforge.common.MinecraftForge/FORGE]: MinecraftForge v47.3.7 Initialized
[27Sep2025 16:33:31.029] [modloading-worker-0/INFO] [Puzzles Lib/]: Constructing common components for hoppergadgetry:main
[27Sep2025 16:33:31.788] [modloading-worker-0/INFO] [dev.architectury.networking.forge.NetworkManagerImpl/]: Registering C2S receiver with id architectury:sync_ids
[27Sep2025 16:33:31.878] [modloading-worker-0/INFO] [KubeJS/]: Loaded common.properties
[27Sep2025 16:33:31.879] [modloading-worker-0/INFO] [KubeJS/]: Loaded dev.properties
[27Sep2025 16:33:31.890] [modloading-worker-0/INFO] [KubeJS/]: Looking for KubeJS plugins...
[27Sep2025 16:33:31.901] [modloading-worker-0/INFO] [KubeJS/]: Found plugin source kubejs
[27Sep2025 16:33:31.909] [modloading-worker-0/WARN] [KubeJS/]: Plugin dev.latvian.mods.kubejs.forge.BuiltinKubeJSForgeClientPlugin does not load on server side, skipping
[27Sep2025 16:33:31.910] [modloading-worker-0/WARN] [KubeJS/]: Plugin dev.latvian.mods.kubejs.integration.forge.gamestages.GameStagesIntegration does not have required mod gamestages loaded, skipping
[27Sep2025 16:33:31.912] [modloading-worker-0/INFO] [KubeJS/]: Found plugin source palladium
[27Sep2025 16:33:31.964] [modloading-worker-0/INFO] [KubeJS/]: Done in 70.69 ms
[27Sep2025 16:33:31.980] [modloading-worker-0/INFO] [Puzzles Lib/]: Constructing common components for puzzleslib:main
[27Sep2025 16:33:32.329] [modloading-worker-0/ERROR] [net.minecraft.server.packs.AbstractPackResources/]: Couldn't load pack metadata
com.google.gson.JsonSyntaxException: Missing pack_format, expected to find a Int
	at net.minecraft.util.GsonHelper.m_13927_(GsonHelper.java:277) ~[server-1.20.1-20230612.114412-srg.jar%23225!/:?]
	at net.minecraft.server.packs.metadata.pack.PackMetadataSectionSerializer.m_6322_(PackMetadataSectionSerializer.java:15) ~[server-1.20.1-20230612.114412-srg.jar%23225!/:?]
	at net.minecraft.server.packs.metadata.pack.PackMetadataSectionSerializer.m_6322_(PackMetadataSectionSerializer.java:9) ~[server-1.20.1-20230612.114412-srg.jar%23225!/:?]
	at net.minecraft.server.packs.AbstractPackResources.m_10214_(AbstractPackResources.java:52) ~[server-1.20.1-20230612.114412-srg.jar%23225!/:?]
	at net.minecraft.server.packs.AbstractPackResources.m_5550_(AbstractPackResources.java:33) ~[server-1.20.1-20230612.114412-srg.jar%23225!/:?]
	at net.minecraft.server.packs.repository.Pack.m_246334_(Pack.java:60) ~[server-1.20.1-20230612.114412-srg.jar%23225!/:?]
	at net.minecraft.server.packs.repository.Pack.m_245429_(Pack.java:35) ~[server-1.20.1-20230612.114412-srg.jar%23225!/:?]
	at net.threetag.palladium.addonpack.forge.AddonPackManagerImpl$ModPackSource.m_7686_(AddonPackManagerImpl.java:49) ~[palladium-4.2.8+1.20.1-forge.jar%23204!/:4.2.8+1.20.1]
	at net.minecraft.server.packs.repository.PackRepository.m_10526_(PackRepository.java:39) ~[server-1.20.1-20230612.114412-srg.jar%23225!/:?]
	at net.minecraft.server.packs.repository.PackRepository.m_10506_(PackRepository.java:31) ~[server-1.20.1-20230612.114412-srg.jar%23225!/:?]
	at dev.latvian.mods.kubejs.script.ScriptManager.handler$baa000$loadFromDirectory(ScriptManager.java:537) ~[kubejs-forge-2001.6.5-build.16.jar%23191!/:2001.6.5-build.16]
	at dev.latvian.mods.kubejs.script.ScriptManager.loadFromDirectory(ScriptManager.java:150) ~[kubejs-forge-2001.6.5-build.16.jar%23191!/:2001.6.5-build.16]
	at dev.latvian.mods.kubejs.script.ScriptManager.reload(ScriptManager.java:72) ~[kubejs-forge-2001.6.5-build.16.jar%23191!/:2001.6.5-build.16]
	at dev.latvian.mods.kubejs.KubeJS.<init>(KubeJS.java:137) ~[kubejs-forge-2001.6.5-build.16.jar%23191!/:2001.6.5-build.16]
	at dev.latvian.mods.kubejs.forge.KubeJSForge.<init>(KubeJSForge.java:51) ~[kubejs-forge-2001.6.5-build.16.jar%23191!/:2001.6.5-build.16]
	at jdk.internal.reflect.NativeConstructorAccessorImpl.newInstance0(Native Method) ~[?:?]
	at jdk.internal.reflect.NativeConstructorAccessorImpl.newInstance(NativeConstructorAccessorImpl.java:77) ~[?:?]
	at jdk.internal.reflect.DelegatingConstructorAccessorImpl.newInstance(DelegatingConstructorAccessorImpl.java:45) ~[?:?]
	at java.lang.reflect.Constructor.newInstanceWithCaller(Constructor.java:500) ~[?:?]
	at java.lang.reflect.Constructor.newInstance(Constructor.java:481) ~[?:?]
	at net.minecraftforge.fml.javafmlmod.FMLModContainer.constructMod(FMLModContainer.java:70) ~[javafmllanguage-1.20.1-47.3.7.jar%23227!/:?]
	at net.minecraftforge.fml.ModContainer.lambda$buildTransitionHandler$4(ModContainer.java:124) ~[fmlcore-1.20.1-47.3.7.jar%23226!/:?]
	at java.util.concurrent.CompletableFuture$AsyncRun.run(CompletableFuture.java:1804) ~[?:?]
	at java.util.concurrent.CompletableFuture$AsyncRun.exec(CompletableFuture.java:1796) ~[?:?]
	at java.util.concurrent.ForkJoinTask.doExec(ForkJoinTask.java:373) ~[?:?]
	at java.util.concurrent.ForkJoinPool$WorkQueue.topLevelExec(ForkJoinPool.java:1182) ~[?:?]
	at java.util.concurrent.ForkJoinPool.scan(ForkJoinPool.java:1655) ~[?:?]
	at java.util.concurrent.ForkJoinPool.runWorker(ForkJoinPool.java:1622) ~[?:?]
	at java.util.concurrent.ForkJoinWorkerThread.run(ForkJoinWorkerThread.java:165) ~[?:?]
[27Sep2025 16:33:32.331] [modloading-worker-0/WARN] [net.minecraft.server.packs.repository.Pack/]: Missing metadata in pack mod:minecraft
[27Sep2025 16:33:32.395] [modloading-worker-0/INFO] [Rhino Script Remapper/]: Loading Rhino Minecraft remapper...
[27Sep2025 16:33:32.399] [modloading-worker-0/INFO] [dev.latvian.mods.rhino.mod.util.RhinoProperties/]: Rhino properties loaded.
[27Sep2025 16:33:32.407] [modloading-worker-0/INFO] [Rhino Script Remapper/]: Loading mappings for 1.20.1
[27Sep2025 16:33:32.548] [modloading-worker-0/INFO] [Rhino Script Remapper/]: Done in 0.149 s
[27Sep2025 16:33:32.814] [modloading-worker-0/INFO] [KubeJS Startup/]: example.js#5: Hello, World! (Loaded startup scripts)
[27Sep2025 16:33:32.816] [modloading-worker-0/INFO] [KubeJS Startup/]: Loaded script startup_scripts:example.js in 0.032 s
[27Sep2025 16:33:32.823] [modloading-worker-0/INFO] [KubeJS Startup/]: Loaded script addonpack_alienevo:kubejs_scripts/wall_run_up.js in 0.006 s
[27Sep2025 16:33:32.824] [modloading-worker-0/INFO] [KubeJS Startup/]: Loaded script addonpack_alienevo:kubejs_scripts/wall_run_down.js in 0.0 s
[27Sep2025 16:33:32.832] [modloading-worker-0/INFO] [KubeJS Startup/]: addonpack_alienevo:kubejs_scripts/wall_run.js#1: Loaded Java class 'net.minecraft.world.level.ClipContext'
[27Sep2025 16:33:32.835] [modloading-worker-0/INFO] [KubeJS Startup/]: addonpack_alienevo:kubejs_scripts/wall_run.js#51: Loaded Java class 'net.minecraft.network.protocol.game.ClientboundSetEntityMotionPacket'
[27Sep2025 16:33:32.836] [modloading-worker-0/INFO] [KubeJS Startup/]: Loaded script addonpack_alienevo:kubejs_scripts/wall_run.js in 0.012 s
[27Sep2025 16:33:32.841] [modloading-worker-0/INFO] [KubeJS Startup/]: Loaded script addonpack_alienevo:kubejs_scripts/wall_climb_small.js in 0.005 s
[27Sep2025 16:33:32.842] [modloading-worker-0/INFO] [KubeJS Startup/]: Loaded script addonpack_alienevo:kubejs_scripts/wall_climb_move_condition.js in 0.001 s
[27Sep2025 16:33:32.843] [modloading-worker-0/INFO] [KubeJS Startup/]: Loaded script addonpack_alienevo:kubejs_scripts/wall_climb_condition.js in 0.001 s
[27Sep2025 16:33:32.847] [modloading-worker-0/INFO] [KubeJS Startup/]: Loaded script addonpack_alienevo:kubejs_scripts/wall_climb.js in 0.004 s
[27Sep2025 16:33:32.862] [modloading-worker-0/INFO] [KubeJS Startup/]: Loaded script addonpack_alienevo:kubejs_scripts/transform.js in 0.015 s
[27Sep2025 16:33:32.865] [modloading-worker-0/INFO] [KubeJS Startup/]: Loaded script addonpack_alienevo:kubejs_scripts/store_armor.js in 0.003 s
[27Sep2025 16:33:32.868] [modloading-worker-0/INFO] [KubeJS Startup/]: Loaded script addonpack_alienevo:kubejs_scripts/stat_ability.js in 0.002 s
[27Sep2025 16:33:32.876] [modloading-worker-0/INFO] [KubeJS Startup/]: Loaded script addonpack_alienevo:kubejs_scripts/spawn_particles_block.js in 0.008 s
[27Sep2025 16:33:32.877] [modloading-worker-0/INFO] [KubeJS Startup/]: Loaded script addonpack_alienevo:kubejs_scripts/sounds.js in 0.001 s
[27Sep2025 16:33:32.893] [modloading-worker-0/INFO] [KubeJS Startup/]: Loaded script addonpack_alienevo:kubejs_scripts/slot_transform.js in 0.015 s
[27Sep2025 16:33:32.895] [modloading-worker-0/INFO] [KubeJS Startup/]: Loaded script addonpack_alienevo:kubejs_scripts/screen_shake.js in 0.002 s
[27Sep2025 16:33:32.955] [modloading-worker-0/INFO] [KubeJS Startup/]: addonpack_alienevo:kubejs_scripts/rolling_mechanics.js#117: Loaded Java class 'net.minecraft.world.entity.LivingEntity'
[27Sep2025 16:33:32.955] [modloading-worker-0/INFO] [KubeJS Startup/]: Loaded script addonpack_alienevo:kubejs_scripts/rolling_mechanics.js in 0.06 s
[27Sep2025 16:33:32.957] [modloading-worker-0/INFO] [KubeJS Startup/]: Loaded script addonpack_alienevo:kubejs_scripts/recharge.js in 0.002 s
[27Sep2025 16:33:32.957] [modloading-worker-0/INFO] [KubeJS Startup/]: Loaded script addonpack_alienevo:kubejs_scripts/quick_change_wheel_condition.js in 0.0 s
[27Sep2025 16:33:32.959] [modloading-worker-0/INFO] [KubeJS Startup/]: Loaded script addonpack_alienevo:kubejs_scripts/quick_change.js in 0.0 s
[27Sep2025 16:33:32.959] [modloading-worker-0/INFO] [KubeJS Startup/]: Loaded script addonpack_alienevo:kubejs_scripts/pyro_surf.js in 0.0 s
[27Sep2025 16:33:32.962] [modloading-worker-0/INFO] [KubeJS Startup/]: addonpack_alienevo:kubejs_scripts/projectile.js#2: Loaded Java class 'net.minecraft.world.phys.Vec3'
[27Sep2025 16:33:32.963] [modloading-worker-0/INFO] [KubeJS Startup/]: Loaded script addonpack_alienevo:kubejs_scripts/projectile.js in 0.003 s
[27Sep2025 16:33:32.966] [modloading-worker-0/INFO] [KubeJS Startup/]: Loaded script addonpack_alienevo:kubejs_scripts/predator_vision.js in 0.003 s
[27Sep2025 16:33:32.967] [modloading-worker-0/INFO] [KubeJS Startup/]: Loaded script addonpack_alienevo:kubejs_scripts/playlist_cycle.js in 0.001 s
[27Sep2025 16:33:32.972] [modloading-worker-0/INFO] [KubeJS Startup/]: Loaded script addonpack_alienevo:kubejs_scripts/ore_detect.js in 0.004 s
[27Sep2025 16:33:32.979] [modloading-worker-0/INFO] [KubeJS Startup/]: Loaded script addonpack_alienevo:kubejs_scripts/omnitrix_timer.js in 0.007 s
[27Sep2025 16:33:32.981] [modloading-worker-0/INFO] [KubeJS Startup/]: Loaded script addonpack_alienevo:kubejs_scripts/omnitrix_cycle_animation.js in 0.002 s
[27Sep2025 16:33:32.987] [modloading-worker-0/INFO] [KubeJS Startup/]: Loaded script addonpack_alienevo:kubejs_scripts/omnitrix_cycle.js in 0.005 s
[27Sep2025 16:33:32.988] [modloading-worker-0/INFO] [KubeJS Startup/]: Loaded script addonpack_alienevo:kubejs_scripts/omni_properties.js in 0.001 s
[27Sep2025 16:33:32.989] [modloading-worker-0/INFO] [KubeJS Startup/]: Loaded script addonpack_alienevo:kubejs_scripts/motion_water.js in 0.0 s
[27Sep2025 16:33:32.995] [modloading-worker-0/INFO] [KubeJS Startup/]: Loaded script addonpack_alienevo:kubejs_scripts/motion_to_entity.js in 0.006 s
[27Sep2025 16:33:32.996] [modloading-worker-0/INFO] [KubeJS Startup/]: Loaded script addonpack_alienevo:kubejs_scripts/motion_dash.js in 0.001 s
[27Sep2025 16:33:32.997] [modloading-worker-0/INFO] [KubeJS Startup/]: Loaded script addonpack_alienevo:kubejs_scripts/motion.js in 0.001 s
[27Sep2025 16:33:32.999] [modloading-worker-0/INFO] [KubeJS Startup/]: Loaded script addonpack_alienevo:kubejs_scripts/items.js in 0.002 s
[27Sep2025 16:33:33.000] [modloading-worker-0/INFO] [KubeJS Startup/]: Loaded script addonpack_alienevo:kubejs_scripts/is_alien.js in 0.0 s
[27Sep2025 16:33:33.001] [modloading-worker-0/INFO] [KubeJS Startup/]: Loaded script addonpack_alienevo:kubejs_scripts/invulnerable.js in 0.0 s
[27Sep2025 16:33:33.003] [modloading-worker-0/INFO] [KubeJS Startup/]: Loaded script addonpack_alienevo:kubejs_scripts/infinity.js in 0.002 s
[27Sep2025 16:33:33.005] [modloading-worker-0/INFO] [KubeJS Startup/]: Loaded script addonpack_alienevo:kubejs_scripts/ice_layer.js in 0.002 s
[27Sep2025 16:33:33.006] [modloading-worker-0/INFO] [KubeJS Startup/]: Loaded script addonpack_alienevo:kubejs_scripts/hunger_fix.js in 0.001 s
[27Sep2025 16:33:33.010] [modloading-worker-0/INFO] [KubeJS Startup/]: Loaded script addonpack_alienevo:kubejs_scripts/ground_slam.js in 0.004 s
[27Sep2025 16:33:33.013] [modloading-worker-0/INFO] [KubeJS Startup/]: Loaded script addonpack_alienevo:kubejs_scripts/grapple.js in 0.003 s
[27Sep2025 16:33:33.016] [modloading-worker-0/INFO] [KubeJS Startup/]: Loaded script addonpack_alienevo:kubejs_scripts/goo_fire.js in 0.003 s
[27Sep2025 16:33:33.018] [modloading-worker-0/INFO] [KubeJS Startup/]: Loaded script addonpack_alienevo:kubejs_scripts/glow_crystals.js in 0.002 s
[27Sep2025 16:33:33.020] [modloading-worker-0/INFO] [KubeJS Startup/]: Loaded script addonpack_alienevo:kubejs_scripts/glide.js in 0.002 s
[27Sep2025 16:33:33.022] [modloading-worker-0/INFO] [KubeJS Startup/]: Loaded script addonpack_alienevo:kubejs_scripts/galvan_blueprints.js in 0.002 s
[27Sep2025 16:33:33.022] [modloading-worker-0/INFO] [KubeJS Startup/]: Loaded script addonpack_alienevo:kubejs_scripts/freeze_immunity.js in 0.0 s
[27Sep2025 16:33:33.023] [modloading-worker-0/INFO] [KubeJS Startup/]: addonpack_alienevo:kubejs_scripts/flatten.js#1: Loaded Java class 'virtuoel.pehkui.api.ScaleTypes'
[27Sep2025 16:33:33.024] [modloading-worker-0/INFO] [KubeJS Startup/]: Loaded script addonpack_alienevo:kubejs_scripts/flatten.js in 0.002 s
[27Sep2025 16:33:33.024] [modloading-worker-0/INFO] [KubeJS Startup/]: Loaded script addonpack_alienevo:kubejs_scripts/fire_immunity.js in 0.0 s
[27Sep2025 16:33:33.030] [modloading-worker-0/INFO] [KubeJS Startup/]: Loaded script addonpack_alienevo:kubejs_scripts/fire_absorb.js in 0.005 s
[27Sep2025 16:33:33.030] [modloading-worker-0/INFO] [KubeJS Startup/]: Loaded script addonpack_alienevo:kubejs_scripts/explosion.js in 0.0 s
[27Sep2025 16:33:33.032] [modloading-worker-0/INFO] [KubeJS Startup/]: Loaded script addonpack_alienevo:kubejs_scripts/entity_damage.js in 0.001 s
[27Sep2025 16:33:33.034] [modloading-worker-0/INFO] [KubeJS Startup/]: Loaded script addonpack_alienevo:kubejs_scripts/draganoid.js in 0.002 s
[27Sep2025 16:33:33.036] [modloading-worker-0/INFO] [KubeJS Startup/]: Loaded script addonpack_alienevo:kubejs_scripts/directional_damage.js in 0.002 s
[27Sep2025 16:33:33.042] [modloading-worker-0/INFO] [KubeJS Startup/]: Loaded script addonpack_alienevo:kubejs_scripts/diamond_creation.js in 0.006 s
[27Sep2025 16:33:33.043] [modloading-worker-0/INFO] [KubeJS Startup/]: Loaded script addonpack_alienevo:kubejs_scripts/detransform.js in 0.001 s
[27Sep2025 16:33:33.053] [modloading-worker-0/INFO] [KubeJS Startup/]: Loaded script addonpack_alienevo:kubejs_scripts/decouple.js in 0.009 s
[27Sep2025 16:33:33.054] [modloading-worker-0/INFO] [KubeJS Startup/]: Loaded script addonpack_alienevo:kubejs_scripts/damage_effect.js in 0.001 s
[27Sep2025 16:33:33.055] [modloading-worker-0/INFO] [KubeJS Startup/]: Loaded script addonpack_alienevo:kubejs_scripts/cycle_sounds.js in 0.001 s
[27Sep2025 16:33:33.056] [modloading-worker-0/INFO] [KubeJS Startup/]: Loaded script addonpack_alienevo:kubejs_scripts/current_alien_nickname_condition.js in 0.001 s
[27Sep2025 16:33:33.063] [modloading-worker-0/INFO] [KubeJS Startup/]: Loaded script addonpack_alienevo:kubejs_scripts/crystal_pillar.js in 0.007 s
[27Sep2025 16:33:33.069] [modloading-worker-0/INFO] [KubeJS Startup/]: Loaded script addonpack_alienevo:kubejs_scripts/core_removal.js in 0.006 s
[27Sep2025 16:33:33.071] [modloading-worker-0/INFO] [KubeJS Startup/]: Loaded script addonpack_alienevo:kubejs_scripts/color_modules.js in 0.002 s
[27Sep2025 16:33:33.074] [modloading-worker-0/INFO] [KubeJS Startup/]: Loaded script addonpack_alienevo:kubejs_scripts/codes.js in 0.003 s
[27Sep2025 16:33:33.075] [modloading-worker-0/INFO] [KubeJS Startup/]: Loaded script addonpack_alienevo:kubejs_scripts/charge_leap.js in 0.0 s
[27Sep2025 16:33:33.077] [modloading-worker-0/INFO] [KubeJS Startup/]: Loaded script addonpack_alienevo:kubejs_scripts/bounce.js in 0.002 s
[27Sep2025 16:33:33.084] [modloading-worker-0/INFO] [KubeJS Startup/]: addonpack_alienevo:kubejs_scripts/blocks.js#1: Loaded Java class 'net.minecraft.nbt.CompoundTag'
[27Sep2025 16:33:33.084] [modloading-worker-0/INFO] [KubeJS Startup/]: Loaded script addonpack_alienevo:kubejs_scripts/blocks.js in 0.007 s
[27Sep2025 16:33:33.085] [modloading-worker-0/INFO] [KubeJS Startup/]: Loaded script addonpack_alienevo:kubejs_scripts/block_wave.js in 0.001 s
[27Sep2025 16:33:33.086] [modloading-worker-0/INFO] [KubeJS Startup/]: Loaded script addonpack_alienevo:kubejs_scripts/behind.js in 0.001 s
[27Sep2025 16:33:33.089] [modloading-worker-0/INFO] [KubeJS Startup/]: Loaded script addonpack_alienevo:kubejs_scripts/astro_powers.js in 0.003 s
[27Sep2025 16:33:33.090] [modloading-worker-0/INFO] [KubeJS Startup/]: Loaded script addonpack_alienevo:kubejs_scripts/alienevo_watch_condition.js in 0.001 s
[27Sep2025 16:33:33.090] [modloading-worker-0/INFO] [KubeJS Startup/]: Loaded script addonpack_alienevo:kubejs_scripts/alienevo_color_condition.js in 0.0 s
[27Sep2025 16:33:33.095] [modloading-worker-0/INFO] [KubeJS Startup/]: addonpack_alienevo:kubejs_scripts/alien_codex.js#1: Loaded Java class 'net.minecraft.network.chat.Component'
[27Sep2025 16:33:33.098] [modloading-worker-0/INFO] [KubeJS Startup/]: Loaded script addonpack_alienevo:kubejs_scripts/alien_codex.js in 0.008 s
[27Sep2025 16:33:33.099] [modloading-worker-0/INFO] [KubeJS Startup/]: Loaded script addonpack_afomni:kubejs_scripts/new_ice_block.js in 0.001 s
[27Sep2025 16:33:33.099] [modloading-worker-0/INFO] [KubeJS Startup/]: Loaded script addonpack_afomni:kubejs_scripts/leap_vax.js in 0.0 s
[27Sep2025 16:33:33.100] [modloading-worker-0/INFO] [KubeJS Startup/]: Loaded script addonpack_afomni:kubejs_scripts/is_mainhand.js in 0.0 s
[27Sep2025 16:33:33.100] [modloading-worker-0/INFO] [KubeJS Startup/]: Loaded script addonpack_afomni:kubejs_scripts/freezing_effect.js in 0.0 s
[27Sep2025 16:33:33.101] [modloading-worker-0/INFO] [KubeJS Startup/]: Loaded script addonpack_afomni:kubejs_scripts/chroma_leap.js in 0.001 s
[27Sep2025 16:33:33.101] [modloading-worker-0/INFO] [KubeJS Startup/]: Loaded script addonpack_afomni:kubejs_scripts/aoe_damage.js in 0.0 s
[27Sep2025 16:33:33.102] [modloading-worker-0/INFO] [KubeJS Startup/]: Loaded script addonpack_mypowers:kubejs_scripts/teleport.js in 0.0 s
[27Sep2025 16:33:33.102] [modloading-worker-0/INFO] [KubeJS Startup/]: Loaded script addonpack_mypowers:kubejs_scripts/telekinesis.js in 0.0 s
[27Sep2025 16:33:33.103] [modloading-worker-0/INFO] [KubeJS Startup/]: Loaded script addonpack_mypowers:kubejs_scripts/nullvoid_soil.js in 0.0 s
[27Sep2025 16:33:33.103] [modloading-worker-0/INFO] [KubeJS Startup/]: Loaded script addonpack_mypowers:kubejs_scripts/alien_codex.js in 0.0 s
[27Sep2025 16:33:33.112] [modloading-worker-0/INFO] [KubeJS Startup/]: addonpack_grave.core:kubejs_scripts/telekinesis.js#3: Loaded Java class 'net.minecraft.world.entity.projectile.ProjectileUtil'
[27Sep2025 16:33:33.112] [modloading-worker-0/INFO] [KubeJS Startup/]: addonpack_grave.core:kubejs_scripts/telekinesis.js#4: Loaded Java class 'net.minecraft.core.registries.Registries'
[27Sep2025 16:33:33.113] [modloading-worker-0/INFO] [KubeJS Startup/]: addonpack_grave.core:kubejs_scripts/telekinesis.js#5: Loaded Java class 'net.minecraft.tags.TagKey'
[27Sep2025 16:33:33.113] [modloading-worker-0/INFO] [KubeJS Startup/]: Loaded script addonpack_grave.core:kubejs_scripts/telekinesis.js in 0.01 s
[27Sep2025 16:33:33.114] [modloading-worker-0/INFO] [KubeJS Startup/]: Loaded script addonpack_grave.core:kubejs_scripts/store_armour.js in 0.001 s
[27Sep2025 16:33:33.115] [modloading-worker-0/INFO] [KubeJS Startup/]: Loaded script addonpack_grave.core:kubejs_scripts/stone_index.js in 0.001 s
[27Sep2025 16:33:33.116] [modloading-worker-0/INFO] [KubeJS Startup/]: Loaded script addonpack_grave.core:kubejs_scripts/stone_detection.js in 0.001 s
[27Sep2025 16:33:33.116] [modloading-worker-0/INFO] [KubeJS Startup/]: Loaded script addonpack_grave.core:kubejs_scripts/sonic_deafening.js in 0.0 s
[27Sep2025 16:33:33.117] [modloading-worker-0/INFO] [KubeJS Startup/]: Loaded script addonpack_grave.core:kubejs_scripts/shock_effect.js in 0.0 s
[27Sep2025 16:33:33.117] [modloading-worker-0/INFO] [KubeJS Startup/]: Loaded script addonpack_grave.core:kubejs_scripts/power_selected.js in 0.0 s
[27Sep2025 16:33:33.118] [modloading-worker-0/INFO] [KubeJS Startup/]: Loaded script addonpack_grave.core:kubejs_scripts/persistent_data_condition.js in 0.001 s
[27Sep2025 16:33:33.118] [modloading-worker-0/INFO] [KubeJS Startup/]: Loaded script addonpack_grave.core:kubejs_scripts/null_persistent_data_condition.js in 0.0 s
[27Sep2025 16:33:33.119] [modloading-worker-0/INFO] [KubeJS Startup/]: Loaded script addonpack_grave.core:kubejs_scripts/month_condition.js in 0.0 s
[27Sep2025 16:33:33.120] [modloading-worker-0/INFO] [KubeJS Startup/]: Loaded script addonpack_grave.core:kubejs_scripts/knockback.js in 0.001 s
[27Sep2025 16:33:33.121] [modloading-worker-0/INFO] [KubeJS Startup/]: Loaded script addonpack_grave.core:kubejs_scripts/key_condition.js in 0.001 s
[27Sep2025 16:33:33.124] [modloading-worker-0/INFO] [KubeJS Startup/]: Loaded script addonpack_grave.core:kubejs_scripts/items.js in 0.002 s
[27Sep2025 16:33:33.124] [modloading-worker-0/INFO] [KubeJS Startup/]: addonpack_grave.core:kubejs_scripts/get_energy_condition.js#2: Loaded Java class 'net.threetag.palladium.compat.curiostinkets.CuriosTrinketsUtil'
[27Sep2025 16:33:33.125] [modloading-worker-0/INFO] [KubeJS Startup/]: addonpack_grave.core:kubejs_scripts/get_energy_condition.js#3: Loaded Java class 'net.threetag.palladium.energy.EnergyHelper'
[27Sep2025 16:33:33.126] [modloading-worker-0/INFO] [KubeJS Startup/]: Loaded script addonpack_grave.core:kubejs_scripts/get_energy_condition.js in 0.002 s
[27Sep2025 16:33:33.126] [modloading-worker-0/INFO] [KubeJS Startup/]: Loaded script addonpack_grave.core:kubejs_scripts/freeze_effect.js in 0.0 s
[27Sep2025 16:33:33.128] [modloading-worker-0/INFO] [KubeJS Startup/]: addonpack_grave.core:kubejs_scripts/effect_condition.js#6: Loaded Java class 'net.minecraft.core.registries.BuiltInRegistries'
[27Sep2025 16:33:33.128] [modloading-worker-0/INFO] [KubeJS Startup/]: Loaded script addonpack_grave.core:kubejs_scripts/effect_condition.js in 0.002 s
[27Sep2025 16:33:33.130] [modloading-worker-0/INFO] [KubeJS Startup/]: addonpack_grave.core:kubejs_scripts/dynamic_pehkui_scale.js#1: Loaded Java class 'net.threetag.palladium.util.SizeUtil'
[27Sep2025 16:33:33.130] [modloading-worker-0/INFO] [KubeJS Startup/]: Loaded script addonpack_grave.core:kubejs_scripts/dynamic_pehkui_scale.js in 0.002 s
[27Sep2025 16:33:33.131] [modloading-worker-0/INFO] [KubeJS Startup/]: Loaded script addonpack_grave.core:kubejs_scripts/drain_per_tick.js in 0.001 s
[27Sep2025 16:33:33.131] [modloading-worker-0/INFO] [KubeJS Startup/]: Loaded script addonpack_grave.core:kubejs_scripts/drain_accessory_energy.js in 0.0 s
[27Sep2025 16:33:33.132] [modloading-worker-0/INFO] [KubeJS Startup/]: Loaded script addonpack_grave.core:kubejs_scripts/does_accessory_have_energy.js in 0.001 s
[27Sep2025 16:33:33.133] [modloading-worker-0/INFO] [KubeJS Startup/]: Loaded script addonpack_grave.core:kubejs_scripts/does_accessory_exist.js in 0.001 s
[27Sep2025 16:33:33.133] [modloading-worker-0/INFO] [KubeJS Startup/]: Loaded script addonpack_grave.core:kubejs_scripts/depricated_conditions/uuid_condition.js in 0.0 s
[27Sep2025 16:33:33.134] [modloading-worker-0/INFO] [KubeJS Startup/]: Loaded script addonpack_grave.core:kubejs_scripts/depricated_conditions/main_hand_condition.js in 0.001 s
[27Sep2025 16:33:33.134] [modloading-worker-0/INFO] [KubeJS Startup/]: Loaded script addonpack_grave.core:kubejs_scripts/depricated_abilities/snazzier_attribute_ability.js in 0.0 s
[27Sep2025 16:33:33.135] [modloading-worker-0/INFO] [KubeJS Startup/]: Loaded script addonpack_grave.core:kubejs_scripts/depricated_abilities/setppbyscore.js in 0.0 s
[27Sep2025 16:33:33.136] [modloading-worker-0/INFO] [KubeJS Startup/]: Loaded script addonpack_grave.core:kubejs_scripts/depricated_abilities/projectile_script.js in 0.001 s
[27Sep2025 16:33:33.137] [modloading-worker-0/INFO] [KubeJS Startup/]: Loaded script addonpack_grave.core:kubejs_scripts/depricated_abilities/no_burn.js in 0.001 s
[27Sep2025 16:33:33.137] [modloading-worker-0/INFO] [KubeJS Startup/]: Loaded script addonpack_grave.core:kubejs_scripts/depricated_abilities/movement.js in 0.0 s
[27Sep2025 16:33:33.138] [modloading-worker-0/INFO] [KubeJS Startup/]: Loaded script addonpack_grave.core:kubejs_scripts/depricated_abilities/explosion.js in 0.001 s
[27Sep2025 16:33:33.139] [modloading-worker-0/INFO] [KubeJS Startup/]: Loaded script addonpack_grave.core:kubejs_scripts/depricated_abilities/charged_knockback.js in 0.001 s
[27Sep2025 16:33:33.140] [modloading-worker-0/INFO] [KubeJS Startup/]: Loaded script addonpack_grave.core:kubejs_scripts/depricated_abilities/aoe_knockback.js in 0.001 s
[27Sep2025 16:33:33.141] [modloading-worker-0/INFO] [KubeJS Startup/]: Loaded script addonpack_grave.core:kubejs_scripts/depricated_abilities/aoe_damage.js in 0.0 s
[27Sep2025 16:33:33.142] [modloading-worker-0/INFO] [KubeJS Startup/]: Loaded script addonpack_grave.core:kubejs_scripts/date_condition.js in 0.001 s
[27Sep2025 16:33:33.142] [modloading-worker-0/INFO] [KubeJS Startup/]: Loaded script addonpack_grave.core:kubejs_scripts/compare_accessory_energy.js in 0.0 s
[27Sep2025 16:33:33.143] [modloading-worker-0/INFO] [KubeJS Startup/]: Loaded script addonpack_grave.core:kubejs_scripts/camera.js in 0.0 s
[27Sep2025 16:33:33.143] [modloading-worker-0/INFO] [KubeJS Startup/]: Loaded script addonpack_grave.core:kubejs_scripts/burning_effect.js in 0.0 s
[27Sep2025 16:33:33.145] [modloading-worker-0/INFO] [KubeJS Startup/]: Loaded script addonpack_grave.core:kubejs_scripts/blocks.js in 0.002 s
[27Sep2025 16:33:33.150] [modloading-worker-0/INFO] [KubeJS Startup/]: Loaded 118/118 KubeJS startup scripts in 0.597 s with 0 errors and 0 warnings
[27Sep2025 16:33:33.202] [modloading-worker-0/ERROR] [net.minecraftforge.fml.loading.RuntimeDistCleaner/DISTXFORM]: Attempted to load class net/minecraft/client/Minecraft for invalid dist DEDICATED_SERVER
[27Sep2025 16:33:33.203] [modloading-worker-0/INFO] [STDERR/]: [dev.latvian.mods.rhino.JavaMembers:getDeclaredMethodsSafe:836]: [Rhino] Failed to get declared methods for net.threetag.palladium.util.icon.ItemIcon: java.lang.RuntimeException: Attempted to load class net/minecraft/client/Minecraft for invalid dist DEDICATED_SERVER
[27Sep2025 16:33:33.211] [modloading-worker-0/ERROR] [net.threetag.palladium.Palladium/]: Failed to register ability property "%s", type "%s" is not supported
[27Sep2025 16:33:33.213] [modloading-worker-0/ERROR] [net.threetag.palladium.Palladium/]: Failed to register ability property "%s", type "%s" is not supported
[27Sep2025 16:33:33.213] [modloading-worker-0/ERROR] [net.threetag.palladium.Palladium/]: Failed to register ability property "%s", type "%s" is not supported
[27Sep2025 16:33:33.220] [modloading-worker-0/INFO] [KubeJS Startup/]: addonpack_alienevo:kubejs_scripts/motion_to_entity.js#6: Loaded Java class 'net.minecraft.world.phys.HitResult'
[27Sep2025 16:33:33.226] [modloading-worker-0/INFO] [KubeJS Startup/]: addonpack_alienevo:kubejs_scripts/motion_to_entity.js#7: Loaded Java class 'net.minecraft.world.entity.decoration.ArmorStand'
[27Sep2025 16:33:33.230] [modloading-worker-0/INFO] [KubeJS Startup/]: addonpack_alienevo:kubejs_scripts/motion_to_entity.js#8: Loaded Java class 'net.minecraft.world.entity.boss.enderdragon.EndCrystal'
[27Sep2025 16:33:33.237] [modloading-worker-0/ERROR] [net.threetag.palladium.Palladium/]: Failed to register ability property "%s", type "%s" is not supported
[27Sep2025 16:33:33.285] [modloading-worker-0/INFO] [dev.architectury.networking.forge.NetworkManagerImpl/]: Registering C2S receiver with id kubejs:send_data_from_client
[27Sep2025 16:33:33.288] [modloading-worker-0/INFO] [dev.architectury.networking.forge.NetworkManagerImpl/]: Registering C2S receiver with id kubejs:first_click
[27Sep2025 16:33:33.318] [main/INFO] [net.threetag.palladium.Palladium/]: Starting addonpack initialisation...
[27Sep2025 16:33:33.323] [main/ERROR] [net.minecraft.server.packs.AbstractPackResources/]: Couldn't load pack metadata
com.google.gson.JsonSyntaxException: Missing pack_format, expected to find a Int
	at net.minecraft.util.GsonHelper.m_13927_(GsonHelper.java:277) ~[server-1.20.1-20230612.114412-srg.jar%23225!/:?]
	at net.minecraft.server.packs.metadata.pack.PackMetadataSectionSerializer.m_6322_(PackMetadataSectionSerializer.java:15) ~[server-1.20.1-20230612.114412-srg.jar%23225!/:?]
	at net.minecraft.server.packs.metadata.pack.PackMetadataSectionSerializer.m_6322_(PackMetadataSectionSerializer.java:9) ~[server-1.20.1-20230612.114412-srg.jar%23225!/:?]
	at net.minecraft.server.packs.AbstractPackResources.m_10214_(AbstractPackResources.java:52) ~[server-1.20.1-20230612.114412-srg.jar%23225!/:?]
	at net.minecraft.server.packs.AbstractPackResources.m_5550_(AbstractPackResources.java:33) ~[server-1.20.1-20230612.114412-srg.jar%23225!/:?]
	at net.minecraft.server.packs.repository.Pack.m_246334_(Pack.java:60) ~[server-1.20.1-20230612.114412-srg.jar%23225!/:?]
	at net.minecraft.server.packs.repository.Pack.m_245429_(Pack.java:35) ~[server-1.20.1-20230612.114412-srg.jar%23225!/:?]
	at net.threetag.palladium.addonpack.forge.AddonPackManagerImpl$ModPackSource.m_7686_(AddonPackManagerImpl.java:49) ~[palladium-4.2.8+1.20.1-forge.jar%23204!/:4.2.8+1.20.1]
	at net.minecraft.server.packs.repository.PackRepository.m_10526_(PackRepository.java:39) ~[server-1.20.1-20230612.114412-srg.jar%23225!/:?]
	at net.minecraft.server.packs.repository.PackRepository.m_10506_(PackRepository.java:31) ~[server-1.20.1-20230612.114412-srg.jar%23225!/:?]
	at net.threetag.palladium.addonpack.AddonPackManager.beginLoading(AddonPackManager.java:136) ~[palladium-4.2.8+1.20.1-forge.jar%23204!/:4.2.8+1.20.1]
	at net.threetag.palladium.addonpack.AddonPackManager.startLoading(AddonPackManager.java:54) ~[palladium-4.2.8+1.20.1-forge.jar%23204!/:4.2.8+1.20.1]
	at java.util.concurrent.CompletableFuture$AsyncRun.run(CompletableFuture.java:1804) ~[?:?]
	at net.minecraftforge.fml.DeferredWorkQueue.lambda$makeRunnable$2(DeferredWorkQueue.java:81) ~[fmlcore-1.20.1-47.3.7.jar%23226!/:?]
	at net.minecraftforge.fml.DeferredWorkQueue.makeRunnable(DeferredWorkQueue.java:76) ~[fmlcore-1.20.1-47.3.7.jar%23226!/:?]
	at net.minecraftforge.fml.DeferredWorkQueue.lambda$runTasks$0(DeferredWorkQueue.java:60) ~[fmlcore-1.20.1-47.3.7.jar%23226!/:?]
	at java.util.concurrent.ConcurrentLinkedDeque.forEach(ConcurrentLinkedDeque.java:1650) ~[?:?]
	at net.minecraftforge.fml.DeferredWorkQueue.runTasks(DeferredWorkQueue.java:60) ~[fmlcore-1.20.1-47.3.7.jar%23226!/:?]
	at net.minecraftforge.fml.core.ParallelTransition.lambda$finalActivityGenerator$2(ParallelTransition.java:35) ~[forge-1.20.1-47.3.7-universal.jar%23230!/:?]
	at java.util.concurrent.CompletableFuture$UniApply.tryFire(CompletableFuture.java:646) ~[?:?]
	at java.util.concurrent.CompletableFuture$Completion.run(CompletableFuture.java:482) ~[?:?]
	at net.minecraftforge.fml.ModWorkManager$SyncExecutor.driveOne(ModWorkManager.java:43) ~[fmlcore-1.20.1-47.3.7.jar%23226!/:?]
	at net.minecraftforge.fml.ModWorkManager$DrivenExecutor.drive(ModWorkManager.java:28) ~[fmlcore-1.20.1-47.3.7.jar%23226!/:?]
	at net.minecraftforge.fml.ModLoader.waitForTransition(ModLoader.java:224) ~[fmlcore-1.20.1-47.3.7.jar%23226!/:?]
	at net.minecraftforge.fml.ModLoader.lambda$dispatchAndHandleError$20(ModLoader.java:210) ~[fmlcore-1.20.1-47.3.7.jar%23226!/:?]
	at java.util.Optional.ifPresent(Optional.java:178) ~[?:?]
	at net.minecraftforge.fml.ModLoader.dispatchAndHandleError(ModLoader.java:210) ~[fmlcore-1.20.1-47.3.7.jar%23226!/:?]
	at net.minecraftforge.fml.ModLoader.lambda$gatherAndInitializeMods$13(ModLoader.java:183) ~[fmlcore-1.20.1-47.3.7.jar%23226!/:?]
	at java.lang.Iterable.forEach(Iterable.java:75) ~[?:?]
	at net.minecraftforge.fml.ModLoader.gatherAndInitializeMods(ModLoader.java:183) ~[fmlcore-1.20.1-47.3.7.jar%23226!/:?]
	at net.minecraftforge.server.loading.ServerModLoader.load(ServerModLoader.java:30) ~[forge-1.20.1-47.3.7-universal.jar%23230!/:?]
	at net.minecraft.server.Main.main(Main.java:125) ~[server-1.20.1-20230612.114412-srg.jar%23225!/:?]
	at jdk.internal.reflect.NativeMethodAccessorImpl.invoke0(Native Method) ~[?:?]
	at jdk.internal.reflect.NativeMethodAccessorImpl.invoke(NativeMethodAccessorImpl.java:77) ~[?:?]
	at jdk.internal.reflect.DelegatingMethodAccessorImpl.invoke(DelegatingMethodAccessorImpl.java:43) ~[?:?]
	at java.lang.reflect.Method.invoke(Method.java:569) ~[?:?]
	at net.minecraftforge.fml.loading.targets.CommonLaunchHandler.runTarget(CommonLaunchHandler.java:111) ~[fmlloader-1.20.1-47.3.7.jar%2369!/:?]
	at net.minecraftforge.fml.loading.targets.CommonLaunchHandler.serverService(CommonLaunchHandler.java:103) ~[fmlloader-1.20.1-47.3.7.jar%2369!/:?]
	at net.minecraftforge.fml.loading.targets.CommonServerLaunchHandler.lambda$makeService$0(CommonServerLaunchHandler.java:27) ~[fmlloader-1.20.1-47.3.7.jar%2369!/:?]
	at cpw.mods.modlauncher.LaunchServiceHandlerDecorator.launch(LaunchServiceHandlerDecorator.java:30) ~[modlauncher-10.0.9.jar%2355!/:?]
	at cpw.mods.modlauncher.LaunchServiceHandler.launch(LaunchServiceHandler.java:53) ~[modlauncher-10.0.9.jar%2355!/:?]
	at cpw.mods.modlauncher.LaunchServiceHandler.launch(LaunchServiceHandler.java:71) ~[modlauncher-10.0.9.jar%2355!/:?]
	at cpw.mods.modlauncher.Launcher.run(Launcher.java:108) ~[modlauncher-10.0.9.jar%2355!/:?]
	at cpw.mods.modlauncher.Launcher.main(Launcher.java:78) ~[modlauncher-10.0.9.jar%2355!/:?]
	at cpw.mods.modlauncher.BootstrapLaunchConsumer.accept(BootstrapLaunchConsumer.java:26) ~[modlauncher-10.0.9.jar%2355!/:?]
	at cpw.mods.modlauncher.BootstrapLaunchConsumer.accept(BootstrapLaunchConsumer.java:23) ~[modlauncher-10.0.9.jar%2355!/:?]
	at cpw.mods.bootstraplauncher.BootstrapLauncher.main(BootstrapLauncher.java:141) ~[bootstraplauncher-1.1.2.jar:?]
[27Sep2025 16:33:33.327] [main/WARN] [net.minecraft.server.packs.repository.Pack/]: Missing metadata in pack mod:minecraft
[27Sep2025 16:33:33.333] [main/INFO] [net.threetag.palladium.Palladium/]: Skipping mod:alexsmobs as it's not been marked as an addonpack
[27Sep2025 16:33:33.333] [main/ERROR] [net.threetag.palladium.Palladium/]: Cannot invoke "net.threetag.palladium.addonpack.PackData.getId()" because "packData" is null
[27Sep2025 16:33:33.339] [main/INFO] [net.threetag.palladium.Palladium/]: Skipping mod:amendments as it's not been marked as an addonpack
[27Sep2025 16:33:33.339] [main/ERROR] [net.threetag.palladium.Palladium/]: Cannot invoke "net.threetag.palladium.addonpack.PackData.getId()" because "packData" is null
[27Sep2025 16:33:33.340] [main/INFO] [net.threetag.palladium.Palladium/]: Skipping mod:aquamirae as it's not been marked as an addonpack
[27Sep2025 16:33:33.340] [main/ERROR] [net.threetag.palladium.Palladium/]: Cannot invoke "net.threetag.palladium.addonpack.PackData.getId()" because "packData" is null
[27Sep2025 16:33:33.340] [main/INFO] [net.threetag.palladium.Palladium/]: Skipping mod:architectury as it's not been marked as an addonpack
[27Sep2025 16:33:33.340] [main/ERROR] [net.threetag.palladium.Palladium/]: Cannot invoke "net.threetag.palladium.addonpack.PackData.getId()" because "packData" is null
[27Sep2025 16:33:33.340] [main/INFO] [net.threetag.palladium.Palladium/]: Skipping mod:betterendcities as it's not been marked as an addonpack
[27Sep2025 16:33:33.340] [main/ERROR] [net.threetag.palladium.Palladium/]: Cannot invoke "net.threetag.palladium.addonpack.PackData.getId()" because "packData" is null
[27Sep2025 16:33:33.341] [main/INFO] [net.threetag.palladium.Palladium/]: Skipping mod:betterendisland as it's not been marked as an addonpack
[27Sep2025 16:33:33.341] [main/ERROR] [net.threetag.palladium.Palladium/]: Cannot invoke "net.threetag.palladium.addonpack.PackData.getId()" because "packData" is null
[27Sep2025 16:33:33.341] [main/INFO] [net.threetag.palladium.Palladium/]: Skipping mod:bettervillage as it's not been marked as an addonpack
[27Sep2025 16:33:33.341] [main/ERROR] [net.threetag.palladium.Palladium/]: Cannot invoke "net.threetag.palladium.addonpack.PackData.getId()" because "packData" is null
[27Sep2025 16:33:33.341] [main/INFO] [net.threetag.palladium.Palladium/]: Skipping mod:blueprint as it's not been marked as an addonpack
[27Sep2025 16:33:33.341] [main/ERROR] [net.threetag.palladium.Palladium/]: Cannot invoke "net.threetag.palladium.addonpack.PackData.getId()" because "packData" is null
[27Sep2025 16:33:33.342] [main/INFO] [net.threetag.palladium.Palladium/]: Skipping mod:born_in_chaos_v1 as it's not been marked as an addonpack
[27Sep2025 16:33:33.342] [main/ERROR] [net.threetag.palladium.Palladium/]: Cannot invoke "net.threetag.palladium.addonpack.PackData.getId()" because "packData" is null
[27Sep2025 16:33:33.342] [main/INFO] [net.threetag.palladium.Palladium/]: Skipping mod:brainrot as it's not been marked as an addonpack
[27Sep2025 16:33:33.342] [main/ERROR] [net.threetag.palladium.Palladium/]: Cannot invoke "net.threetag.palladium.addonpack.PackData.getId()" because "packData" is null
[27Sep2025 16:33:33.342] [main/INFO] [net.threetag.palladium.Palladium/]: Skipping mod:carryon as it's not been marked as an addonpack
[27Sep2025 16:33:33.343] [main/ERROR] [net.threetag.palladium.Palladium/]: Cannot invoke "net.threetag.palladium.addonpack.PackData.getId()" because "packData" is null
[27Sep2025 16:33:33.343] [main/INFO] [net.threetag.palladium.Palladium/]: Skipping mod:castle_in_the_sky as it's not been marked as an addonpack
[27Sep2025 16:33:33.343] [main/ERROR] [net.threetag.palladium.Palladium/]: Cannot invoke "net.threetag.palladium.addonpack.PackData.getId()" because "packData" is null
[27Sep2025 16:33:33.343] [main/INFO] [net.threetag.palladium.Palladium/]: Skipping mod:cfm as it's not been marked as an addonpack
[27Sep2025 16:33:33.344] [main/ERROR] [net.threetag.palladium.Palladium/]: Cannot invoke "net.threetag.palladium.addonpack.PackData.getId()" because "packData" is null
[27Sep2025 16:33:33.344] [main/INFO] [net.threetag.palladium.Palladium/]: Skipping mod:citadel as it's not been marked as an addonpack
[27Sep2025 16:33:33.344] [main/ERROR] [net.threetag.palladium.Palladium/]: Cannot invoke "net.threetag.palladium.addonpack.PackData.getId()" because "packData" is null
[27Sep2025 16:33:33.345] [main/INFO] [net.threetag.palladium.Palladium/]: Skipping mod:cloth_config as it's not been marked as an addonpack
[27Sep2025 16:33:33.345] [main/ERROR] [net.threetag.palladium.Palladium/]: Cannot invoke "net.threetag.palladium.addonpack.PackData.getId()" because "packData" is null
[27Sep2025 16:33:33.345] [main/INFO] [net.threetag.palladium.Palladium/]: Skipping mod:creativecore as it's not been marked as an addonpack
[27Sep2025 16:33:33.345] [main/ERROR] [net.threetag.palladium.Palladium/]: Cannot invoke "net.threetag.palladium.addonpack.PackData.getId()" because "packData" is null
[27Sep2025 16:33:33.346] [main/INFO] [net.threetag.palladium.Palladium/]: Skipping mod:curios as it's not been marked as an addonpack
[27Sep2025 16:33:33.346] [main/ERROR] [net.threetag.palladium.Palladium/]: Cannot invoke "net.threetag.palladium.addonpack.PackData.getId()" because "packData" is null
[27Sep2025 16:33:33.346] [main/INFO] [net.threetag.palladium.Palladium/]: Skipping mod:dungeons_arise as it's not been marked as an addonpack
[27Sep2025 16:33:33.346] [main/ERROR] [net.threetag.palladium.Palladium/]: Cannot invoke "net.threetag.palladium.addonpack.PackData.getId()" because "packData" is null
[27Sep2025 16:33:33.347] [main/INFO] [net.threetag.palladium.Palladium/]: Skipping mod:embeddium as it's not been marked as an addonpack
[27Sep2025 16:33:33.347] [main/ERROR] [net.threetag.palladium.Palladium/]: Cannot invoke "net.threetag.palladium.addonpack.PackData.getId()" because "packData" is null
[27Sep2025 16:33:33.347] [main/INFO] [net.threetag.palladium.Palladium/]: Skipping mod:extensibleenums as it's not been marked as an addonpack
[27Sep2025 16:33:33.347] [main/ERROR] [net.threetag.palladium.Palladium/]: Cannot invoke "net.threetag.palladium.addonpack.PackData.getId()" because "packData" is null
[27Sep2025 16:33:33.347] [main/INFO] [net.threetag.palladium.Palladium/]: Skipping mod:fallingtree as it's not been marked as an addonpack
[27Sep2025 16:33:33.348] [main/ERROR] [net.threetag.palladium.Palladium/]: Cannot invoke "net.threetag.palladium.addonpack.PackData.getId()" because "packData" is null
[27Sep2025 16:33:33.348] [main/INFO] [net.threetag.palladium.Palladium/]: Skipping mod:ferritecore as it's not been marked as an addonpack
[27Sep2025 16:33:33.348] [main/ERROR] [net.threetag.palladium.Palladium/]: Cannot invoke "net.threetag.palladium.addonpack.PackData.getId()" because "packData" is null
[27Sep2025 16:33:33.348] [main/INFO] [net.threetag.palladium.Palladium/]: Skipping mod:forge as it's not been marked as an addonpack
[27Sep2025 16:33:33.348] [main/ERROR] [net.threetag.palladium.Palladium/]: Cannot invoke "net.threetag.palladium.addonpack.PackData.getId()" because "packData" is null
[27Sep2025 16:33:33.349] [main/INFO] [net.threetag.palladium.Palladium/]: Skipping mod:geckolib as it's not been marked as an addonpack
[27Sep2025 16:33:33.349] [main/ERROR] [net.threetag.palladium.Palladium/]: Cannot invoke "net.threetag.palladium.addonpack.PackData.getId()" because "packData" is null
[27Sep2025 16:33:33.349] [main/INFO] [net.threetag.palladium.Palladium/]: Skipping mod:gravecore as it's not been marked as an addonpack
[27Sep2025 16:33:33.349] [main/ERROR] [net.threetag.palladium.Palladium/]: Cannot invoke "net.threetag.palladium.addonpack.PackData.getId()" because "packData" is null
[27Sep2025 16:33:33.349] [main/INFO] [net.threetag.palladium.Palladium/]: Skipping mod:gravestone as it's not been marked as an addonpack
[27Sep2025 16:33:33.350] [main/ERROR] [net.threetag.palladium.Palladium/]: Cannot invoke "net.threetag.palladium.addonpack.PackData.getId()" because "packData" is null
[27Sep2025 16:33:33.350] [main/INFO] [net.threetag.palladium.Palladium/]: Skipping mod:hopo as it's not been marked as an addonpack
[27Sep2025 16:33:33.350] [main/ERROR] [net.threetag.palladium.Palladium/]: Cannot invoke "net.threetag.palladium.addonpack.PackData.getId()" because "packData" is null
[27Sep2025 16:33:33.350] [main/INFO] [net.threetag.palladium.Palladium/]: Skipping mod:hoppergadgetry as it's not been marked as an addonpack
[27Sep2025 16:33:33.350] [main/ERROR] [net.threetag.palladium.Palladium/]: Cannot invoke "net.threetag.palladium.addonpack.PackData.getId()" because "packData" is null
[27Sep2025 16:33:33.351] [main/INFO] [net.threetag.palladium.Palladium/]: Skipping mod:iceandfire as it's not been marked as an addonpack
[27Sep2025 16:33:33.351] [main/ERROR] [net.threetag.palladium.Palladium/]: Cannot invoke "net.threetag.palladium.addonpack.PackData.getId()" because "packData" is null
[27Sep2025 16:33:33.351] [main/INFO] [net.threetag.palladium.Palladium/]: Skipping mod:jei as it's not been marked as an addonpack
[27Sep2025 16:33:33.351] [main/ERROR] [net.threetag.palladium.Palladium/]: Cannot invoke "net.threetag.palladium.addonpack.PackData.getId()" because "packData" is null
[27Sep2025 16:33:33.351] [main/INFO] [net.threetag.palladium.Palladium/]: Skipping mod:kubejs as it's not been marked as an addonpack
[27Sep2025 16:33:33.352] [main/ERROR] [net.threetag.palladium.Palladium/]: Cannot invoke "net.threetag.palladium.addonpack.PackData.getId()" because "packData" is null
[27Sep2025 16:33:33.352] [main/INFO] [net.threetag.palladium.Palladium/]: Skipping mod:libraryferret as it's not been marked as an addonpack
[27Sep2025 16:33:33.352] [main/ERROR] [net.threetag.palladium.Palladium/]: Cannot invoke "net.threetag.palladium.addonpack.PackData.getId()" because "packData" is null
[27Sep2025 16:33:33.352] [main/INFO] [net.threetag.palladium.Palladium/]: Skipping mod:loafcats as it's not been marked as an addonpack
[27Sep2025 16:33:33.352] [main/ERROR] [net.threetag.palladium.Palladium/]: Cannot invoke "net.threetag.palladium.addonpack.PackData.getId()" because "packData" is null
[27Sep2025 16:33:33.352] [main/INFO] [net.threetag.palladium.Palladium/]: Skipping mod:lodestone as it's not been marked as an addonpack
[27Sep2025 16:33:33.353] [main/ERROR] [net.threetag.palladium.Palladium/]: Cannot invoke "net.threetag.palladium.addonpack.PackData.getId()" because "packData" is null
[27Sep2025 16:33:33.353] [main/INFO] [net.threetag.palladium.Palladium/]: Skipping mod:mcef as it's not been marked as an addonpack
[27Sep2025 16:33:33.353] [main/ERROR] [net.threetag.palladium.Palladium/]: Cannot invoke "net.threetag.palladium.addonpack.PackData.getId()" because "packData" is null
[27Sep2025 16:33:33.353] [main/INFO] [net.threetag.palladium.Palladium/]: Skipping mod:modernfix as it's not been marked as an addonpack
[27Sep2025 16:33:33.353] [main/ERROR] [net.threetag.palladium.Palladium/]: Cannot invoke "net.threetag.palladium.addonpack.PackData.getId()" because "packData" is null
[27Sep2025 16:33:33.353] [main/INFO] [net.threetag.palladium.Palladium/]: Skipping mod:mofus_better_end_ as it's not been marked as an addonpack
[27Sep2025 16:33:33.354] [main/ERROR] [net.threetag.palladium.Palladium/]: Cannot invoke "net.threetag.palladium.addonpack.PackData.getId()" because "packData" is null
[27Sep2025 16:33:33.354] [main/INFO] [net.threetag.palladium.Palladium/]: Skipping mod:moonlight as it's not been marked as an addonpack
[27Sep2025 16:33:33.354] [main/ERROR] [net.threetag.palladium.Palladium/]: Cannot invoke "net.threetag.palladium.addonpack.PackData.getId()" because "packData" is null
[27Sep2025 16:33:33.354] [main/INFO] [net.threetag.palladium.Palladium/]: Skipping mod:mowziesmobs as it's not been marked as an addonpack
[27Sep2025 16:33:33.354] [main/ERROR] [net.threetag.palladium.Palladium/]: Cannot invoke "net.threetag.palladium.addonpack.PackData.getId()" because "packData" is null
[27Sep2025 16:33:33.355] [main/INFO] [net.threetag.palladium.Palladium/]: Skipping mod:mr_dungeons_andtaverns as it's not been marked as an addonpack
[27Sep2025 16:33:33.355] [main/ERROR] [net.threetag.palladium.Palladium/]: Cannot invoke "net.threetag.palladium.addonpack.PackData.getId()" because "packData" is null
[27Sep2025 16:33:33.355] [main/INFO] [net.threetag.palladium.Palladium/]: Skipping mod:mr_limesplatus_ending as it's not been marked as an addonpack
[27Sep2025 16:33:33.355] [main/ERROR] [net.threetag.palladium.Palladium/]: Cannot invoke "net.threetag.palladium.addonpack.PackData.getId()" because "packData" is null
[27Sep2025 16:33:33.355] [main/INFO] [net.threetag.palladium.Palladium/]: Skipping mod:mr_serversleep as it's not been marked as an addonpack
[27Sep2025 16:33:33.355] [main/ERROR] [net.threetag.palladium.Palladium/]: Cannot invoke "net.threetag.palladium.addonpack.PackData.getId()" because "packData" is null
[27Sep2025 16:33:33.356] [main/INFO] [net.threetag.palladium.Palladium/]: Skipping mod:mutantmonsters as it's not been marked as an addonpack
[27Sep2025 16:33:33.356] [main/ERROR] [net.threetag.palladium.Palladium/]: Cannot invoke "net.threetag.palladium.addonpack.PackData.getId()" because "packData" is null
[27Sep2025 16:33:33.356] [main/INFO] [net.threetag.palladium.Palladium/]: Skipping mod:notenoughanimations as it's not been marked as an addonpack
[27Sep2025 16:33:33.356] [main/ERROR] [net.threetag.palladium.Palladium/]: Cannot invoke "net.threetag.palladium.addonpack.PackData.getId()" because "packData" is null
[27Sep2025 16:33:33.356] [main/INFO] [net.threetag.palladium.Palladium/]: Skipping mod:obscure_api as it's not been marked as an addonpack
[27Sep2025 16:33:33.356] [main/ERROR] [net.threetag.palladium.Palladium/]: Cannot invoke "net.threetag.palladium.addonpack.PackData.getId()" because "packData" is null
[27Sep2025 16:33:33.357] [main/INFO] [net.threetag.palladium.Palladium/]: Skipping mod:octolib as it's not been marked as an addonpack
[27Sep2025 16:33:33.357] [main/ERROR] [net.threetag.palladium.Palladium/]: Cannot invoke "net.threetag.palladium.addonpack.PackData.getId()" because "packData" is null
[27Sep2025 16:33:33.357] [main/INFO] [net.threetag.palladium.Palladium/]: Skipping mod:packetfixer as it's not been marked as an addonpack
[27Sep2025 16:33:33.358] [main/ERROR] [net.threetag.palladium.Palladium/]: Cannot invoke "net.threetag.palladium.addonpack.PackData.getId()" because "packData" is null
[27Sep2025 16:33:33.358] [main/INFO] [net.threetag.palladium.Palladium/]: Skipping mod:palladium as it's not been marked as an addonpack
[27Sep2025 16:33:33.358] [main/ERROR] [net.threetag.palladium.Palladium/]: Cannot invoke "net.threetag.palladium.addonpack.PackData.getId()" because "packData" is null
[27Sep2025 16:33:33.358] [main/INFO] [net.threetag.palladium.Palladium/]: Skipping mod:palladiumcore as it's not been marked as an addonpack
[27Sep2025 16:33:33.359] [main/ERROR] [net.threetag.palladium.Palladium/]: Cannot invoke "net.threetag.palladium.addonpack.PackData.getId()" because "packData" is null
[27Sep2025 16:33:33.359] [main/INFO] [net.threetag.palladium.Palladium/]: Skipping mod:particlerain as it's not been marked as an addonpack
[27Sep2025 16:33:33.359] [main/ERROR] [net.threetag.palladium.Palladium/]: Cannot invoke "net.threetag.palladium.addonpack.PackData.getId()" because "packData" is null
[27Sep2025 16:33:33.359] [main/INFO] [net.threetag.palladium.Palladium/]: Skipping mod:pehkui as it's not been marked as an addonpack
[27Sep2025 16:33:33.359] [main/ERROR] [net.threetag.palladium.Palladium/]: Cannot invoke "net.threetag.palladium.addonpack.PackData.getId()" because "packData" is null
[27Sep2025 16:33:33.359] [main/INFO] [net.threetag.palladium.Palladium/]: Skipping mod:pet_cemetery as it's not been marked as an addonpack
[27Sep2025 16:33:33.360] [main/ERROR] [net.threetag.palladium.Palladium/]: Cannot invoke "net.threetag.palladium.addonpack.PackData.getId()" because "packData" is null
[27Sep2025 16:33:33.360] [main/INFO] [net.threetag.palladium.Palladium/]: Skipping mod:playeranimator as it's not been marked as an addonpack
[27Sep2025 16:33:33.360] [main/ERROR] [net.threetag.palladium.Palladium/]: Cannot invoke "net.threetag.palladium.addonpack.PackData.getId()" because "packData" is null
[27Sep2025 16:33:33.360] [main/INFO] [net.threetag.palladium.Palladium/]: Skipping mod:playerrevive as it's not been marked as an addonpack
[27Sep2025 16:33:33.360] [main/ERROR] [net.threetag.palladium.Palladium/]: Cannot invoke "net.threetag.palladium.addonpack.PackData.getId()" because "packData" is null
[27Sep2025 16:33:33.360] [main/INFO] [net.threetag.palladium.Palladium/]: Skipping mod:presencefootsteps as it's not been marked as an addonpack
[27Sep2025 16:33:33.360] [main/ERROR] [net.threetag.palladium.Palladium/]: Cannot invoke "net.threetag.palladium.addonpack.PackData.getId()" because "packData" is null
[27Sep2025 16:33:33.361] [main/INFO] [net.threetag.palladium.Palladium/]: Skipping mod:puzzlesaccessapi as it's not been marked as an addonpack
[27Sep2025 16:33:33.361] [main/ERROR] [net.threetag.palladium.Palladium/]: Cannot invoke "net.threetag.palladium.addonpack.PackData.getId()" because "packData" is null
[27Sep2025 16:33:33.361] [main/INFO] [net.threetag.palladium.Palladium/]: Skipping mod:puzzleslib as it's not been marked as an addonpack
[27Sep2025 16:33:33.361] [main/ERROR] [net.threetag.palladium.Palladium/]: Cannot invoke "net.threetag.palladium.addonpack.PackData.getId()" because "packData" is null
[27Sep2025 16:33:33.361] [main/INFO] [net.threetag.palladium.Palladium/]: Skipping mod:radium as it's not been marked as an addonpack
[27Sep2025 16:33:33.361] [main/ERROR] [net.threetag.palladium.Palladium/]: Cannot invoke "net.threetag.palladium.addonpack.PackData.getId()" because "packData" is null
[27Sep2025 16:33:33.361] [main/INFO] [net.threetag.palladium.Palladium/]: Skipping mod:relics as it's not been marked as an addonpack
[27Sep2025 16:33:33.362] [main/ERROR] [net.threetag.palladium.Palladium/]: Cannot invoke "net.threetag.palladium.addonpack.PackData.getId()" because "packData" is null
[27Sep2025 16:33:33.362] [main/INFO] [net.threetag.palladium.Palladium/]: Skipping mod:rhino as it's not been marked as an addonpack
[27Sep2025 16:33:33.362] [main/ERROR] [net.threetag.palladium.Palladium/]: Cannot invoke "net.threetag.palladium.addonpack.PackData.getId()" because "packData" is null
[27Sep2025 16:33:33.362] [main/INFO] [net.threetag.palladium.Palladium/]: Skipping mod:rubidium as it's not been marked as an addonpack
[27Sep2025 16:33:33.362] [main/ERROR] [net.threetag.palladium.Palladium/]: Cannot invoke "net.threetag.palladium.addonpack.PackData.getId()" because "packData" is null
[27Sep2025 16:33:33.362] [main/INFO] [net.threetag.palladium.Palladium/]: Skipping mod:rustic_engineer as it's not been marked as an addonpack
[27Sep2025 16:33:33.363] [main/ERROR] [net.threetag.palladium.Palladium/]: Cannot invoke "net.threetag.palladium.addonpack.PackData.getId()" because "packData" is null
[27Sep2025 16:33:33.363] [main/INFO] [net.threetag.palladium.Palladium/]: Skipping mod:toms_storage as it's not been marked as an addonpack
[27Sep2025 16:33:33.363] [main/ERROR] [net.threetag.palladium.Palladium/]: Cannot invoke "net.threetag.palladium.addonpack.PackData.getId()" because "packData" is null
[27Sep2025 16:33:33.364] [main/INFO] [net.threetag.palladium.Palladium/]: Skipping mod:toolbelt as it's not been marked as an addonpack
[27Sep2025 16:33:33.364] [main/ERROR] [net.threetag.palladium.Palladium/]: Cannot invoke "net.threetag.palladium.addonpack.PackData.getId()" because "packData" is null
[27Sep2025 16:33:33.364] [main/INFO] [net.threetag.palladium.Palladium/]: Skipping mod:transition as it's not been marked as an addonpack
[27Sep2025 16:33:33.365] [main/ERROR] [net.threetag.palladium.Palladium/]: Cannot invoke "net.threetag.palladium.addonpack.PackData.getId()" because "packData" is null
[27Sep2025 16:33:33.366] [main/INFO] [net.threetag.palladium.Palladium/]: Skipping mod:travelersbackpack as it's not been marked as an addonpack
[27Sep2025 16:33:33.366] [main/ERROR] [net.threetag.palladium.Palladium/]: Cannot invoke "net.threetag.palladium.addonpack.PackData.getId()" because "packData" is null
[27Sep2025 16:33:33.367] [main/INFO] [net.threetag.palladium.Palladium/]: Skipping mod:trender as it's not been marked as an addonpack
[27Sep2025 16:33:33.367] [main/ERROR] [net.threetag.palladium.Palladium/]: Cannot invoke "net.threetag.palladium.addonpack.PackData.getId()" because "packData" is null
[27Sep2025 16:33:33.367] [main/INFO] [net.threetag.palladium.Palladium/]: Skipping mod:webdisplays as it's not been marked as an addonpack
[27Sep2025 16:33:33.367] [main/ERROR] [net.threetag.palladium.Palladium/]: Cannot invoke "net.threetag.palladium.addonpack.PackData.getId()" because "packData" is null
[27Sep2025 16:33:33.368] [main/INFO] [net.threetag.palladium.Palladium/]: Skipping mod:xaerominimap as it's not been marked as an addonpack
[27Sep2025 16:33:33.368] [main/ERROR] [net.threetag.palladium.Palladium/]: Cannot invoke "net.threetag.palladium.addonpack.PackData.getId()" because "packData" is null
[27Sep2025 16:33:33.368] [main/INFO] [net.threetag.palladium.Palladium/]: Skipping mod:yungsapi as it's not been marked as an addonpack
[27Sep2025 16:33:33.368] [main/ERROR] [net.threetag.palladium.Palladium/]: Cannot invoke "net.threetag.palladium.addonpack.PackData.getId()" because "packData" is null
[27Sep2025 16:33:33.371] [main/INFO] [net.minecraft.server.packs.resources.ReloadableResourceManager/]: Reloading ResourceManager: alexsmobs-1.22.9.jar, AlienEvo-1.1.0-forge.jar, amendments-1.20-2.2.1.jar, aquamirae-6.API15.jar, architectury-9.2.14-forge.jar, betterendcities-1.0.0-1.20.1.jar, YungsBetterEndIsland-1.20-Forge-2.0.6.jar, bettervillage-forge-1.20.1-3.3.1-all.jar, blueprint-1.20.1-7.1.3.jar, born_in_chaos_[Forge]1.20.1_1.7.2.jar, brainrot-5.0.jar, carryon-forge-1.20.1-2.1.2.7.jar, castle_in_the_sky-1.20.1-0.6.0.jar, cfm-forge-1.20.1-7.0.0-pre36.jar, citadel-2.6.2-1.20.1.jar, cloth-config-11.1.136-forge.jar, CreativeCore_FORGE_v2.12.32_mc1.20.1.jar, curios-forge-5.9.1+1.20.1.jar, DungeonsArise-1.20.x-2.1.58-release.jar, embeddium-0.3.31+mc1.20.1.jar, extensibleenums-forge-20.1.1.jar, FallingTree-1.20.1-4.3.4.jar, ferritecore-6.0.1-forge.jar, forge-1.20.1-47.3.7-universal.jar, geckolib-forge-1.20.1-4.7.4.jar, gravecore-1.2.0-forge.jar, gravestone-forge-1.20.1-1.0.32.jar, HopoBetterMineshaft-[1.20.1-1.20.4]-1.2.2c.jar, HopperGadgetry-v20.1.2-1.20.1-Forge.jar, iceandfire-2.1.13-1.20.1-beta-5.jar, jei-1.20.1-forge-15.20.0.112.jar, kubejs-forge-2001.6.5-build.16.jar, libraryferret-forge-1.20.1-4.0.0.jar, loafcats-1.2-1.20.1.jar, lodestone-1.20.1-1.6.2.1.jar, mcef-forge-2.1.6-1.20.1.jar, modernfix-forge-5.24.4+mc1.20.1.jar, mofus_broken_constellation-0.9.0-forge-1.20.1.jar, moonlight-1.20-2.16.8-forge.jar, mowziesmobs-1.7.3.jar, dungeons-and-taverns-3.0.3.f[Forge].jar, tru.e-ending-v1.1.0c.jar, serversleep-mod.jar, MutantMonsters-v8.0.7-1.20.1-Forge.jar, celestialsapien-1.0.5 (quickfix).jar, notenoughanimations-forge-1.10.1-mc1.20.1.jar, obscure_api-15.jar, OctoLib-FORGE-0.5.0.1+1.20.1.jar, packetfixer-3.1.4-1.18-1.20.4-merged.jar, palladium-4.2.8+1.20.1-forge.jar, palladiumcore-forge-1.0.1+1.20.1-forge.jar, Pretty Rain-1.20.1-Forge-1.1.3.jar, Pehkui-3.8.2+1.20.1-forge.jar, pet_cemetery-1.20.1-2.0.0.jar, player-animation-lib-forge-1.0.2-rc1+1.20.jar, PlayerRevive_FORGE_v2.0.31_mc1.20.1.jar, PresenceFootsteps-1.20.1-1.9.1-beta.1.jar, puzzlesaccessapi-forge-20.1.1.jar, PuzzlesLib-v8.1.33-1.20.1-Forge.jar, radium-mc1.20.1-0.12.4+git.26c9d8e.jar, relics-1.20.1-0.8.0.7.jar, rhino-forge-2001.2.3-build.10.jar, embeddium-0.3.31+mc1.20.1.jar, rustic_engineer-1.1.3-forge-1.20.1.jar, toms_storage-1.20-1.7.1.jar, ToolBelt-1.20.1-1.20.02.jar, TRansition-1.0.3-1.20.1-forge-SNAPSHOT.jar, travelersbackpack-forge-1.20.1-9.1.40.jar, TRender-1.0.5-1.20.1-forge-SNAPSHOT.jar, webdisplays-2.0.2-1.20.1.jar, Xaeros_Minimap_25.2.10_Forge_1.20.jar, YungsApi-1.20-Forge-4.0.6.jar
[27Sep2025 16:33:33.523] [main/INFO] [net.threetag.palladium.Palladium/]: Registered 3 addonpack creative_mode_tab
[27Sep2025 16:33:33.524] [main/INFO] [net.threetag.palladium.Palladium/]: Registered 2 addonpack armor materials
[27Sep2025 16:33:33.525] [main/INFO] [net.threetag.palladium.Palladium/]: Registered 1 addonpack tool tiers
[27Sep2025 16:33:33.528] [main/INFO] [net.threetag.palladium.Palladium/]: Registered 14 addonpack block
[27Sep2025 16:33:33.532] [main/INFO] [net.threetag.palladium.Palladium/]: Registered 109 addonpack item
[27Sep2025 16:33:33.532] [main/INFO] [net.threetag.palladium.Palladium/]: Registered 0 addonpack suit_set
[27Sep2025 16:33:33.534] [main/INFO] [net.threetag.palladium.Palladium/]: Registered 29 addonpack particle_type
[27Sep2025 16:33:33.534] [main/INFO] [net.threetag.palladium.Palladium/]: Registered 1 addonpack point_of_interest_type
[27Sep2025 16:33:33.534] [main/INFO] [net.threetag.palladium.Palladium/]: Registered 1 addonpack villager_profession
[27Sep2025 16:33:33.536] [main/INFO] [net.threetag.palladium.Palladium/]: Registered 1 addonpack accessory slots
[27Sep2025 16:33:33.536] [main/INFO] [net.threetag.palladium.Palladium/]: Registered 3 addonpack accessories
[27Sep2025 16:33:33.536] [main/INFO] [net.threetag.palladium.Palladium/]: Finished addonpack initialisation!
[27Sep2025 16:33:36.068] [main/INFO] [Moonlight/]: Initialized block sets in 13ms
[27Sep2025 16:33:37.130] [main/WARN] [net.minecraft.network.syncher.SynchedEntityData/]: defineId called for: class net.mcreator.borninchaosv.entity.BabySpiderEntity from class net.mcreator.borninchaosv.entity.MotherSpiderEntity
[27Sep2025 16:33:37.366] [main/INFO] [Puzzles Lib/]: Loading common config for mutantmonsters
[27Sep2025 16:33:37.578] [main/INFO] [com.tom.storagemod.StorageMod/]: Loaded Tom's Simple Storage config file toms_storage-common.toml
[27Sep2025 16:33:37.580] [main/WARN] [net.minecraftforge.common.ForgeConfigSpec/CORE]: Configuration file /workspaces/literate-parakeet/servidor_minecraft/config/Obscuria/aquamirae-common.toml is not correct. Correcting
[27Sep2025 16:33:37.581] [main/WARN] [net.minecraftforge.common.ForgeConfigSpec/CORE]: Incorrect key General was corrected from null to its default, SimpleCommentedConfig:{}. 
[27Sep2025 16:33:37.581] [main/WARN] [net.minecraftforge.common.ForgeConfigSpec/CORE]: Incorrect key General.chatNotifications was corrected from null to its default, true. 
[27Sep2025 16:33:37.582] [main/WARN] [net.minecraftforge.common.ForgeConfigSpec/CORE]: Incorrect key Mobs was corrected from null to its default, SimpleCommentedConfig:{}. 
[27Sep2025 16:33:37.582] [main/WARN] [net.minecraftforge.common.ForgeConfigSpec/CORE]: Incorrect key Mobs.GhostOfCaptainCornelia was corrected from null to its default, SimpleCommentedConfig:{}. 
[27Sep2025 16:33:37.582] [main/WARN] [net.minecraftforge.common.ForgeConfigSpec/CORE]: Incorrect key Mobs.GhostOfCaptainCornelia.movementSpeed was corrected from null to its default, 0.2. 
[27Sep2025 16:33:37.582] [main/WARN] [net.minecraftforge.common.ForgeConfigSpec/CORE]: Incorrect key Mobs.GhostOfCaptainCornelia.maxHealth was corrected from null to its default, 200.0. 
[27Sep2025 16:33:37.582] [main/WARN] [net.minecraftforge.common.ForgeConfigSpec/CORE]: Incorrect key Mobs.GhostOfCaptainCornelia.armor was corrected from null to its default, 16.0. 
[27Sep2025 16:33:37.582] [main/WARN] [net.minecraftforge.common.ForgeConfigSpec/CORE]: Incorrect key Mobs.GhostOfCaptainCornelia.attackDamage was corrected from null to its default, 1.0. 
[27Sep2025 16:33:37.582] [main/WARN] [net.minecraftforge.common.ForgeConfigSpec/CORE]: Incorrect key Mobs.GhostOfCaptainCornelia.knockbackResistance was corrected from null to its default, 0.5. 
[27Sep2025 16:33:37.582] [main/WARN] [net.minecraftforge.common.ForgeConfigSpec/CORE]: Incorrect key Mobs.GhostOfCaptainCornelia.attackKnockback was corrected from null to its default, 2.0. 
[27Sep2025 16:33:37.583] [main/WARN] [net.minecraftforge.common.ForgeConfigSpec/CORE]: Incorrect key Mobs.GhostOfCaptainCornelia.followRange was corrected from null to its default, 128.0. 
[27Sep2025 16:33:37.583] [main/WARN] [net.minecraftforge.common.ForgeConfigSpec/CORE]: Incorrect key Mobs.GhostOfCaptainCornelia.pullAndSpinTargets was corrected from null to its default, true. 
[27Sep2025 16:33:37.583] [main/WARN] [net.minecraftforge.common.ForgeConfigSpec/CORE]: Incorrect key Mobs.GhostOfCaptainCornelia.regenerationSkillUses was corrected from null to its default, 2. 
[27Sep2025 16:33:37.583] [main/WARN] [net.minecraftforge.common.ForgeConfigSpec/CORE]: Incorrect key Mobs.Anglerfish was corrected from null to its default, SimpleCommentedConfig:{}. 
[27Sep2025 16:33:37.583] [main/WARN] [net.minecraftforge.common.ForgeConfigSpec/CORE]: Incorrect key Mobs.Anglerfish.swimSpeed was corrected from null to its default, 3.0. 
[27Sep2025 16:33:37.583] [main/WARN] [net.minecraftforge.common.ForgeConfigSpec/CORE]: Incorrect key Mobs.Anglerfish.maxHealth was corrected from null to its default, 40.0. 
[27Sep2025 16:33:37.583] [main/WARN] [net.minecraftforge.common.ForgeConfigSpec/CORE]: Incorrect key Mobs.Anglerfish.armor was corrected from null to its default, 2.0. 
[27Sep2025 16:33:37.583] [main/WARN] [net.minecraftforge.common.ForgeConfigSpec/CORE]: Incorrect key Mobs.Anglerfish.knockbackResistance was corrected from null to its default, 0.0. 
[27Sep2025 16:33:37.584] [main/WARN] [net.minecraftforge.common.ForgeConfigSpec/CORE]: Incorrect key Mobs.Anglerfish.attackDamage was corrected from null to its default, 6.0. 
[27Sep2025 16:33:37.584] [main/WARN] [net.minecraftforge.common.ForgeConfigSpec/CORE]: Incorrect key Mobs.Anglerfish.attackKnockback was corrected from null to its default, 1.0. 
[27Sep2025 16:33:37.584] [main/WARN] [net.minecraftforge.common.ForgeConfigSpec/CORE]: Incorrect key Mobs.Anglerfish.followRange was corrected from null to its default, 48.0. 
[27Sep2025 16:33:37.584] [main/WARN] [net.minecraftforge.common.ForgeConfigSpec/CORE]: Incorrect key Mobs.Maw was corrected from null to its default, SimpleCommentedConfig:{}. 
[27Sep2025 16:33:37.584] [main/WARN] [net.minecraftforge.common.ForgeConfigSpec/CORE]: Incorrect key Mobs.Maw.movementSpeed was corrected from null to its default, 0.2. 
[27Sep2025 16:33:37.584] [main/WARN] [net.minecraftforge.common.ForgeConfigSpec/CORE]: Incorrect key Mobs.Maw.swimSpeed was corrected from null to its default, 5.0. 
[27Sep2025 16:33:37.584] [main/WARN] [net.minecraftforge.common.ForgeConfigSpec/CORE]: Incorrect key Mobs.Maw.maxHealth was corrected from null to its default, 20.0. 
[27Sep2025 16:33:37.585] [main/WARN] [net.minecraftforge.common.ForgeConfigSpec/CORE]: Incorrect key Mobs.Maw.armor was corrected from null to its default, 0.0. 
[27Sep2025 16:33:37.585] [main/WARN] [net.minecraftforge.common.ForgeConfigSpec/CORE]: Incorrect key Mobs.Maw.knockbackResistance was corrected from null to its default, 0.0. 
[27Sep2025 16:33:37.585] [main/WARN] [net.minecraftforge.common.ForgeConfigSpec/CORE]: Incorrect key Mobs.Maw.attackDamage was corrected from null to its default, 4.0. 
[27Sep2025 16:33:37.585] [main/WARN] [net.minecraftforge.common.ForgeConfigSpec/CORE]: Incorrect key Mobs.Maw.attackKnockback was corrected from null to its default, 0.3. 
[27Sep2025 16:33:37.585] [main/WARN] [net.minecraftforge.common.ForgeConfigSpec/CORE]: Incorrect key Mobs.Maw.followRange was corrected from null to its default, 24.0. 
[27Sep2025 16:33:37.585] [main/WARN] [net.minecraftforge.common.ForgeConfigSpec/CORE]: Incorrect key Mobs.TorturedSoul was corrected from null to its default, SimpleCommentedConfig:{}. 
[27Sep2025 16:33:37.585] [main/WARN] [net.minecraftforge.common.ForgeConfigSpec/CORE]: Incorrect key Mobs.TorturedSoul.movementSpeed was corrected from null to its default, 0.2. 
[27Sep2025 16:33:37.585] [main/WARN] [net.minecraftforge.common.ForgeConfigSpec/CORE]: Incorrect key Mobs.TorturedSoul.swimSpeed was corrected from null to its default, 3.0. 
[27Sep2025 16:33:37.586] [main/WARN] [net.minecraftforge.common.ForgeConfigSpec/CORE]: Incorrect key Mobs.TorturedSoul.maxHealth was corrected from null to its default, 30.0. 
[27Sep2025 16:33:37.586] [main/WARN] [net.minecraftforge.common.ForgeConfigSpec/CORE]: Incorrect key Mobs.TorturedSoul.armor was corrected from null to its default, 4.0. 
[27Sep2025 16:33:37.586] [main/WARN] [net.minecraftforge.common.ForgeConfigSpec/CORE]: Incorrect key Mobs.TorturedSoul.knockbackResistance was corrected from null to its default, 0.0. 
[27Sep2025 16:33:37.586] [main/WARN] [net.minecraftforge.common.ForgeConfigSpec/CORE]: Incorrect key Mobs.TorturedSoul.attackDamage was corrected from null to its default, 7.0. 
[27Sep2025 16:33:37.586] [main/WARN] [net.minecraftforge.common.ForgeConfigSpec/CORE]: Incorrect key Mobs.TorturedSoul.attackKnockback was corrected from null to its default, 0.7. 
[27Sep2025 16:33:37.586] [main/WARN] [net.minecraftforge.common.ForgeConfigSpec/CORE]: Incorrect key Mobs.TorturedSoul.followRange was corrected from null to its default, 24.0. 
[27Sep2025 16:33:37.586] [main/WARN] [net.minecraftforge.common.ForgeConfigSpec/CORE]: Incorrect key Mobs.MotherOfTheMaze was corrected from null to its default, SimpleCommentedConfig:{}. 
[27Sep2025 16:33:37.586] [main/WARN] [net.minecraftforge.common.ForgeConfigSpec/CORE]: Incorrect key Mobs.MotherOfTheMaze.swimSpeed was corrected from null to its default, 3.0. 
[27Sep2025 16:33:37.587] [main/WARN] [net.minecraftforge.common.ForgeConfigSpec/CORE]: Incorrect key Mobs.MotherOfTheMaze.maxHealth was corrected from null to its default, 100.0. 
[27Sep2025 16:33:37.587] [main/WARN] [net.minecraftforge.common.ForgeConfigSpec/CORE]: Incorrect key Mobs.MotherOfTheMaze.armor was corrected from null to its default, 6.0. 
[27Sep2025 16:33:37.587] [main/WARN] [net.minecraftforge.common.ForgeConfigSpec/CORE]: Incorrect key Mobs.MotherOfTheMaze.knockbackResistance was corrected from null to its default, 0.2. 
[27Sep2025 16:33:37.587] [main/WARN] [net.minecraftforge.common.ForgeConfigSpec/CORE]: Incorrect key Mobs.MotherOfTheMaze.attackDamage was corrected from null to its default, 5.0. 
[27Sep2025 16:33:37.587] [main/WARN] [net.minecraftforge.common.ForgeConfigSpec/CORE]: Incorrect key Mobs.MotherOfTheMaze.attackKnockback was corrected from null to its default, 0.5. 
[27Sep2025 16:33:37.587] [main/WARN] [net.minecraftforge.common.ForgeConfigSpec/CORE]: Incorrect key Mobs.MotherOfTheMaze.followRange was corrected from null to its default, 128.0. 
[27Sep2025 16:33:37.587] [main/WARN] [net.minecraftforge.common.ForgeConfigSpec/CORE]: Incorrect key Mobs.Eel was corrected from null to its default, SimpleCommentedConfig:{}. 
[27Sep2025 16:33:37.587] [main/WARN] [net.minecraftforge.common.ForgeConfigSpec/CORE]: Incorrect key Mobs.Eel.maxHealth was corrected from null to its default, 180.0. 
[27Sep2025 16:33:37.588] [main/WARN] [net.minecraftforge.common.ForgeConfigSpec/CORE]: Incorrect key Mobs.Eel.armor was corrected from null to its default, 20.0. 
[27Sep2025 16:33:37.588] [main/WARN] [net.minecraftforge.common.ForgeConfigSpec/CORE]: Incorrect key Mobs.Eel.attackDamage was corrected from null to its default, 8.0. 
[27Sep2025 16:33:37.588] [main/WARN] [net.minecraftforge.common.ForgeConfigSpec/CORE]: Incorrect key Mobs.Eel.attackKnockback was corrected from null to its default, 2.0. 
[27Sep2025 16:33:37.588] [main/WARN] [net.minecraftforge.common.ForgeConfigSpec/CORE]: Incorrect key Mobs.Eel.followRange was corrected from null to its default, 32.0. 
[27Sep2025 16:33:37.792] [modloading-worker-0/INFO] [com.song.castle_in_the_sky.CastleInTheSky/]: HELLO FROM PREINIT
[27Sep2025 16:33:37.793] [Forge Version Check/INFO] [net.minecraftforge.fml.VersionChecker/]: [radium] Starting version check at https://api.modrinth.com/updates/radium/forge_updates.json
[27Sep2025 16:33:37.849] [Thread-0/INFO] [ModernFix/]: Please use /mfsrc to reload any changed mod config files
[27Sep2025 16:33:37.871] [modloading-worker-0/INFO] [com.tom.storagemod.StorageMod/]: Tom's Storage Setup starting
[27Sep2025 16:33:37.875] [modloading-worker-0/INFO] [com.tom.storagemod.StorageMod/]: Initilaized Network Handler
[27Sep2025 16:33:37.984] [Forge Version Check/INFO] [net.minecraftforge.fml.VersionChecker/]: [radium] Found status: AHEAD Current: 0.12.4+git.26c9d8e Target: null
[27Sep2025 16:33:37.984] [Forge Version Check/INFO] [net.minecraftforge.fml.VersionChecker/]: [mutantmonsters] Starting version check at https://raw.githubusercontent.com/Fuzss/modresources/main/update/mutantmonsters.json
[27Sep2025 16:33:38.035] [Forge Version Check/INFO] [net.minecraftforge.fml.VersionChecker/]: [mutantmonsters] Found status: UP_TO_DATE Current: 8.0.7 Target: null
[27Sep2025 16:33:38.036] [Forge Version Check/INFO] [net.minecraftforge.fml.VersionChecker/]: [obscure_api] Starting version check at https://raw.githubusercontent.com/ObscuriaLithium/Home/main/obscure_api/versions.json
[27Sep2025 16:33:38.046] [Forge Version Check/WARN] [net.minecraftforge.fml.VersionChecker/]: Failed to process update information
com.google.gson.JsonSyntaxException: java.lang.IllegalStateException: Expected BEGIN_OBJECT but was NUMBER at line 1 column 4 path $
	at com.google.gson.Gson.fromJson(Gson.java:1226) ~[gson-2.10.jar%2372!/:?]
	at com.google.gson.Gson.fromJson(Gson.java:1124) ~[gson-2.10.jar%2372!/:?]
	at com.google.gson.Gson.fromJson(Gson.java:1034) ~[gson-2.10.jar%2372!/:?]
	at com.google.gson.Gson.fromJson(Gson.java:969) ~[gson-2.10.jar%2372!/:?]
	at net.minecraftforge.fml.VersionChecker$1.process(VersionChecker.java:183) ~[fmlcore-1.20.1-47.3.7.jar%23226!/:?]
	at java.lang.Iterable.forEach(Iterable.java:75) ~[?:?]
	at net.minecraftforge.fml.VersionChecker$1.run(VersionChecker.java:114) ~[fmlcore-1.20.1-47.3.7.jar%23226!/:?]
Caused by: java.lang.IllegalStateException: Expected BEGIN_OBJECT but was NUMBER at line 1 column 4 path $
	at com.google.gson.stream.JsonReader.beginObject(JsonReader.java:393) ~[gson-2.10.jar%2372!/:?]
	at com.google.gson.internal.bind.MapTypeAdapterFactory$Adapter.read(MapTypeAdapterFactory.java:182) ~[gson-2.10.jar%2372!/:?]
	at com.google.gson.internal.bind.MapTypeAdapterFactory$Adapter.read(MapTypeAdapterFactory.java:144) ~[gson-2.10.jar%2372!/:?]
	at com.google.gson.Gson.fromJson(Gson.java:1214) ~[gson-2.10.jar%2372!/:?]
	... 6 more
[27Sep2025 16:33:38.047] [Forge Version Check/INFO] [net.minecraftforge.fml.VersionChecker/]: [palladium] Starting version check at https://squirrelcontrol.threetag.net/api/forge_updates/threetag-palladium
[27Sep2025 16:33:38.325] [main/INFO] [com.tiviacz.travelersbackpack.TravelersBackpack/]: Registered the FluidEffect with Unique ID of minecraft:water for Water (Fluid Amount Required: 1000) with the ID 0
[27Sep2025 16:33:38.325] [main/INFO] [com.tiviacz.travelersbackpack.TravelersBackpack/]: Registered the FluidEffect with Unique ID of minecraft:lava for Lava (Fluid Amount Required: 1000) with the ID 1
[27Sep2025 16:33:38.326] [main/INFO] [com.tiviacz.travelersbackpack.TravelersBackpack/]: Registered the FluidEffect with Unique ID of travelersbackpack:potion for Uncraftable Potion (Fluid Amount Required: 250) with the ID 2
[27Sep2025 16:33:38.326] [main/INFO] [com.tiviacz.travelersbackpack.TravelersBackpack/]: Registered the FluidEffect with Unique ID of minecraft:milk for Milk (Fluid Amount Required: 1000) with the ID 3
[27Sep2025 16:33:38.382] [main/INFO] [Moonlight/]: Initialized color sets in 24ms
[27Sep2025 16:33:38.399] [main/INFO] [team.lodestar.lodestone.LodestoneLib/]: Registering world event types...
[27Sep2025 16:33:38.457] [Forge Version Check/INFO] [net.minecraftforge.fml.VersionChecker/]: [palladium] Found status: OUTDATED Current: 4.2.8 Target: 4.2.9
[27Sep2025 16:33:38.457] [Forge Version Check/INFO] [net.minecraftforge.fml.VersionChecker/]: [travelersbackpack] Starting version check at https://gist.githubusercontent.com/Tiviacz1337/906937677aa472285dff9d6c2a189d5e/raw
[27Sep2025 16:33:38.487] [Forge Version Check/INFO] [net.minecraftforge.fml.VersionChecker/]: [travelersbackpack] Found status: AHEAD Current: 9.1.40 Target: null
[27Sep2025 16:33:38.487] [Forge Version Check/INFO] [net.minecraftforge.fml.VersionChecker/]: [puzzlesaccessapi] Starting version check at https://raw.githubusercontent.com/Fuzss/modresources/main/update/puzzlesaccessapi.json
[27Sep2025 16:33:38.496] [Forge Version Check/INFO] [net.minecraftforge.fml.VersionChecker/]: [puzzlesaccessapi] Found status: BETA Current: 20.1.1 Target: null
[27Sep2025 16:33:38.496] [Forge Version Check/INFO] [net.minecraftforge.fml.VersionChecker/]: [forge] Starting version check at https://files.minecraftforge.net/net/minecraftforge/forge/promotions_slim.json
[27Sep2025 16:33:38.508] [modloading-worker-0/INFO] [xaero.minimap.XaeroMinimap/]: Loading Xaero's Minimap - Stage 1/2 (Server)
[27Sep2025 16:33:38.533] [main/INFO] [xaero.minimap.XaeroMinimap/]: Loading Xaero's Minimap - Stage 2/2 (Server)
[27Sep2025 16:33:38.590] [Forge Version Check/INFO] [net.minecraftforge.fml.VersionChecker/]: [forge] Found status: OUTDATED Current: 47.3.7 Target: 47.4.0
[27Sep2025 16:33:38.590] [Forge Version Check/INFO] [net.minecraftforge.fml.VersionChecker/]: [extensibleenums] Starting version check at https://raw.githubusercontent.com/Fuzss/modresources/main/update/extensibleenums.json
[27Sep2025 16:33:38.602] [Forge Version Check/WARN] [net.minecraftforge.fml.VersionChecker/]: Failed to process update information
com.google.gson.JsonSyntaxException: java.lang.IllegalStateException: Expected BEGIN_OBJECT but was NUMBER at line 1 column 4 path $
	at com.google.gson.Gson.fromJson(Gson.java:1226) ~[gson-2.10.jar%2372!/:?]
	at com.google.gson.Gson.fromJson(Gson.java:1124) ~[gson-2.10.jar%2372!/:?]
	at com.google.gson.Gson.fromJson(Gson.java:1034) ~[gson-2.10.jar%2372!/:?]
	at com.google.gson.Gson.fromJson(Gson.java:969) ~[gson-2.10.jar%2372!/:?]
	at net.minecraftforge.fml.VersionChecker$1.process(VersionChecker.java:183) ~[fmlcore-1.20.1-47.3.7.jar%23226!/:?]
	at java.lang.Iterable.forEach(Iterable.java:75) ~[?:?]
	at net.minecraftforge.fml.VersionChecker$1.run(VersionChecker.java:114) ~[fmlcore-1.20.1-47.3.7.jar%23226!/:?]
Caused by: java.lang.IllegalStateException: Expected BEGIN_OBJECT but was NUMBER at line 1 column 4 path $
	at com.google.gson.stream.JsonReader.beginObject(JsonReader.java:393) ~[gson-2.10.jar%2372!/:?]
	at com.google.gson.internal.bind.MapTypeAdapterFactory$Adapter.read(MapTypeAdapterFactory.java:182) ~[gson-2.10.jar%2372!/:?]
	at com.google.gson.internal.bind.MapTypeAdapterFactory$Adapter.read(MapTypeAdapterFactory.java:144) ~[gson-2.10.jar%2372!/:?]
	at com.google.gson.Gson.fromJson(Gson.java:1214) ~[gson-2.10.jar%2372!/:?]
	... 6 more
[27Sep2025 16:33:38.602] [Forge Version Check/INFO] [net.minecraftforge.fml.VersionChecker/]: [hoppergadgetry] Starting version check at https://raw.githubusercontent.com/Fuzss/modresources/main/update/hoppergadgetry.json
[27Sep2025 16:33:38.614] [Forge Version Check/INFO] [net.minecraftforge.fml.VersionChecker/]: [hoppergadgetry] Found status: UP_TO_DATE Current: 20.1.2 Target: null
[27Sep2025 16:33:38.614] [Forge Version Check/INFO] [net.minecraftforge.fml.VersionChecker/]: [mr_serversleep] Starting version check at https://api.modrinth.com/updates/Cw8IlnGM/forge_updates.json
[27Sep2025 16:33:38.691] [Forge Version Check/INFO] [net.minecraftforge.fml.VersionChecker/]: [mr_serversleep] Found status: AHEAD Current: 1-datapack Target: null
[27Sep2025 16:33:38.691] [Forge Version Check/INFO] [net.minecraftforge.fml.VersionChecker/]: [gravestone] Starting version check at https://update.maxhenkel.de/forge/gravestone
[27Sep2025 16:33:38.821] [modloading-worker-0/INFO] [KubeJS Startup/]: addonpack_alienevo:kubejs_scripts/glow_crystals.js#3: Loaded Java class 'dev.latvian.mods.kubejs.item.custom.BasicItemJS$Builder'
[27Sep2025 16:33:39.169] [Forge Version Check/INFO] [net.minecraftforge.fml.VersionChecker/]: [gravestone] Found status: OUTDATED Current: 1.20.1-1.0.32 Target: 1.20.1-1.0.33
[27Sep2025 16:33:39.169] [Forge Version Check/INFO] [net.minecraftforge.fml.VersionChecker/]: [mr_dungeons_andtaverns] Starting version check at https://api.modrinth.com/updates/tpehi7ww/forge_updates.json
[27Sep2025 16:33:39.203] [Forge Version Check/INFO] [net.minecraftforge.fml.VersionChecker/]: [mr_dungeons_andtaverns] Found status: OUTDATED Current: 3.0.3.f Target: 3.0.3.f+mod
[27Sep2025 16:33:39.203] [Forge Version Check/INFO] [net.minecraftforge.fml.VersionChecker/]: [cfm] Starting version check at https://mrcrayfish.com/modupdatejson?id=cfm
[27Sep2025 16:33:39.325] [Forge Version Check/WARN] [net.minecraftforge.fml.VersionChecker/]: Failed to process update information
com.google.gson.JsonSyntaxException: java.lang.IllegalStateException: Expected BEGIN_OBJECT but was STRING at line 1 column 1 path $
	at com.google.gson.Gson.fromJson(Gson.java:1226) ~[gson-2.10.jar%2372!/:?]
	at com.google.gson.Gson.fromJson(Gson.java:1124) ~[gson-2.10.jar%2372!/:?]
	at com.google.gson.Gson.fromJson(Gson.java:1034) ~[gson-2.10.jar%2372!/:?]
	at com.google.gson.Gson.fromJson(Gson.java:969) ~[gson-2.10.jar%2372!/:?]
	at net.minecraftforge.fml.VersionChecker$1.process(VersionChecker.java:183) ~[fmlcore-1.20.1-47.3.7.jar%23226!/:?]
	at java.lang.Iterable.forEach(Iterable.java:75) ~[?:?]
	at net.minecraftforge.fml.VersionChecker$1.run(VersionChecker.java:114) ~[fmlcore-1.20.1-47.3.7.jar%23226!/:?]
Caused by: java.lang.IllegalStateException: Expected BEGIN_OBJECT but was STRING at line 1 column 1 path $
	at com.google.gson.stream.JsonReader.beginObject(JsonReader.java:393) ~[gson-2.10.jar%2372!/:?]
	at com.google.gson.internal.bind.MapTypeAdapterFactory$Adapter.read(MapTypeAdapterFactory.java:182) ~[gson-2.10.jar%2372!/:?]
	at com.google.gson.internal.bind.MapTypeAdapterFactory$Adapter.read(MapTypeAdapterFactory.java:144) ~[gson-2.10.jar%2372!/:?]
	at com.google.gson.Gson.fromJson(Gson.java:1214) ~[gson-2.10.jar%2372!/:?]
	... 6 more
[27Sep2025 16:33:39.325] [Forge Version Check/INFO] [net.minecraftforge.fml.VersionChecker/]: [mr_limesplatus_ending] Starting version check at https://api.modrinth.com/updates/MCnBYP0b/forge_updates.json
[27Sep2025 16:33:39.357] [Forge Version Check/INFO] [net.minecraftforge.fml.VersionChecker/]: [mr_limesplatus_ending] Found status: OUTDATED Current: 1-v1.1.0c Target: 1.1.0c+mod
[27Sep2025 16:33:39.357] [Forge Version Check/INFO] [net.minecraftforge.fml.VersionChecker/]: [puzzleslib] Starting version check at https://raw.githubusercontent.com/Fuzss/modresources/main/update/puzzleslib.json
[27Sep2025 16:33:39.370] [Forge Version Check/INFO] [net.minecraftforge.fml.VersionChecker/]: [puzzleslib] Found status: UP_TO_DATE Current: 8.1.33 Target: null
[27Sep2025 16:33:39.370] [Forge Version Check/INFO] [net.minecraftforge.fml.VersionChecker/]: [toms_storage] Starting version check at https://raw.githubusercontent.com/tom5454/Toms-Storage/master/version-check.json
[27Sep2025 16:33:39.380] [Forge Version Check/INFO] [net.minecraftforge.fml.VersionChecker/]: [toms_storage] Found status: BETA Current: 1.7.1 Target: 1.7.1
[27Sep2025 16:33:39.381] [Forge Version Check/INFO] [net.minecraftforge.fml.VersionChecker/]: [aquamirae] Starting version check at https://raw.githubusercontent.com/ObscuriaLithium/Home/main/aquamirae/versions.json
[27Sep2025 16:33:39.389] [Forge Version Check/WARN] [net.minecraftforge.fml.VersionChecker/]: Failed to process update information
com.google.gson.JsonSyntaxException: java.lang.IllegalStateException: Expected BEGIN_OBJECT but was NUMBER at line 1 column 4 path $
	at com.google.gson.Gson.fromJson(Gson.java:1226) ~[gson-2.10.jar%2372!/:?]
	at com.google.gson.Gson.fromJson(Gson.java:1124) ~[gson-2.10.jar%2372!/:?]
	at com.google.gson.Gson.fromJson(Gson.java:1034) ~[gson-2.10.jar%2372!/:?]
	at com.google.gson.Gson.fromJson(Gson.java:969) ~[gson-2.10.jar%2372!/:?]
	at net.minecraftforge.fml.VersionChecker$1.process(VersionChecker.java:183) ~[fmlcore-1.20.1-47.3.7.jar%23226!/:?]
	at java.lang.Iterable.forEach(Iterable.java:75) ~[?:?]
	at net.minecraftforge.fml.VersionChecker$1.run(VersionChecker.java:114) ~[fmlcore-1.20.1-47.3.7.jar%23226!/:?]
Caused by: java.lang.IllegalStateException: Expected BEGIN_OBJECT but was NUMBER at line 1 column 4 path $
	at com.google.gson.stream.JsonReader.beginObject(JsonReader.java:393) ~[gson-2.10.jar%2372!/:?]
	at com.google.gson.internal.bind.MapTypeAdapterFactory$Adapter.read(MapTypeAdapterFactory.java:182) ~[gson-2.10.jar%2372!/:?]
	at com.google.gson.internal.bind.MapTypeAdapterFactory$Adapter.read(MapTypeAdapterFactory.java:144) ~[gson-2.10.jar%2372!/:?]
	at com.google.gson.Gson.fromJson(Gson.java:1214) ~[gson-2.10.jar%2372!/:?]
	... 6 more
[27Sep2025 16:33:39.389] [Forge Version Check/INFO] [net.minecraftforge.fml.VersionChecker/]: [presencefootsteps] Starting version check at https://forge.curseupdate.com/433068/presencefootsteps
[27Sep2025 16:33:39.427] [main/INFO] [com.mojang.authlib.yggdrasil.YggdrasilAuthenticationService/]: Environment: authHost='https://authserver.mojang.com', accountsHost='https://api.mojang.com', sessionHost='https://sessionserver.mojang.com', servicesHost='https://api.minecraftservices.com', name='PROD'
[27Sep2025 16:33:39.468] [Forge Version Check/INFO] [net.minecraftforge.fml.VersionChecker/]: [presencefootsteps] Found status: BETA Current: 1.20.1-1.9.1-beta.1 Target: 1.20.1-1.9.1-beta.1
[27Sep2025 16:33:39.564] [main/INFO] [ModernFix/]: Bypassed Mojang DFU
[27Sep2025 16:33:39.749] [main/WARN] [net.minecraftforge.registries.ForgeRegistry/REGISTRIES]: Registry minecraft:block: Object did not get ID it asked for. Name: born_in_chaos_v1:black_argillite_button Expected: 1550 Got: 1020
[27Sep2025 16:33:39.749] [main/WARN] [net.minecraftforge.registries.ForgeRegistry/REGISTRIES]: Registry minecraft:block: Object did not get ID it asked for. Name: born_in_chaos_v1:black_argillitepressureplate Expected: 1551 Got: 1025
[27Sep2025 16:33:39.749] [main/WARN] [net.minecraftforge.registries.ForgeRegistry/REGISTRIES]: Registry minecraft:block: Object did not get ID it asked for. Name: born_in_chaos_v1:black_argillite_n Expected: 1552 Got: 1034
[27Sep2025 16:33:39.750] [main/WARN] [net.minecraftforge.registries.ForgeRegistry/REGISTRIES]: Registry minecraft:block: Object did not get ID it asked for. Name: born_in_chaos_v1:black_argillite_brick_n Expected: 1553 Got: 1035
[27Sep2025 16:33:39.750] [main/WARN] [net.minecraftforge.registries.ForgeRegistry/REGISTRIES]: Registry minecraft:block: Object did not get ID it asked for. Name: born_in_chaos_v1:fired_black_argillite_n Expected: 1554 Got: 1531
[27Sep2025 16:33:39.750] [main/WARN] [net.minecraftforge.registries.ForgeRegistry/REGISTRIES]: Registry minecraft:block: Object did not get ID it asked for. Name: born_in_chaos_v1:black_argillite_brick_stairs_n Expected: 1555 Got: 1600
[27Sep2025 16:33:39.750] [main/WARN] [net.minecraftforge.registries.ForgeRegistry/REGISTRIES]: Registry minecraft:block: Object did not get ID it asked for. Name: born_in_chaos_v1:black_argillite_brick_slab_n Expected: 1556 Got: 1601
[27Sep2025 16:33:39.751] [main/WARN] [net.minecraftforge.registries.ForgeRegistry/REGISTRIES]: Registry minecraft:block: Object did not get ID it asked for. Name: born_in_chaos_v1:c_black_argillite_brick_n Expected: 1557 Got: 1602
[27Sep2025 16:33:39.751] [main/WARN] [net.minecraftforge.registries.ForgeRegistry/REGISTRIES]: Registry minecraft:block: Object did not get ID it asked for. Name: born_in_chaos_v1:black_argillite_brick_wall_n Expected: 1558 Got: 1603
[27Sep2025 16:33:39.751] [main/WARN] [net.minecraftforge.registries.ForgeRegistry/REGISTRIES]: Registry minecraft:block: Object did not get ID it asked for. Name: born_in_chaos_v1:mossy_black_argillite_brick_n Expected: 1559 Got: 1604
[27Sep2025 16:33:39.751] [main/WARN] [net.minecraftforge.registries.ForgeRegistry/REGISTRIES]: Registry minecraft:block: Object did not get ID it asked for. Name: born_in_chaos_v1:stained_black_argillite_brick_n Expected: 1560 Got: 1605
[27Sep2025 16:33:39.751] [main/WARN] [net.minecraftforge.registries.ForgeRegistry/REGISTRIES]: Registry minecraft:block: Object did not get ID it asked for. Name: born_in_chaos_v1:carved_black_argillite_n Expected: 1561 Got: 1606
[27Sep2025 16:33:39.752] [main/WARN] [net.minecraftforge.registries.ForgeRegistry/REGISTRIES]: Registry minecraft:block: Object did not get ID it asked for. Name: born_in_chaos_v1:black_argillite_column_n Expected: 1562 Got: 1607
[27Sep2025 16:33:39.752] [main/WARN] [net.minecraftforge.registries.ForgeRegistry/REGISTRIES]: Registry minecraft:block: Object did not get ID it asked for. Name: born_in_chaos_v1:black_argillite_column_slab_n Expected: 1563 Got: 1609
[27Sep2025 16:33:39.752] [main/WARN] [net.minecraftforge.registries.ForgeRegistry/REGISTRIES]: Registry minecraft:block: Object did not get ID it asked for. Name: born_in_chaos_v1:black_argillite_stairs_n Expected: 1564 Got: 1610
[27Sep2025 16:33:39.752] [main/WARN] [net.minecraftforge.registries.ForgeRegistry/REGISTRIES]: Registry minecraft:block: Object did not get ID it asked for. Name: born_in_chaos_v1:black_argillite_slab_n Expected: 1565 Got: 1611
[27Sep2025 16:33:39.752] [main/WARN] [net.minecraftforge.registries.ForgeRegistry/REGISTRIES]: Registry minecraft:block: Object did not get ID it asked for. Name: born_in_chaos_v1:black_argillite_wall_n Expected: 1566 Got: 1614
[27Sep2025 16:33:39.753] [main/WARN] [net.minecraftforge.registries.ForgeRegistry/REGISTRIES]: Registry minecraft:block: Object did not get ID it asked for. Name: born_in_chaos_v1:dark_metal_deposit Expected: 1567 Got: 1826
[27Sep2025 16:33:39.753] [main/WARN] [net.minecraftforge.registries.ForgeRegistry/REGISTRIES]: Registry minecraft:block: Object did not get ID it asked for. Name: born_in_chaos_v1:scorched_log Expected: 1568 Got: 2054
[27Sep2025 16:33:39.753] [main/WARN] [net.minecraftforge.registries.ForgeRegistry/REGISTRIES]: Registry minecraft:block: Object did not get ID it asked for. Name: born_in_chaos_v1:scorched_wood Expected: 1569 Got: 2055
[27Sep2025 16:33:39.753] [main/WARN] [net.minecraftforge.registries.ForgeRegistry/REGISTRIES]: Registry minecraft:block: Object did not get ID it asked for. Name: born_in_chaos_v1:smoldering_scorched_log Expected: 1570 Got: 2056
[27Sep2025 16:33:39.753] [main/WARN] [net.minecraftforge.registries.ForgeRegistry/REGISTRIES]: Registry minecraft:block: Object did not get ID it asked for. Name: born_in_chaos_v1:smoldering_scorched_wood Expected: 1571 Got: 2057
[27Sep2025 16:33:39.753] [main/WARN] [net.minecraftforge.registries.ForgeRegistry/REGISTRIES]: Registry minecraft:block: Object did not get ID it asked for. Name: born_in_chaos_v1:stripped_scorched_log Expected: 1572 Got: 2058
[27Sep2025 16:33:39.753] [main/WARN] [net.minecraftforge.registries.ForgeRegistry/REGISTRIES]: Registry minecraft:block: Object did not get ID it asked for. Name: born_in_chaos_v1:stripped_scorched_wood Expected: 1573 Got: 2059
[27Sep2025 16:33:39.754] [main/WARN] [net.minecraftforge.registries.ForgeRegistry/REGISTRIES]: Registry minecraft:block: Object did not get ID it asked for. Name: born_in_chaos_v1:scorched_planks Expected: 1574 Got: 2060
[27Sep2025 16:33:39.754] [main/WARN] [net.minecraftforge.registries.ForgeRegistry/REGISTRIES]: Registry minecraft:block: Object did not get ID it asked for. Name: born_in_chaos_v1:fragile_scorched_boards Expected: 1575 Got: 2061
[27Sep2025 16:33:39.754] [main/WARN] [net.minecraftforge.registries.ForgeRegistry/REGISTRIES]: Registry minecraft:block: Object did not get ID it asked for. Name: born_in_chaos_v1:scorched_planks_stairs Expected: 1576 Got: 2062
[27Sep2025 16:33:39.754] [main/WARN] [net.minecraftforge.registries.ForgeRegistry/REGISTRIES]: Registry minecraft:block: Object did not get ID it asked for. Name: born_in_chaos_v1:scorched_planks_slab Expected: 1577 Got: 2063
[27Sep2025 16:33:39.754] [main/WARN] [net.minecraftforge.registries.ForgeRegistry/REGISTRIES]: Registry minecraft:block: Object did not get ID it asked for. Name: born_in_chaos_v1:scorched_planks_fence Expected: 1578 Got: 2064
[27Sep2025 16:33:39.754] [main/WARN] [net.minecraftforge.registries.ForgeRegistry/REGISTRIES]: Registry minecraft:block: Object did not get ID it asked for. Name: born_in_chaos_v1:scorched_planks_fence_gate Expected: 1579 Got: 2065
[27Sep2025 16:33:39.755] [main/WARN] [net.minecraftforge.registries.ForgeRegistry/REGISTRIES]: Registry minecraft:block: Object did not get ID it asked for. Name: born_in_chaos_v1:scorched_planks_button Expected: 1580 Got: 2066
[27Sep2025 16:33:39.755] [main/WARN] [net.minecraftforge.registries.ForgeRegistry/REGISTRIES]: Registry minecraft:block: Object did not get ID it asked for. Name: born_in_chaos_v1:scorched_planks_pressure_plates Expected: 1581 Got: 2067
[27Sep2025 16:33:39.755] [main/WARN] [net.minecraftforge.registries.ForgeRegistry/REGISTRIES]: Registry minecraft:block: Object did not get ID it asked for. Name: born_in_chaos_v1:scorched_planks_trapdoor Expected: 1582 Got: 2068
[27Sep2025 16:33:39.755] [main/WARN] [net.minecraftforge.registries.ForgeRegistry/REGISTRIES]: Registry minecraft:block: Object did not get ID it asked for. Name: born_in_chaos_v1:scorched_planks_door Expected: 1583 Got: 2069
[27Sep2025 16:33:39.755] [main/WARN] [net.minecraftforge.registries.ForgeRegistry/REGISTRIES]: Registry minecraft:block: Object did not get ID it asked for. Name: born_in_chaos_v1:bundle_of_bones Expected: 1584 Got: 2070
[27Sep2025 16:33:39.755] [main/WARN] [net.minecraftforge.registries.ForgeRegistry/REGISTRIES]: Registry minecraft:block: Object did not get ID it asked for. Name: born_in_chaos_v1:pile_of_skulls Expected: 1585 Got: 2071
[27Sep2025 16:33:39.756] [main/WARN] [net.minecraftforge.registries.ForgeRegistry/REGISTRIES]: Registry minecraft:block: Object did not get ID it asked for. Name: born_in_chaos_v1:gnawed_bones Expected: 1586 Got: 2072
[27Sep2025 16:33:39.756] [main/WARN] [net.minecraftforge.registries.ForgeRegistry/REGISTRIES]: Registry minecraft:block: Object did not get ID it asked for. Name: born_in_chaos_v1:infected_deepslate_diamond_ore Expected: 1587 Got: 2073
[27Sep2025 16:33:39.756] [main/WARN] [net.minecraftforge.registries.ForgeRegistry/REGISTRIES]: Registry minecraft:block: Object did not get ID it asked for. Name: born_in_chaos_v1:cultivated_pumpkin Expected: 1588 Got: 2074
[27Sep2025 16:33:39.756] [main/WARN] [net.minecraftforge.registries.ForgeRegistry/REGISTRIES]: Registry minecraft:block: Object did not get ID it asked for. Name: born_in_chaos_v1:evil_carved_pumpkin Expected: 1589 Got: 2075
[27Sep2025 16:33:39.756] [main/WARN] [net.minecraftforge.registries.ForgeRegistry/REGISTRIES]: Registry minecraft:block: Object did not get ID it asked for. Name: born_in_chaos_v1:flaming_evil_pumpkin Expected: 1590 Got: 2076
[27Sep2025 16:33:39.756] [main/WARN] [net.minecraftforge.registries.ForgeRegistry/REGISTRIES]: Registry minecraft:block: Object did not get ID it asked for. Name: born_in_chaos_v1:infernal_evil_pumpkin Expected: 1591 Got: 2077
[27Sep2025 16:33:39.756] [main/WARN] [net.minecraftforge.registries.ForgeRegistry/REGISTRIES]: Registry minecraft:block: Object did not get ID it asked for. Name: born_in_chaos_v1:infernal_evil_pumpkin_s Expected: 1592 Got: 2078
[27Sep2025 16:33:39.756] [main/WARN] [net.minecraftforge.registries.ForgeRegistry/REGISTRIES]: Registry minecraft:block: Object did not get ID it asked for. Name: born_in_chaos_v1:argillite_lamp Expected: 1593 Got: 2079
[27Sep2025 16:33:39.757] [main/WARN] [net.minecraftforge.registries.ForgeRegistry/REGISTRIES]: Registry minecraft:block: Object did not get ID it asked for. Name: born_in_chaos_v1:scarlet_stained_glass Expected: 1594 Got: 2080
[27Sep2025 16:33:39.757] [main/WARN] [net.minecraftforge.registries.ForgeRegistry/REGISTRIES]: Registry minecraft:block: Object did not get ID it asked for. Name: born_in_chaos_v1:scarlet_stained_glass_panel Expected: 1595 Got: 2081
[27Sep2025 16:33:39.757] [main/WARN] [net.minecraftforge.registries.ForgeRegistry/REGISTRIES]: Registry minecraft:block: Object did not get ID it asked for. Name: born_in_chaos_v1:orange_stained_glass Expected: 1596 Got: 2082
[27Sep2025 16:33:39.757] [main/WARN] [net.minecraftforge.registries.ForgeRegistry/REGISTRIES]: Registry minecraft:block: Object did not get ID it asked for. Name: born_in_chaos_v1:orange_stained_glass_panel Expected: 1597 Got: 2083
[27Sep2025 16:33:39.757] [main/WARN] [net.minecraftforge.registries.ForgeRegistry/REGISTRIES]: Registry minecraft:block: Object did not get ID it asked for. Name: born_in_chaos_v1:green_stained_glass Expected: 1598 Got: 2084
[27Sep2025 16:33:39.757] [main/WARN] [net.minecraftforge.registries.ForgeRegistry/REGISTRIES]: Registry minecraft:block: Object did not get ID it asked for. Name: born_in_chaos_v1:green_stained_glass_panel Expected: 1599 Got: 2085
[27Sep2025 16:33:39.757] [main/WARN] [net.minecraftforge.registries.ForgeRegistry/REGISTRIES]: Registry minecraft:block: Object did not get ID it asked for. Name: born_in_chaos_v1:purple_stained_glass Expected: 1600 Got: 2086
[27Sep2025 16:33:39.758] [main/WARN] [net.minecraftforge.registries.ForgeRegistry/REGISTRIES]: Registry minecraft:block: Object did not get ID it asked for. Name: born_in_chaos_v1:purple_stained_glass_panel Expected: 1601 Got: 2087
[27Sep2025 16:33:39.758] [main/WARN] [net.minecraftforge.registries.ForgeRegistry/REGISTRIES]: Registry minecraft:block: Object did not get ID it asked for. Name: born_in_chaos_v1:dark_grid Expected: 1602 Got: 2088
[27Sep2025 16:33:39.758] [main/WARN] [net.minecraftforge.registries.ForgeRegistry/REGISTRIES]: Registry minecraft:block: Object did not get ID it asked for. Name: born_in_chaos_v1:dark_stained_glass Expected: 1603 Got: 2089
[27Sep2025 16:33:39.758] [main/WARN] [net.minecraftforge.registries.ForgeRegistry/REGISTRIES]: Registry minecraft:block: Object did not get ID it asked for. Name: born_in_chaos_v1:dark_stained_glass_panel Expected: 1604 Got: 2090
[27Sep2025 16:33:39.758] [main/WARN] [net.minecraftforge.registries.ForgeRegistry/REGISTRIES]: Registry minecraft:block: Object did not get ID it asked for. Name: born_in_chaos_v1:marigolds Expected: 1605 Got: 2091
[27Sep2025 16:33:39.758] [main/WARN] [net.minecraftforge.registries.ForgeRegistry/REGISTRIES]: Registry minecraft:block: Object did not get ID it asked for. Name: born_in_chaos_v1:cursed_scarlet_ornate_glass_pane Expected: 1606 Got: 2092
[27Sep2025 16:33:39.759] [main/WARN] [net.minecraftforge.registries.ForgeRegistry/REGISTRIES]: Registry minecraft:block: Object did not get ID it asked for. Name: born_in_chaos_v1:nightmare_stalker_skull Expected: 1607 Got: 2093
[27Sep2025 16:33:39.759] [main/WARN] [net.minecraftforge.registries.ForgeRegistry/REGISTRIES]: Registry minecraft:block: Object did not get ID it asked for. Name: born_in_chaos_v1:puddleofintoxication Expected: 1608 Got: 2094
[27Sep2025 16:33:39.759] [main/WARN] [net.minecraftforge.registries.ForgeRegistry/REGISTRIES]: Registry minecraft:block: Object did not get ID it asked for. Name: born_in_chaos_v1:hound_trap Expected: 1609 Got: 2095
[27Sep2025 16:33:39.759] [main/WARN] [net.minecraftforge.registries.ForgeRegistry/REGISTRIES]: Registry minecraft:block: Object did not get ID it asked for. Name: born_in_chaos_v1:closed_hound_trap Expected: 1610 Got: 2096
[27Sep2025 16:33:39.759] [main/WARN] [net.minecraftforge.registries.ForgeRegistry/REGISTRIES]: Registry minecraft:block: Object did not get ID it asked for. Name: born_in_chaos_v1:spiny_shell_trap Expected: 1611 Got: 2097
[27Sep2025 16:33:39.759] [main/WARN] [net.minecraftforge.registries.ForgeRegistry/REGISTRIES]: Registry minecraft:block: Object did not get ID it asked for. Name: born_in_chaos_v1:river_mint Expected: 1612 Got: 2098
[27Sep2025 16:33:39.759] [main/WARN] [net.minecraftforge.registries.ForgeRegistry/REGISTRIES]: Registry minecraft:block: Object did not get ID it asked for. Name: born_in_chaos_v1:fel_soil Expected: 1613 Got: 2099
[27Sep2025 16:33:39.759] [main/WARN] [net.minecraftforge.registries.ForgeRegistry/REGISTRIES]: Registry minecraft:block: Object did not get ID it asked for. Name: born_in_chaos_v1:fel_soil_destructible Expected: 1614 Got: 2100
[27Sep2025 16:33:39.760] [main/WARN] [net.minecraftforge.registries.ForgeRegistry/REGISTRIES]: Registry minecraft:block: Object did not get ID it asked for. Name: born_in_chaos_v1:puddleof_stimulation Expected: 1615 Got: 2101
[27Sep2025 16:33:39.760] [main/WARN] [net.minecraftforge.registries.ForgeRegistry/REGISTRIES]: Registry minecraft:block: Object did not get ID it asked for. Name: born_in_chaos_v1:tombstone_dark_titan_066 Expected: 1616 Got: 2102
[27Sep2025 16:33:39.760] [main/WARN] [net.minecraftforge.registries.ForgeRegistry/REGISTRIES]: Registry minecraft:block: Object did not get ID it asked for. Name: born_in_chaos_v1:tombstone_petasi Expected: 1617 Got: 2103
[27Sep2025 16:33:39.760] [main/WARN] [net.minecraftforge.registries.ForgeRegistry/REGISTRIES]: Registry minecraft:block: Object did not get ID it asked for. Name: born_in_chaos_v1:rotten_soil Expected: 1618 Got: 2104
[27Sep2025 16:33:39.760] [main/WARN] [net.minecraftforge.registries.ForgeRegistry/REGISTRIES]: Registry minecraft:block: Object did not get ID it asked for. Name: born_in_chaos_v1:tombstone_2003wise Expected: 1619 Got: 2105
[27Sep2025 16:33:39.760] [main/WARN] [net.minecraftforge.registries.ForgeRegistry/REGISTRIES]: Registry minecraft:block: Object did not get ID it asked for. Name: born_in_chaos_v1:tombstone_orion Expected: 1620 Got: 2106
[27Sep2025 16:33:39.760] [main/WARN] [net.minecraftforge.registries.ForgeRegistry/REGISTRIES]: Registry minecraft:block: Object did not get ID it asked for. Name: born_in_chaos_v1:cobweb_cover Expected: 1621 Got: 2107
[27Sep2025 16:33:39.760] [main/WARN] [net.minecraftforge.registries.ForgeRegistry/REGISTRIES]: Registry minecraft:block: Object did not get ID it asked for. Name: born_in_chaos_v1:webbed_cobblestone Expected: 1622 Got: 2108
[27Sep2025 16:33:39.760] [main/WARN] [net.minecraftforge.registries.ForgeRegistry/REGISTRIES]: Registry minecraft:block: Object did not get ID it asked for. Name: born_in_chaos_v1:dark_ice Expected: 1623 Got: 2109
[27Sep2025 16:33:39.760] [main/WARN] [net.minecraftforge.registries.ForgeRegistry/REGISTRIES]: Registry minecraft:block: Object did not get ID it asked for. Name: born_in_chaos_v1:lifestealer_skull Expected: 1624 Got: 2110
[27Sep2025 16:33:39.760] [main/WARN] [net.minecraftforge.registries.ForgeRegistry/REGISTRIES]: Registry minecraft:block: Object did not get ID it asked for. Name: born_in_chaos_v1:tombstone_derivas Expected: 1625 Got: 2111
[27Sep2025 16:33:39.761] [main/WARN] [net.minecraftforge.registries.ForgeRegistry/REGISTRIES]: Registry minecraft:block: Object did not get ID it asked for. Name: born_in_chaos_v1:tombstone_fubuki_banzai Expected: 1626 Got: 2112
[27Sep2025 16:33:39.761] [main/WARN] [net.minecraftforge.registries.ForgeRegistry/REGISTRIES]: Registry minecraft:block: Object did not get ID it asked for. Name: born_in_chaos_v1:rotten_infernal_pumpkin Expected: 1627 Got: 2113
[27Sep2025 16:33:39.761] [main/WARN] [net.minecraftforge.registries.ForgeRegistry/REGISTRIES]: Registry minecraft:block: Object did not get ID it asked for. Name: born_in_chaos_v1:spooky_snowman_head Expected: 1628 Got: 2114
[27Sep2025 16:33:39.761] [main/WARN] [net.minecraftforge.registries.ForgeRegistry/REGISTRIES]: Registry minecraft:block: Object did not get ID it asked for. Name: born_in_chaos_v1:creepy_nutcracker Expected: 1629 Got: 2115
[27Sep2025 16:33:39.761] [main/WARN] [net.minecraftforge.registries.ForgeRegistry/REGISTRIES]: Registry minecraft:block: Object did not get ID it asked for. Name: born_in_chaos_v1:tombstone_somfunambulist Expected: 1630 Got: 2116
[27Sep2025 16:33:39.761] [main/WARN] [net.minecraftforge.registries.ForgeRegistry/REGISTRIES]: Registry minecraft:block: Object did not get ID it asked for. Name: born_in_chaos_v1:tombstone_memesus Expected: 1631 Got: 2117
[27Sep2025 16:33:39.761] [main/WARN] [net.minecraftforge.registries.ForgeRegistry/REGISTRIES]: Registry minecraft:block: Object did not get ID it asked for. Name: born_in_chaos_v1:tombstone_tem_187 Expected: 1632 Got: 2118
[27Sep2025 16:33:39.761] [main/WARN] [net.minecraftforge.registries.ForgeRegistry/REGISTRIES]: Registry minecraft:block: Object did not get ID it asked for. Name: born_in_chaos_v1:tombstone_carrion Expected: 1633 Got: 2119
[27Sep2025 16:33:39.762] [main/WARN] [net.minecraftforge.registries.ForgeRegistry/REGISTRIES]: Registry minecraft:block: Object did not get ID it asked for. Name: born_in_chaos_v1:tombstone_2_dling Expected: 1634 Got: 2120
[27Sep2025 16:33:39.762] [main/WARN] [net.minecraftforge.registries.ForgeRegistry/REGISTRIES]: Registry minecraft:block: Object did not get ID it asked for. Name: born_in_chaos_v1:tombstone_euthymia Expected: 1635 Got: 2121
[27Sep2025 16:33:39.762] [main/WARN] [net.minecraftforge.registries.ForgeRegistry/REGISTRIES]: Registry minecraft:block: Object did not get ID it asked for. Name: born_in_chaos_v1:tombstone_feral Expected: 1636 Got: 2122
[27Sep2025 16:33:39.762] [main/WARN] [net.minecraftforge.registries.ForgeRegistry/REGISTRIES]: Registry minecraft:block: Object did not get ID it asked for. Name: born_in_chaos_v1:tombstone_mike_rory Expected: 1637 Got: 2123
[27Sep2025 16:33:39.762] [main/WARN] [net.minecraftforge.registries.ForgeRegistry/REGISTRIES]: Registry minecraft:block: Object did not get ID it asked for. Name: born_in_chaos_v1:tombstone_d_4rkdevilx Expected: 1638 Got: 2124
[27Sep2025 16:33:39.762] [main/WARN] [net.minecraftforge.registries.ForgeRegistry/REGISTRIES]: Registry minecraft:block: Object did not get ID it asked for. Name: born_in_chaos_v1:tombstone_rotborne Expected: 1639 Got: 2125
[27Sep2025 16:33:39.762] [main/WARN] [net.minecraftforge.registries.ForgeRegistry/REGISTRIES]: Registry minecraft:block: Object did not get ID it asked for. Name: born_in_chaos_v1:tombstone_the_gentleman_frog Expected: 1640 Got: 2126
[27Sep2025 16:33:39.762] [main/WARN] [net.minecraftforge.registries.ForgeRegistry/REGISTRIES]: Registry minecraft:block: Object did not get ID it asked for. Name: born_in_chaos_v1:tombstone_plug Expected: 1641 Got: 2127
[27Sep2025 16:33:39.762] [main/WARN] [net.minecraftforge.registries.ForgeRegistry/REGISTRIES]: Registry minecraft:block: Object did not get ID it asked for. Name: born_in_chaos_v1:tombstone_nino_4416 Expected: 1642 Got: 2128
[27Sep2025 16:33:39.765] [main/WARN] [net.minecraftforge.registries.ForgeRegistry/REGISTRIES]: Registry minecraft:item: Object did not get ID it asked for. Name: born_in_chaos_v1:shattered_skull Expected: 2975 Got: 1288
[27Sep2025 16:33:39.765] [main/WARN] [net.minecraftforge.registries.ForgeRegistry/REGISTRIES]: Registry minecraft:item: Object did not get ID it asked for. Name: born_in_chaos_v1:mesh_door Expected: 2976 Got: 1289
[27Sep2025 16:33:39.765] [main/WARN] [net.minecraftforge.registries.ForgeRegistry/REGISTRIES]: Registry minecraft:item: Object did not get ID it asked for. Name: born_in_chaos_v1:smoked_flesh Expected: 2977 Got: 1294
[27Sep2025 16:33:39.765] [main/WARN] [net.minecraftforge.registries.ForgeRegistry/REGISTRIES]: Registry minecraft:item: Object did not get ID it asked for. Name: born_in_chaos_v1:magicskull Expected: 2978 Got: 1300
[27Sep2025 16:33:39.765] [main/WARN] [net.minecraftforge.registries.ForgeRegistry/REGISTRIES]: Registry minecraft:item: Object did not get ID it asked for. Name: born_in_chaos_v1:diamond_termite_shard Expected: 2979 Got: 1301
[27Sep2025 16:33:39.765] [main/WARN] [net.minecraftforge.registries.ForgeRegistry/REGISTRIES]: Registry minecraft:item: Object did not get ID it asked for. Name: born_in_chaos_v1:fire_dust Expected: 2980 Got: 1302
[27Sep2025 16:33:39.766] [main/WARN] [net.minecraftforge.registries.ForgeRegistry/REGISTRIES]: Registry minecraft:item: Object did not get ID it asked for. Name: born_in_chaos_v1:seedof_chaos Expected: 2981 Got: 1303
[27Sep2025 16:33:39.766] [main/WARN] [net.minecraftforge.registries.ForgeRegistry/REGISTRIES]: Registry minecraft:item: Object did not get ID it asked for. Name: born_in_chaos_v1:infected_diamond_ore Expected: 2982 Got: 1304
[27Sep2025 16:33:39.766] [main/WARN] [net.minecraftforge.registries.ForgeRegistry/REGISTRIES]: Registry minecraft:item: Object did not get ID it asked for. Name: born_in_chaos_v1:orbofthe_summoner Expected: 2983 Got: 1305
[27Sep2025 16:33:39.766] [main/WARN] [net.minecraftforge.registries.ForgeRegistry/REGISTRIES]: Registry minecraft:item: Object did not get ID it asked for. Name: born_in_chaos_v1:pieceofdarkmetal Expected: 2984 Got: 1306
[27Sep2025 16:33:39.766] [main/WARN] [net.minecraftforge.registries.ForgeRegistry/REGISTRIES]: Registry minecraft:item: Object did not get ID it asked for. Name: born_in_chaos_v1:pileof_dark_metal Expected: 2985 Got: 1307
[27Sep2025 16:33:39.766] [main/WARN] [net.minecraftforge.registries.ForgeRegistry/REGISTRIES]: Registry minecraft:item: Object did not get ID it asked for. Name: born_in_chaos_v1:dark_metal_ingot Expected: 2986 Got: 1308
[27Sep2025 16:33:39.766] [main/WARN] [net.minecraftforge.registries.ForgeRegistry/REGISTRIES]: Registry minecraft:item: Object did not get ID it asked for. Name: born_in_chaos_v1:nightmare_claw Expected: 2987 Got: 1309
[27Sep2025 16:33:39.767] [main/WARN] [net.minecraftforge.registries.ForgeRegistry/REGISTRIES]: Registry minecraft:item: Object did not get ID it asked for. Name: born_in_chaos_v1:monster_skin Expected: 2988 Got: 1310
[27Sep2025 16:33:39.767] [main/WARN] [net.minecraftforge.registries.ForgeRegistry/REGISTRIES]: Registry minecraft:item: Object did not get ID it asked for. Name: born_in_chaos_v1:ethereal_spirit Expected: 2989 Got: 1311
[27Sep2025 16:33:39.767] [main/WARN] [net.minecraftforge.registries.ForgeRegistry/REGISTRIES]: Registry minecraft:item: Object did not get ID it asked for. Name: born_in_chaos_v1:death_totem Expected: 2990 Got: 1312
[27Sep2025 16:33:39.767] [main/WARN] [net.minecraftforge.registries.ForgeRegistry/REGISTRIES]: Registry minecraft:item: Object did not get ID it asked for. Name: born_in_chaos_v1:bone_handle Expected: 2991 Got: 1313
[27Sep2025 16:33:39.767] [main/WARN] [net.minecraftforge.registries.ForgeRegistry/REGISTRIES]: Registry minecraft:item: Object did not get ID it asked for. Name: born_in_chaos_v1:nightmare_scythe Expected: 2992 Got: 1314
[27Sep2025 16:33:39.767] [main/WARN] [net.minecraftforge.registries.ForgeRegistry/REGISTRIES]: Registry minecraft:item: Object did not get ID it asked for. Name: born_in_chaos_v1:great_reaper_axe Expected: 2993 Got: 1315
[27Sep2025 16:33:39.767] [main/WARN] [net.minecraftforge.registries.ForgeRegistry/REGISTRIES]: Registry minecraft:item: Object did not get ID it asked for. Name: born_in_chaos_v1:dark_ritual_dagger Expected: 2994 Got: 1321
[27Sep2025 16:33:39.767] [main/WARN] [net.minecraftforge.registries.ForgeRegistry/REGISTRIES]: Registry minecraft:item: Object did not get ID it asked for. Name: born_in_chaos_v1:skullbreaker_hammer Expected: 2995 Got: 1323
[27Sep2025 16:33:39.767] [main/WARN] [net.minecraftforge.registries.ForgeRegistry/REGISTRIES]: Registry minecraft:item: Object did not get ID it asked for. Name: born_in_chaos_v1:dark_metal_block Expected: 2996 Got: 1325
[27Sep2025 16:33:39.767] [main/WARN] [net.minecraftforge.registries.ForgeRegistry/REGISTRIES]: Registry minecraft:item: Object did not get ID it asked for. Name: born_in_chaos_v1:black_argillite Expected: 2997 Got: 1333
[27Sep2025 16:33:39.768] [main/WARN] [net.minecraftforge.registries.ForgeRegistry/REGISTRIES]: Registry minecraft:item: Object did not get ID it asked for. Name: born_in_chaos_v1:black_argillite_brick Expected: 2998 Got: 1334
[27Sep2025 16:33:39.768] [main/WARN] [net.minecraftforge.registries.ForgeRegistry/REGISTRIES]: Registry minecraft:item: Object did not get ID it asked for. Name: born_in_chaos_v1:fired_black_argillite Expected: 2999 Got: 1335
[27Sep2025 16:33:39.768] [main/WARN] [net.minecraftforge.registries.ForgeRegistry/REGISTRIES]: Registry minecraft:item: Object did not get ID it asked for. Name: born_in_chaos_v1:black_argillite_brick_stairs Expected: 3000 Got: 1336
[27Sep2025 16:33:39.768] [main/WARN] [net.minecraftforge.registries.ForgeRegistry/REGISTRIES]: Registry minecraft:item: Object did not get ID it asked for. Name: born_in_chaos_v1:black_argillite_brick_slab Expected: 3001 Got: 1341
[27Sep2025 16:33:39.768] [main/WARN] [net.minecraftforge.registries.ForgeRegistry/REGISTRIES]: Registry minecraft:item: Object did not get ID it asked for. Name: born_in_chaos_v1:chipped_black_argillite_brick Expected: 3002 Got: 1342
[27Sep2025 16:33:39.768] [main/WARN] [net.minecraftforge.registries.ForgeRegistry/REGISTRIES]: Registry minecraft:item: Object did not get ID it asked for. Name: born_in_chaos_v1:black_argillite_brick_wall Expected: 3003 Got: 1343
[27Sep2025 16:33:39.768] [main/WARN] [net.minecraftforge.registries.ForgeRegistry/REGISTRIES]: Registry minecraft:item: Object did not get ID it asked for. Name: born_in_chaos_v1:mossy_black_argillite_brick Expected: 3004 Got: 1344
[27Sep2025 16:33:39.768] [main/WARN] [net.minecraftforge.registries.ForgeRegistry/REGISTRIES]: Registry minecraft:item: Object did not get ID it asked for. Name: born_in_chaos_v1:stained_black_argillite_brick Expected: 3005 Got: 1345
[27Sep2025 16:33:39.768] [main/WARN] [net.minecraftforge.registries.ForgeRegistry/REGISTRIES]: Registry minecraft:item: Object did not get ID it asked for. Name: born_in_chaos_v1:carved_black_argillite Expected: 3006 Got: 1346
[27Sep2025 16:33:39.768] [main/WARN] [net.minecraftforge.registries.ForgeRegistry/REGISTRIES]: Registry minecraft:item: Object did not get ID it asked for. Name: born_in_chaos_v1:black_argillite_column Expected: 3007 Got: 1347
[27Sep2025 16:33:39.768] [main/WARN] [net.minecraftforge.registries.ForgeRegistry/REGISTRIES]: Registry minecraft:item: Object did not get ID it asked for. Name: born_in_chaos_v1:black_argillite_column_slab Expected: 3008 Got: 1348
[27Sep2025 16:33:39.768] [main/WARN] [net.minecraftforge.registries.ForgeRegistry/REGISTRIES]: Registry minecraft:item: Object did not get ID it asked for. Name: born_in_chaos_v1:black_argillite_stairs Expected: 3009 Got: 1349
[27Sep2025 16:33:39.769] [main/WARN] [net.minecraftforge.registries.ForgeRegistry/REGISTRIES]: Registry minecraft:item: Object did not get ID it asked for. Name: born_in_chaos_v1:black_argillite_slab Expected: 3010 Got: 1352
[27Sep2025 16:33:39.769] [main/WARN] [net.minecraftforge.registries.ForgeRegistry/REGISTRIES]: Registry minecraft:item: Object did not get ID it asked for. Name: born_in_chaos_v1:black_argillite_wall Expected: 3011 Got: 1353
[27Sep2025 16:33:39.769] [main/WARN] [net.minecraftforge.registries.ForgeRegistry/REGISTRIES]: Registry minecraft:item: Object did not get ID it asked for. Name: born_in_chaos_v1:black_argillite_button Expected: 3012 Got: 1354
[27Sep2025 16:33:39.769] [main/WARN] [net.minecraftforge.registries.ForgeRegistry/REGISTRIES]: Registry minecraft:item: Object did not get ID it asked for. Name: born_in_chaos_v1:black_argillitepressureplate Expected: 3013 Got: 1355
[27Sep2025 16:33:39.769] [main/WARN] [net.minecraftforge.registries.ForgeRegistry/REGISTRIES]: Registry minecraft:item: Object did not get ID it asked for. Name: born_in_chaos_v1:black_argillite_n Expected: 3014 Got: 1356
[27Sep2025 16:33:39.769] [main/WARN] [net.minecraftforge.registries.ForgeRegistry/REGISTRIES]: Registry minecraft:item: Object did not get ID it asked for. Name: born_in_chaos_v1:black_argillite_brick_n Expected: 3015 Got: 1357
[27Sep2025 16:33:39.769] [main/WARN] [net.minecraftforge.registries.ForgeRegistry/REGISTRIES]: Registry minecraft:item: Object did not get ID it asked for. Name: born_in_chaos_v1:fired_black_argillite_n Expected: 3016 Got: 1358
[27Sep2025 16:33:39.769] [main/WARN] [net.minecraftforge.registries.ForgeRegistry/REGISTRIES]: Registry minecraft:item: Object did not get ID it asked for. Name: born_in_chaos_v1:black_argillite_brick_stairs_n Expected: 3017 Got: 1368
[27Sep2025 16:33:39.769] [main/WARN] [net.minecraftforge.registries.ForgeRegistry/REGISTRIES]: Registry minecraft:item: Object did not get ID it asked for. Name: born_in_chaos_v1:black_argillite_brick_slab_n Expected: 3018 Got: 1369
[27Sep2025 16:33:39.769] [main/WARN] [net.minecraftforge.registries.ForgeRegistry/REGISTRIES]: Registry minecraft:item: Object did not get ID it asked for. Name: born_in_chaos_v1:c_black_argillite_brick_n Expected: 3019 Got: 1370
[27Sep2025 16:33:39.770] [main/WARN] [net.minecraftforge.registries.ForgeRegistry/REGISTRIES]: Registry minecraft:item: Object did not get ID it asked for. Name: born_in_chaos_v1:black_argillite_brick_wall_n Expected: 3020 Got: 1373
[27Sep2025 16:33:39.770] [main/WARN] [net.minecraftforge.registries.ForgeRegistry/REGISTRIES]: Registry minecraft:item: Object did not get ID it asked for. Name: born_in_chaos_v1:mossy_black_argillite_brick_n Expected: 3021 Got: 1374
[27Sep2025 16:33:39.770] [main/WARN] [net.minecraftforge.registries.ForgeRegistry/REGISTRIES]: Registry minecraft:item: Object did not get ID it asked for. Name: born_in_chaos_v1:stained_black_argillite_brick_n Expected: 3022 Got: 1375
[27Sep2025 16:33:39.770] [main/WARN] [net.minecraftforge.registries.ForgeRegistry/REGISTRIES]: Registry minecraft:item: Object did not get ID it asked for. Name: born_in_chaos_v1:carved_black_argillite_n Expected: 3023 Got: 1376
[27Sep2025 16:33:39.770] [main/WARN] [net.minecraftforge.registries.ForgeRegistry/REGISTRIES]: Registry minecraft:item: Object did not get ID it asked for. Name: born_in_chaos_v1:black_argillite_column_n Expected: 3024 Got: 1377
[27Sep2025 16:33:39.770] [main/WARN] [net.minecraftforge.registries.ForgeRegistry/REGISTRIES]: Registry minecraft:item: Object did not get ID it asked for. Name: born_in_chaos_v1:black_argillite_column_slab_n Expected: 3025 Got: 1386
[27Sep2025 16:33:39.770] [main/WARN] [net.minecraftforge.registries.ForgeRegistry/REGISTRIES]: Registry minecraft:item: Object did not get ID it asked for. Name: born_in_chaos_v1:black_argillite_stairs_n Expected: 3026 Got: 1393
[27Sep2025 16:33:39.770] [main/WARN] [net.minecraftforge.registries.ForgeRegistry/REGISTRIES]: Registry minecraft:item: Object did not get ID it asked for. Name: born_in_chaos_v1:black_argillite_slab_n Expected: 3027 Got: 1394
[27Sep2025 16:33:39.770] [main/WARN] [net.minecraftforge.registries.ForgeRegistry/REGISTRIES]: Registry minecraft:item: Object did not get ID it asked for. Name: born_in_chaos_v1:black_argillite_wall_n Expected: 3028 Got: 1395
[27Sep2025 16:33:39.771] [main/WARN] [net.minecraftforge.registries.ForgeRegistry/REGISTRIES]: Registry minecraft:item: Object did not get ID it asked for. Name: born_in_chaos_v1:dark_metal_armor_helmet Expected: 3029 Got: 1396
[27Sep2025 16:33:39.771] [main/WARN] [net.minecraftforge.registries.ForgeRegistry/REGISTRIES]: Registry minecraft:item: Object did not get ID it asked for. Name: born_in_chaos_v1:dark_metal_armor_chestplate Expected: 3030 Got: 1397
[27Sep2025 16:33:39.771] [main/WARN] [net.minecraftforge.registries.ForgeRegistry/REGISTRIES]: Registry minecraft:item: Object did not get ID it asked for. Name: born_in_chaos_v1:dark_metal_armor_leggings Expected: 3031 Got: 1398
[27Sep2025 16:33:39.771] [main/WARN] [net.minecraftforge.registries.ForgeRegistry/REGISTRIES]: Registry minecraft:item: Object did not get ID it asked for. Name: born_in_chaos_v1:dark_metal_armor_boots Expected: 3032 Got: 1399
[27Sep2025 16:33:39.771] [main/WARN] [net.minecraftforge.registries.ForgeRegistry/REGISTRIES]: Registry minecraft:item: Object did not get ID it asked for. Name: born_in_chaos_v1:armor_plate_from_dark_metal Expected: 3033 Got: 1400
[27Sep2025 16:33:39.771] [main/WARN] [net.minecraftforge.registries.ForgeRegistry/REGISTRIES]: Registry minecraft:item: Object did not get ID it asked for. Name: born_in_chaos_v1:supreme_measure Expected: 3034 Got: 1401
[27Sep2025 16:33:39.771] [main/WARN] [net.minecraftforge.registries.ForgeRegistry/REGISTRIES]: Registry minecraft:item: Object did not get ID it asked for. Name: born_in_chaos_v1:dark_metal_deposit Expected: 3035 Got: 1402
[27Sep2025 16:33:39.771] [main/WARN] [net.minecraftforge.registries.ForgeRegistry/REGISTRIES]: Registry minecraft:item: Object did not get ID it asked for. Name: born_in_chaos_v1:ai Expected: 3036 Got: 1403
[27Sep2025 16:33:39.772] [main/WARN] [net.minecraftforge.registries.ForgeRegistry/REGISTRIES]: Registry minecraft:item: Object did not get ID it asked for. Name: born_in_chaos_v1:scorched_log Expected: 3037 Got: 1404
[27Sep2025 16:33:39.772] [main/WARN] [net.minecraftforge.registries.ForgeRegistry/REGISTRIES]: Registry minecraft:item: Object did not get ID it asked for. Name: born_in_chaos_v1:scorched_wood Expected: 3038 Got: 1405
[27Sep2025 16:33:39.772] [main/WARN] [net.minecraftforge.registries.ForgeRegistry/REGISTRIES]: Registry minecraft:item: Object did not get ID it asked for. Name: born_in_chaos_v1:smoldering_scorched_log Expected: 3039 Got: 1406
[27Sep2025 16:33:39.772] [main/WARN] [net.minecraftforge.registries.ForgeRegistry/REGISTRIES]: Registry minecraft:item: Object did not get ID it asked for. Name: born_in_chaos_v1:smoldering_scorched_wood Expected: 3040 Got: 1407
[27Sep2025 16:33:39.772] [main/WARN] [net.minecraftforge.registries.ForgeRegistry/REGISTRIES]: Registry minecraft:item: Object did not get ID it asked for. Name: born_in_chaos_v1:stripped_scorched_log Expected: 3041 Got: 1410
[27Sep2025 16:33:39.772] [main/WARN] [net.minecraftforge.registries.ForgeRegistry/REGISTRIES]: Registry minecraft:item: Object did not get ID it asked for. Name: born_in_chaos_v1:stripped_scorched_wood Expected: 3042 Got: 1411
[27Sep2025 16:33:39.772] [main/WARN] [net.minecraftforge.registries.ForgeRegistry/REGISTRIES]: Registry minecraft:item: Object did not get ID it asked for. Name: born_in_chaos_v1:scorched_planks Expected: 3043 Got: 1412
[27Sep2025 16:33:39.772] [main/WARN] [net.minecraftforge.registries.ForgeRegistry/REGISTRIES]: Registry minecraft:item: Object did not get ID it asked for. Name: born_in_chaos_v1:fragile_scorched_boards Expected: 3044 Got: 1413
[27Sep2025 16:33:39.773] [main/WARN] [net.minecraftforge.registries.ForgeRegistry/REGISTRIES]: Registry minecraft:item: Object did not get ID it asked for. Name: born_in_chaos_v1:scorched_planks_stairs Expected: 3045 Got: 1414
[27Sep2025 16:33:39.773] [main/WARN] [net.minecraftforge.registries.ForgeRegistry/REGISTRIES]: Registry minecraft:item: Object did not get ID it asked for. Name: born_in_chaos_v1:scorched_planks_slab Expected: 3046 Got: 1415
[27Sep2025 16:33:39.773] [main/WARN] [net.minecraftforge.registries.ForgeRegistry/REGISTRIES]: Registry minecraft:item: Object did not get ID it asked for. Name: born_in_chaos_v1:scorched_planks_fence Expected: 3047 Got: 1416
[27Sep2025 16:33:39.773] [main/WARN] [net.minecraftforge.registries.ForgeRegistry/REGISTRIES]: Registry minecraft:item: Object did not get ID it asked for. Name: born_in_chaos_v1:scorched_planks_fence_gate Expected: 3048 Got: 1417
[27Sep2025 16:33:39.773] [main/WARN] [net.minecraftforge.registries.ForgeRegistry/REGISTRIES]: Registry minecraft:item: Object did not get ID it asked for. Name: born_in_chaos_v1:scorched_planks_button Expected: 3049 Got: 1418
[27Sep2025 16:33:39.773] [main/WARN] [net.minecraftforge.registries.ForgeRegistry/REGISTRIES]: Registry minecraft:item: Object did not get ID it asked for. Name: born_in_chaos_v1:scorched_planks_pressure_plates Expected: 3050 Got: 1419
[27Sep2025 16:33:39.773] [main/WARN] [net.minecraftforge.registries.ForgeRegistry/REGISTRIES]: Registry minecraft:item: Object did not get ID it asked for. Name: born_in_chaos_v1:scorched_planks_trapdoor Expected: 3051 Got: 1420
[27Sep2025 16:33:39.773] [main/WARN] [net.minecraftforge.registries.ForgeRegistry/REGISTRIES]: Registry minecraft:item: Object did not get ID it asked for. Name: born_in_chaos_v1:scorched_planks_door Expected: 3052 Got: 1421
[27Sep2025 16:33:39.774] [main/WARN] [net.minecraftforge.registries.ForgeRegistry/REGISTRIES]: Registry minecraft:item: Object did not get ID it asked for. Name: born_in_chaos_v1:bundle_of_bones Expected: 3053 Got: 1422
[27Sep2025 16:33:39.774] [main/WARN] [net.minecraftforge.registries.ForgeRegistry/REGISTRIES]: Registry minecraft:item: Object did not get ID it asked for. Name: born_in_chaos_v1:pile_of_skulls Expected: 3054 Got: 1423
[27Sep2025 16:33:39.774] [main/WARN] [net.minecraftforge.registries.ForgeRegistry/REGISTRIES]: Registry minecraft:item: Object did not get ID it asked for. Name: born_in_chaos_v1:gnawed_bones Expected: 3055 Got: 1424
[27Sep2025 16:33:39.774] [main/WARN] [net.minecraftforge.registries.ForgeRegistry/REGISTRIES]: Registry minecraft:item: Object did not get ID it asked for. Name: born_in_chaos_v1:bottle_of_magical_energy Expected: 3056 Got: 1425
[27Sep2025 16:33:39.774] [main/WARN] [net.minecraftforge.registries.ForgeRegistry/REGISTRIES]: Registry minecraft:item: Object did not get ID it asked for. Name: born_in_chaos_v1:sharpened_dark_metal_sword Expected: 3057 Got: 1426
[27Sep2025 16:33:39.774] [main/WARN] [net.minecraftforge.registries.ForgeRegistry/REGISTRIES]: Registry minecraft:item: Object did not get ID it asked for. Name: born_in_chaos_v1:infected_deepslate_diamond_ore Expected: 3058 Got: 1427
[27Sep2025 16:33:39.774] [main/WARN] [net.minecraftforge.registries.ForgeRegistry/REGISTRIES]: Registry minecraft:item: Object did not get ID it asked for. Name: born_in_chaos_v1:spiritual_sword Expected: 3059 Got: 1428
[27Sep2025 16:33:39.775] [main/WARN] [net.minecraftforge.registries.ForgeRegistry/REGISTRIES]: Registry minecraft:item: Object did not get ID it asked for. Name: born_in_chaos_v1:soul_cutlass Expected: 3060 Got: 1429
[27Sep2025 16:33:39.775] [main/WARN] [net.minecraftforge.registries.ForgeRegistry/REGISTRIES]: Registry minecraft:item: Object did not get ID it asked for. Name: born_in_chaos_v1:holiday_candy Expected: 3061 Got: 1430
[27Sep2025 16:33:39.775] [main/WARN] [net.minecraftforge.registries.ForgeRegistry/REGISTRIES]: Registry minecraft:item: Object did not get ID it asked for. Name: born_in_chaos_v1:cultivated_pumpkin Expected: 3062 Got: 1431
[27Sep2025 16:33:39.775] [main/WARN] [net.minecraftforge.registries.ForgeRegistry/REGISTRIES]: Registry minecraft:item: Object did not get ID it asked for. Name: born_in_chaos_v1:evil_carved_pumpkin Expected: 3063 Got: 1432
[27Sep2025 16:33:39.775] [main/WARN] [net.minecraftforge.registries.ForgeRegistry/REGISTRIES]: Registry minecraft:item: Object did not get ID it asked for. Name: born_in_chaos_v1:flaming_evil_pumpkin Expected: 3064 Got: 1433
[27Sep2025 16:33:39.776] [main/WARN] [net.minecraftforge.registries.ForgeRegistry/REGISTRIES]: Registry minecraft:item: Object did not get ID it asked for. Name: born_in_chaos_v1:infernal_evil_pumpkin Expected: 3065 Got: 1434
[27Sep2025 16:33:39.776] [main/WARN] [net.minecraftforge.registries.ForgeRegistry/REGISTRIES]: Registry minecraft:item: Object did not get ID it asked for. Name: born_in_chaos_v1:infernal_evil_pumpkin_s Expected: 3066 Got: 1436
[27Sep2025 16:33:39.776] [main/WARN] [net.minecraftforge.registries.ForgeRegistry/REGISTRIES]: Registry minecraft:item: Object did not get ID it asked for. Name: born_in_chaos_v1:argillite_lamp Expected: 3067 Got: 1437
[27Sep2025 16:33:39.777] [main/WARN] [net.minecraftforge.registries.ForgeRegistry/REGISTRIES]: Registry minecraft:item: Object did not get ID it asked for. Name: born_in_chaos_v1:intoxicating_dagger Expected: 3068 Got: 1438
[27Sep2025 16:33:39.777] [main/WARN] [net.minecraftforge.registries.ForgeRegistry/REGISTRIES]: Registry minecraft:item: Object did not get ID it asked for. Name: born_in_chaos_v1:intoxicating_decoction Expected: 3069 Got: 1439
[27Sep2025 16:33:39.777] [main/WARN] [net.minecraftforge.registries.ForgeRegistry/REGISTRIES]: Registry minecraft:item: Object did not get ID it asked for. Name: born_in_chaos_v1:scarlet_stained_glass Expected: 3070 Got: 1440
[27Sep2025 16:33:39.777] [main/WARN] [net.minecraftforge.registries.ForgeRegistry/REGISTRIES]: Registry minecraft:item: Object did not get ID it asked for. Name: born_in_chaos_v1:scarlet_stained_glass_panel Expected: 3071 Got: 1441
[27Sep2025 16:33:39.777] [main/WARN] [net.minecraftforge.registries.ForgeRegistry/REGISTRIES]: Registry minecraft:item: Object did not get ID it asked for. Name: born_in_chaos_v1:orange_stained_glass Expected: 3072 Got: 1442
[27Sep2025 16:33:39.778] [main/WARN] [net.minecraftforge.registries.ForgeRegistry/REGISTRIES]: Registry minecraft:item: Object did not get ID it asked for. Name: born_in_chaos_v1:orange_stained_glass_panel Expected: 3073 Got: 1443
[27Sep2025 16:33:39.778] [main/WARN] [net.minecraftforge.registries.ForgeRegistry/REGISTRIES]: Registry minecraft:item: Object did not get ID it asked for. Name: born_in_chaos_v1:green_stained_glass Expected: 3074 Got: 1444
[27Sep2025 16:33:39.778] [main/WARN] [net.minecraftforge.registries.ForgeRegistry/REGISTRIES]: Registry minecraft:item: Object did not get ID it asked for. Name: born_in_chaos_v1:green_stained_glass_panel Expected: 3075 Got: 1445
[27Sep2025 16:33:39.778] [main/WARN] [net.minecraftforge.registries.ForgeRegistry/REGISTRIES]: Registry minecraft:item: Object did not get ID it asked for. Name: born_in_chaos_v1:purple_stained_glass Expected: 3076 Got: 1446
[27Sep2025 16:33:39.778] [main/WARN] [net.minecraftforge.registries.ForgeRegistry/REGISTRIES]: Registry minecraft:item: Object did not get ID it asked for. Name: born_in_chaos_v1:purple_stained_glass_panel Expected: 3077 Got: 1447
[27Sep2025 16:33:39.778] [main/WARN] [net.minecraftforge.registries.ForgeRegistry/REGISTRIES]: Registry minecraft:item: Object did not get ID it asked for. Name: born_in_chaos_v1:dark_grid Expected: 3078 Got: 1448
[27Sep2025 16:33:39.779] [main/WARN] [net.minecraftforge.registries.ForgeRegistry/REGISTRIES]: Registry minecraft:item: Object did not get ID it asked for. Name: born_in_chaos_v1:dark_stained_glass Expected: 3079 Got: 1449
[27Sep2025 16:33:39.779] [main/WARN] [net.minecraftforge.registries.ForgeRegistry/REGISTRIES]: Registry minecraft:item: Object did not get ID it asked for. Name: born_in_chaos_v1:dark_stained_glass_panel Expected: 3080 Got: 1450
[27Sep2025 16:33:39.779] [main/WARN] [net.minecraftforge.registries.ForgeRegistry/REGISTRIES]: Registry minecraft:item: Object did not get ID it asked for. Name: born_in_chaos_v1:marigolds Expected: 3081 Got: 1452
[27Sep2025 16:33:39.779] [main/WARN] [net.minecraftforge.registries.ForgeRegistry/REGISTRIES]: Registry minecraft:item: Object did not get ID it asked for. Name: born_in_chaos_v1:empty_fel_lamp Expected: 3082 Got: 1453
[27Sep2025 16:33:39.779] [main/WARN] [net.minecraftforge.registries.ForgeRegistry/REGISTRIES]: Registry minecraft:item: Object did not get ID it asked for. Name: born_in_chaos_v1:fel_lamp Expected: 3083 Got: 1454
[27Sep2025 16:33:39.779] [main/WARN] [net.minecraftforge.registries.ForgeRegistry/REGISTRIES]: Registry minecraft:item: Object did not get ID it asked for. Name: born_in_chaos_v1:decrepit_skeleton_spawn_egg Expected: 3084 Got: 1455
[27Sep2025 16:33:39.780] [main/WARN] [net.minecraftforge.registries.ForgeRegistry/REGISTRIES]: Registry minecraft:item: Object did not get ID it asked for. Name: born_in_chaos_v1:skeleton_demoman_spawn_egg Expected: 3085 Got: 1456
[27Sep2025 16:33:39.780] [main/WARN] [net.minecraftforge.registries.ForgeRegistry/REGISTRIES]: Registry minecraft:item: Object did not get ID it asked for. Name: born_in_chaos_v1:decaying_zombie_spawn_egg Expected: 3086 Got: 1457
[27Sep2025 16:33:39.780] [main/WARN] [net.minecraftforge.registries.ForgeRegistry/REGISTRIES]: Registry minecraft:item: Object did not get ID it asked for. Name: born_in_chaos_v1:baby_skeleton_spawn_egg Expected: 3087 Got: 1458
[27Sep2025 16:33:39.780] [main/WARN] [net.minecraftforge.registries.ForgeRegistry/REGISTRIES]: Registry minecraft:item: Object did not get ID it asked for. Name: born_in_chaos_v1:baby_skeleton_minion_spawn_egg Expected: 3088 Got: 1459
[27Sep2025 16:33:39.780] [main/WARN] [net.minecraftforge.registries.ForgeRegistry/REGISTRIES]: Registry minecraft:item: Object did not get ID it asked for. Name: born_in_chaos_v1:controlled_baby_skeleton_spawn_egg Expected: 3089 Got: 1460
[27Sep2025 16:33:39.780] [main/WARN] [net.minecraftforge.registries.ForgeRegistry/REGISTRIES]: Registry minecraft:item: Object did not get ID it asked for. Name: born_in_chaos_v1:barrel_zombie_spawn_egg Expected: 3090 Got: 1461
[27Sep2025 16:33:39.781] [main/WARN] [net.minecraftforge.registries.ForgeRegistry/REGISTRIES]: Registry minecraft:item: Object did not get ID it asked for. Name: born_in_chaos_v1:phantom_creeper_spawn_egg Expected: 3091 Got: 1462
[27Sep2025 16:33:39.781] [main/WARN] [net.minecraftforge.registries.ForgeRegistry/REGISTRIES]: Registry minecraft:item: Object did not get ID it asked for. Name: born_in_chaos_v1:phantom_creeper_copy_spawn_egg Expected: 3092 Got: 1463
[27Sep2025 16:33:39.781] [main/WARN] [net.minecraftforge.registries.ForgeRegistry/REGISTRIES]: Registry minecraft:item: Object did not get ID it asked for. Name: born_in_chaos_v1:door_knight_spawn_egg Expected: 3093 Got: 1464
[27Sep2025 16:33:39.781] [main/WARN] [net.minecraftforge.registries.ForgeRegistry/REGISTRIES]: Registry minecraft:item: Object did not get ID it asked for. Name: born_in_chaos_v1:restless_spirit_spawn_egg Expected: 3094 Got: 1465
[27Sep2025 16:33:39.781] [main/WARN] [net.minecraftforge.registries.ForgeRegistry/REGISTRIES]: Registry minecraft:item: Object did not get ID it asked for. Name: born_in_chaos_v1:skeleton_thrasher_spawn_egg Expected: 3095 Got: 1466
[27Sep2025 16:33:39.781] [main/WARN] [net.minecraftforge.registries.ForgeRegistry/REGISTRIES]: Registry minecraft:item: Object did not get ID it asked for. Name: born_in_chaos_v1:pumpkin_spirit_spawn_egg Expected: 3096 Got: 1467
[27Sep2025 16:33:39.781] [main/WARN] [net.minecraftforge.registries.ForgeRegistry/REGISTRIES]: Registry minecraft:item: Object did not get ID it asked for. Name: born_in_chaos_v1:seared_spirit_spawn_egg Expected: 3097 Got: 1468
[27Sep2025 16:33:39.782] [main/WARN] [net.minecraftforge.registries.ForgeRegistry/REGISTRIES]: Registry minecraft:item: Object did not get ID it asked for. Name: born_in_chaos_v1:firelight_spawn_egg Expected: 3098 Got: 1469
[27Sep2025 16:33:39.782] [main/WARN] [net.minecraftforge.registries.ForgeRegistry/REGISTRIES]: Registry minecraft:item: Object did not get ID it asked for. Name: born_in_chaos_v1:diamond_termite_spawn_egg Expected: 3099 Got: 1470
[27Sep2025 16:33:39.782] [main/WARN] [net.minecraftforge.registries.ForgeRegistry/REGISTRIES]: Registry minecraft:item: Object did not get ID it asked for. Name: born_in_chaos_v1:bonescaller_spawn_egg Expected: 3100 Got: 1471
[27Sep2025 16:33:39.782] [main/WARN] [net.minecraftforge.registries.ForgeRegistry/REGISTRIES]: Registry minecraft:item: Object did not get ID it asked for. Name: born_in_chaos_v1:bone_imp_spawn_egg Expected: 3101 Got: 1474
[27Sep2025 16:33:39.782] [main/WARN] [net.minecraftforge.registries.ForgeRegistry/REGISTRIES]: Registry minecraft:item: Object did not get ID it asked for. Name: born_in_chaos_v1:bone_imp_minion_spawn_egg Expected: 3102 Got: 1475
[27Sep2025 16:33:39.782] [main/WARN] [net.minecraftforge.registries.ForgeRegistry/REGISTRIES]: Registry minecraft:item: Object did not get ID it asked for. Name: born_in_chaos_v1:supreme_bonescaller_spawn_egg Expected: 3103 Got: 1476
[27Sep2025 16:33:39.782] [main/WARN] [net.minecraftforge.registries.ForgeRegistry/REGISTRIES]: Registry minecraft:item: Object did not get ID it asked for. Name: born_in_chaos_v1:supreme_bonescaller_stage_2_spawn_egg Expected: 3104 Got: 1477
[27Sep2025 16:33:39.783] [main/WARN] [net.minecraftforge.registries.ForgeRegistry/REGISTRIES]: Registry minecraft:item: Object did not get ID it asked for. Name: born_in_chaos_v1:dark_vortex_spawn_egg Expected: 3105 Got: 1478
[27Sep2025 16:33:39.783] [main/WARN] [net.minecraftforge.registries.ForgeRegistry/REGISTRIES]: Registry minecraft:item: Object did not get ID it asked for. Name: born_in_chaos_v1:dread_hound_spawn_egg Expected: 3106 Got: 1479
[27Sep2025 16:33:39.783] [main/WARN] [net.minecraftforge.registries.ForgeRegistry/REGISTRIES]: Registry minecraft:item: Object did not get ID it asked for. Name: born_in_chaos_v1:fallen_chaos_knight_spawn_egg Expected: 3107 Got: 1480
[27Sep2025 16:33:39.783] [main/WARN] [net.minecraftforge.registries.ForgeRegistry/REGISTRIES]: Registry minecraft:item: Object did not get ID it asked for. Name: born_in_chaos_v1:scarlet_persecutor_spawn_egg Expected: 3108 Got: 1481
[27Sep2025 16:33:39.784] [main/WARN] [net.minecraftforge.registries.ForgeRegistry/REGISTRIES]: Registry minecraft:item: Object did not get ID it asked for. Name: born_in_chaos_v1:spirit_guide_spawn_egg Expected: 3109 Got: 1482
[27Sep2025 16:33:39.784] [main/WARN] [net.minecraftforge.registries.ForgeRegistry/REGISTRIES]: Registry minecraft:item: Object did not get ID it asked for. Name: born_in_chaos_v1:spirit_guide_assistant_spawn_egg Expected: 3110 Got: 1483
[27Sep2025 16:33:39.784] [main/WARN] [net.minecraftforge.registries.ForgeRegistry/REGISTRIES]: Registry minecraft:item: Object did not get ID it asked for. Name: born_in_chaos_v1:zombie_clown_spawn_egg Expected: 3111 Got: 1484
[27Sep2025 16:33:39.784] [main/WARN] [net.minecraftforge.registries.ForgeRegistry/REGISTRIES]: Registry minecraft:item: Object did not get ID it asked for. Name: born_in_chaos_v1:mr_pumpkin_spawn_egg Expected: 3112 Got: 1485
[27Sep2025 16:33:39.784] [main/WARN] [net.minecraftforge.registries.ForgeRegistry/REGISTRIES]: Registry minecraft:item: Object did not get ID it asked for. Name: born_in_chaos_v1:mr_pumpkin_controlled_spawn_egg Expected: 3113 Got: 1486
[27Sep2025 16:33:39.784] [main/WARN] [net.minecraftforge.registries.ForgeRegistry/REGISTRIES]: Registry minecraft:item: Object did not get ID it asked for. Name: born_in_chaos_v1:sir_pumpkinhead_spawn_egg Expected: 3114 Got: 1487
[27Sep2025 16:33:39.784] [main/WARN] [net.minecraftforge.registries.ForgeRegistry/REGISTRIES]: Registry minecraft:item: Object did not get ID it asked for. Name: born_in_chaos_v1:felsteed_spawn_egg Expected: 3115 Got: 1488
[27Sep2025 16:33:39.785] [main/WARN] [net.minecraftforge.registries.ForgeRegistry/REGISTRIES]: Registry minecraft:item: Object did not get ID it asked for. Name: born_in_chaos_v1:sir_pumpkinhead_without_horse_spawn_egg Expected: 3116 Got: 1489
[27Sep2025 16:33:39.785] [main/WARN] [net.minecraftforge.registries.ForgeRegistry/REGISTRIES]: Registry minecraft:item: Object did not get ID it asked for. Name: born_in_chaos_v1:sir_the_headless_spawn_egg Expected: 3117 Got: 1490
[27Sep2025 16:33:39.785] [main/WARN] [net.minecraftforge.registries.ForgeRegistry/REGISTRIES]: Registry minecraft:item: Object did not get ID it asked for. Name: born_in_chaos_v1:pumpkinhead_spawn_egg Expected: 3118 Got: 1491
[27Sep2025 16:33:39.785] [main/WARN] [net.minecraftforge.registries.ForgeRegistry/REGISTRIES]: Registry minecraft:item: Object did not get ID it asked for. Name: born_in_chaos_v1:riding_felsteed_spawn_egg Expected: 3119 Got: 1492
[27Sep2025 16:33:39.785] [main/WARN] [net.minecraftforge.registries.ForgeRegistry/REGISTRIES]: Registry minecraft:item: Object did not get ID it asked for. Name: born_in_chaos_v1:decaying_zombie_not_despawn_spawn_egg Expected: 3120 Got: 1493
[27Sep2025 16:33:39.785] [main/WARN] [net.minecraftforge.registries.ForgeRegistry/REGISTRIES]: Registry minecraft:item: Object did not get ID it asked for. Name: born_in_chaos_v1:door_knight_not_despawn_spawn_egg Expected: 3121 Got: 1494
[27Sep2025 16:33:39.785] [main/WARN] [net.minecraftforge.registries.ForgeRegistry/REGISTRIES]: Registry minecraft:item: Object did not get ID it asked for. Name: born_in_chaos_v1:bonescaller_not_despawn_spawn_egg Expected: 3122 Got: 1495
[27Sep2025 16:33:39.786] [main/WARN] [net.minecraftforge.registries.ForgeRegistry/REGISTRIES]: Registry minecraft:item: Object did not get ID it asked for. Name: born_in_chaos_v1:supreme_bonescaller_not_despawn_spawn_egg Expected: 3123 Got: 1496
[27Sep2025 16:33:39.786] [main/WARN] [net.minecraftforge.registries.ForgeRegistry/REGISTRIES]: Registry minecraft:item: Object did not get ID it asked for. Name: born_in_chaos_v1:skeleton_thrasher_not_despawn_spawn_egg Expected: 3124 Got: 1497
[27Sep2025 16:33:39.786] [main/WARN] [net.minecraftforge.registries.ForgeRegistry/REGISTRIES]: Registry minecraft:item: Object did not get ID it asked for. Name: born_in_chaos_v1:dread_hound_not_despawn_spawn_egg Expected: 3125 Got: 1498
[27Sep2025 16:33:39.786] [main/WARN] [net.minecraftforge.registries.ForgeRegistry/REGISTRIES]: Registry minecraft:item: Object did not get ID it asked for. Name: born_in_chaos_v1:firelight_not_despawn_spawn_egg Expected: 3126 Got: 1499
[27Sep2025 16:33:39.786] [main/WARN] [net.minecraftforge.registries.ForgeRegistry/REGISTRIES]: Registry minecraft:item: Object did not get ID it asked for. Name: born_in_chaos_v1:zombie_clown_not_despawn_spawn_egg Expected: 3127 Got: 1500
[27Sep2025 16:33:39.786] [main/WARN] [net.minecraftforge.registries.ForgeRegistry/REGISTRIES]: Registry minecraft:item: Object did not get ID it asked for. Name: born_in_chaos_v1:cursed_scarlet_ornate_glass_pane Expected: 3128 Got: 1501
[27Sep2025 16:33:39.786] [main/WARN] [net.minecraftforge.registries.ForgeRegistry/REGISTRIES]: Registry minecraft:item: Object did not get ID it asked for. Name: born_in_chaos_v1:spawn_structures_firewell Expected: 3129 Got: 1502
[27Sep2025 16:33:39.786] [main/WARN] [net.minecraftforge.registries.ForgeRegistry/REGISTRIES]: Registry minecraft:item: Object did not get ID it asked for. Name: born_in_chaos_v1:spawn_structures_lookout_tower Expected: 3130 Got: 1503
[27Sep2025 16:33:39.787] [main/WARN] [net.minecraftforge.registries.ForgeRegistry/REGISTRIES]: Registry minecraft:item: Object did not get ID it asked for. Name: born_in_chaos_v1:spawn_structures_dark_tower Expected: 3131 Got: 1504
[27Sep2025 16:33:39.787] [main/WARN] [net.minecraftforge.registries.ForgeRegistry/REGISTRIES]: Registry minecraft:item: Object did not get ID it asked for. Name: born_in_chaos_v1:spawn_structures_farm Expected: 3132 Got: 1505
[27Sep2025 16:33:39.787] [main/WARN] [net.minecraftforge.registries.ForgeRegistry/REGISTRIES]: Registry minecraft:item: Object did not get ID it asked for. Name: born_in_chaos_v1:spawn_structures_clown_cart Expected: 3133 Got: 1506
[27Sep2025 16:33:39.787] [main/WARN] [net.minecraftforge.registries.ForgeRegistry/REGISTRIES]: Registry minecraft:item: Object did not get ID it asked for. Name: born_in_chaos_v1:spawn_structure_mound_hounds Expected: 3134 Got: 1507
[27Sep2025 16:33:39.787] [main/WARN] [net.minecraftforge.registries.ForgeRegistry/REGISTRIES]: Registry minecraft:item: Object did not get ID it asked for. Name: born_in_chaos_v1:seared_spirit_not_despawn_spawn_egg Expected: 3135 Got: 1508
[27Sep2025 16:33:39.787] [main/WARN] [net.minecraftforge.registries.ForgeRegistry/REGISTRIES]: Registry minecraft:item: Object did not get ID it asked for. Name: born_in_chaos_v1:monster_flesh Expected: 3136 Got: 1509
[27Sep2025 16:33:39.788] [main/WARN] [net.minecraftforge.registries.ForgeRegistry/REGISTRIES]: Registry minecraft:item: Object did not get ID it asked for. Name: born_in_chaos_v1:smoked_monster_flesh Expected: 3137 Got: 1510
[27Sep2025 16:33:39.788] [main/WARN] [net.minecraftforge.registries.ForgeRegistry/REGISTRIES]: Registry minecraft:item: Object did not get ID it asked for. Name: born_in_chaos_v1:nightmare_stalker_skull Expected: 3138 Got: 1511
[27Sep2025 16:33:39.788] [main/WARN] [net.minecraftforge.registries.ForgeRegistry/REGISTRIES]: Registry minecraft:item: Object did not get ID it asked for. Name: born_in_chaos_v1:potion_of_rampage Expected: 3139 Got: 1512
[27Sep2025 16:33:39.788] [main/WARN] [net.minecraftforge.registries.ForgeRegistry/REGISTRIES]: Registry minecraft:item: Object did not get ID it asked for. Name: born_in_chaos_v1:nightmare_mantleofthe_night_helmet Expected: 3140 Got: 1513
[27Sep2025 16:33:39.788] [main/WARN] [net.minecraftforge.registries.ForgeRegistry/REGISTRIES]: Registry minecraft:item: Object did not get ID it asked for. Name: born_in_chaos_v1:nightmare_mantleofthe_night_chestplate Expected: 3141 Got: 1514
[27Sep2025 16:33:39.788] [main/WARN] [net.minecraftforge.registries.ForgeRegistry/REGISTRIES]: Registry minecraft:item: Object did not get ID it asked for. Name: born_in_chaos_v1:nightmare_mantleofthe_night_leggings Expected: 3142 Got: 1515
[27Sep2025 16:33:39.788] [main/WARN] [net.minecraftforge.registries.ForgeRegistry/REGISTRIES]: Registry minecraft:item: Object did not get ID it asked for. Name: born_in_chaos_v1:nightmare_mantleofthe_night_boots Expected: 3143 Got: 1516
[27Sep2025 16:33:39.789] [main/WARN] [net.minecraftforge.registries.ForgeRegistry/REGISTRIES]: Registry minecraft:item: Object did not get ID it asked for. Name: born_in_chaos_v1:dire_hound_leader_spawn_egg Expected: 3144 Got: 1517
[27Sep2025 16:33:39.789] [main/WARN] [net.minecraftforge.registries.ForgeRegistry/REGISTRIES]: Registry minecraft:item: Object did not get ID it asked for. Name: born_in_chaos_v1:fangofthe_hound_leader Expected: 3145 Got: 1518
[27Sep2025 16:33:39.789] [main/WARN] [net.minecraftforge.registries.ForgeRegistry/REGISTRIES]: Registry minecraft:item: Object did not get ID it asked for. Name: born_in_chaos_v1:puddleofintoxication Expected: 3146 Got: 1519
[27Sep2025 16:33:39.789] [main/WARN] [net.minecraftforge.registries.ForgeRegistry/REGISTRIES]: Registry minecraft:item: Object did not get ID it asked for. Name: born_in_chaos_v1:hound_trap Expected: 3147 Got: 1520
[27Sep2025 16:33:39.789] [main/WARN] [net.minecraftforge.registries.ForgeRegistry/REGISTRIES]: Registry minecraft:item: Object did not get ID it asked for. Name: born_in_chaos_v1:closed_hound_trap Expected: 3148 Got: 1521
[27Sep2025 16:33:39.789] [main/WARN] [net.minecraftforge.registries.ForgeRegistry/REGISTRIES]: Registry minecraft:item: Object did not get ID it asked for. Name: born_in_chaos_v1:darkwarblade Expected: 3149 Got: 1522
[27Sep2025 16:33:39.789] [main/WARN] [net.minecraftforge.registries.ForgeRegistry/REGISTRIES]: Registry minecraft:item: Object did not get ID it asked for. Name: born_in_chaos_v1:corpse_maggot Expected: 3150 Got: 1523
[27Sep2025 16:33:39.790] [main/WARN] [net.minecraftforge.registries.ForgeRegistry/REGISTRIES]: Registry minecraft:item: Object did not get ID it asked for. Name: born_in_chaos_v1:fried_maggot Expected: 3151 Got: 1524
[27Sep2025 16:33:39.790] [main/WARN] [net.minecraftforge.registries.ForgeRegistry/REGISTRIES]: Registry minecraft:item: Object did not get ID it asked for. Name: born_in_chaos_v1:rotten_fish Expected: 3152 Got: 1525
[27Sep2025 16:33:39.790] [main/WARN] [net.minecraftforge.registries.ForgeRegistry/REGISTRIES]: Registry minecraft:item: Object did not get ID it asked for. Name: born_in_chaos_v1:smoked_fish Expected: 3153 Got: 1526
[27Sep2025 16:33:39.790] [main/WARN] [net.minecraftforge.registries.ForgeRegistry/REGISTRIES]: Registry minecraft:item: Object did not get ID it asked for. Name: born_in_chaos_v1:spiny_shell Expected: 3154 Got: 1527
[27Sep2025 16:33:39.790] [main/WARN] [net.minecraftforge.registries.ForgeRegistry/REGISTRIES]: Registry minecraft:item: Object did not get ID it asked for. Name: born_in_chaos_v1:sea_terror_eye Expected: 3155 Got: 1528
[27Sep2025 16:33:39.790] [main/WARN] [net.minecraftforge.registries.ForgeRegistry/REGISTRIES]: Registry minecraft:item: Object did not get ID it asked for. Name: born_in_chaos_v1:sea_terror_stomach Expected: 3156 Got: 1529
[27Sep2025 16:33:39.790] [main/WARN] [net.minecraftforge.registries.ForgeRegistry/REGISTRIES]: Registry minecraft:item: Object did not get ID it asked for. Name: born_in_chaos_v1:spiny_shell_trap Expected: 3157 Got: 1530
[27Sep2025 16:33:39.791] [main/WARN] [net.minecraftforge.registries.ForgeRegistry/REGISTRIES]: Registry minecraft:item: Object did not get ID it asked for. Name: born_in_chaos_v1:shell_mace Expected: 3158 Got: 1531
[27Sep2025 16:33:39.791] [main/WARN] [net.minecraftforge.registries.ForgeRegistry/REGISTRIES]: Registry minecraft:item: Object did not get ID it asked for. Name: born_in_chaos_v1:trident_hayfork Expected: 3159 Got: 1532
[27Sep2025 16:33:39.791] [main/WARN] [net.minecraftforge.registries.ForgeRegistry/REGISTRIES]: Registry minecraft:item: Object did not get ID it asked for. Name: born_in_chaos_v1:spiny_shell_armor_helmet Expected: 3160 Got: 1533
[27Sep2025 16:33:39.791] [main/WARN] [net.minecraftforge.registries.ForgeRegistry/REGISTRIES]: Registry minecraft:item: Object did not get ID it asked for. Name: born_in_chaos_v1:spiny_shell_armor_chestplate Expected: 3161 Got: 1534
[27Sep2025 16:33:39.791] [main/WARN] [net.minecraftforge.registries.ForgeRegistry/REGISTRIES]: Registry minecraft:item: Object did not get ID it asked for. Name: born_in_chaos_v1:river_mint Expected: 3162 Got: 1535
[27Sep2025 16:33:39.791] [main/WARN] [net.minecraftforge.registries.ForgeRegistry/REGISTRIES]: Registry minecraft:item: Object did not get ID it asked for. Name: born_in_chaos_v1:mint_candy Expected: 3163 Got: 1536
[27Sep2025 16:33:39.791] [main/WARN] [net.minecraftforge.registries.ForgeRegistry/REGISTRIES]: Registry minecraft:item: Object did not get ID it asked for. Name: born_in_chaos_v1:maggot_spawn_egg Expected: 3164 Got: 1537
[27Sep2025 16:33:39.792] [main/WARN] [net.minecraftforge.registries.ForgeRegistry/REGISTRIES]: Registry minecraft:item: Object did not get ID it asked for. Name: born_in_chaos_v1:corpse_fly_spawn_egg Expected: 3165 Got: 1538
[27Sep2025 16:33:39.792] [main/WARN] [net.minecraftforge.registries.ForgeRegistry/REGISTRIES]: Registry minecraft:item: Object did not get ID it asked for. Name: born_in_chaos_v1:bloody_gadfly_spawn_egg Expected: 3166 Got: 1539
[27Sep2025 16:33:39.792] [main/WARN] [net.minecraftforge.registries.ForgeRegistry/REGISTRIES]: Registry minecraft:item: Object did not get ID it asked for. Name: born_in_chaos_v1:corpse_fish_spawn_egg Expected: 3167 Got: 1540
[27Sep2025 16:33:39.792] [main/WARN] [net.minecraftforge.registries.ForgeRegistry/REGISTRIES]: Registry minecraft:item: Object did not get ID it asked for. Name: born_in_chaos_v1:zombie_fisherman_spawn_egg Expected: 3168 Got: 1546
[27Sep2025 16:33:39.792] [main/WARN] [net.minecraftforge.registries.ForgeRegistry/REGISTRIES]: Registry minecraft:item: Object did not get ID it asked for. Name: born_in_chaos_v1:swarmer_spawn_egg Expected: 3169 Got: 1549
[27Sep2025 16:33:39.792] [main/WARN] [net.minecraftforge.registries.ForgeRegistry/REGISTRIES]: Registry minecraft:item: Object did not get ID it asked for. Name: born_in_chaos_v1:thornshell_crab_spawn_egg Expected: 3170 Got: 1588
[27Sep2025 16:33:39.792] [main/WARN] [net.minecraftforge.registries.ForgeRegistry/REGISTRIES]: Registry minecraft:item: Object did not get ID it asked for. Name: born_in_chaos_v1:glutton_fish_spawn_egg Expected: 3171 Got: 1589
[27Sep2025 16:33:39.792] [main/WARN] [net.minecraftforge.registries.ForgeRegistry/REGISTRIES]: Registry minecraft:item: Object did not get ID it asked for. Name: born_in_chaos_v1:zombie_bruiser_spawn_egg Expected: 3172 Got: 1590
[27Sep2025 16:33:39.792] [main/WARN] [net.minecraftforge.registries.ForgeRegistry/REGISTRIES]: Registry minecraft:item: Object did not get ID it asked for. Name: born_in_chaos_v1:soulbane Expected: 3173 Got: 1591
[27Sep2025 16:33:39.793] [main/WARN] [net.minecraftforge.registries.ForgeRegistry/REGISTRIES]: Registry minecraft:item: Object did not get ID it asked for. Name: born_in_chaos_v1:pumpkin_bomb_spawn_egg Expected: 3174 Got: 1592
[27Sep2025 16:33:39.793] [main/WARN] [net.minecraftforge.registries.ForgeRegistry/REGISTRIES]: Registry minecraft:item: Object did not get ID it asked for. Name: born_in_chaos_v1:senor_pumpkin_spawn_egg Expected: 3175 Got: 1593
[27Sep2025 16:33:39.793] [main/WARN] [net.minecraftforge.registries.ForgeRegistry/REGISTRIES]: Registry minecraft:item: Object did not get ID it asked for. Name: born_in_chaos_v1:lord_pumpkinhead_spawn_egg Expected: 3176 Got: 1594
[27Sep2025 16:33:39.793] [main/WARN] [net.minecraftforge.registries.ForgeRegistry/REGISTRIES]: Registry minecraft:item: Object did not get ID it asked for. Name: born_in_chaos_v1:magical_holiday_candy Expected: 3177 Got: 1595
[27Sep2025 16:33:39.793] [main/WARN] [net.minecraftforge.registries.ForgeRegistry/REGISTRIES]: Registry minecraft:item: Object did not get ID it asked for. Name: born_in_chaos_v1:mint_ice_cream Expected: 3178 Got: 1596
[27Sep2025 16:33:39.793] [main/WARN] [net.minecraftforge.registries.ForgeRegistry/REGISTRIES]: Registry minecraft:item: Object did not get ID it asked for. Name: born_in_chaos_v1:lords_felsteed_spawn_egg Expected: 3179 Got: 1597
[27Sep2025 16:33:39.793] [main/WARN] [net.minecraftforge.registries.ForgeRegistry/REGISTRIES]: Registry minecraft:item: Object did not get ID it asked for. Name: born_in_chaos_v1:lord_pumpkinhead_withouta_horse_spawn_egg Expected: 3180 Got: 1598
[27Sep2025 16:33:39.793] [main/WARN] [net.minecraftforge.registries.ForgeRegistry/REGISTRIES]: Registry minecraft:item: Object did not get ID it asked for. Name: born_in_chaos_v1:lord_the_headless_spawn_egg Expected: 3181 Got: 1599
[27Sep2025 16:33:39.793] [main/WARN] [net.minecraftforge.registries.ForgeRegistry/REGISTRIES]: Registry minecraft:item: Object did not get ID it asked for. Name: born_in_chaos_v1:lord_pumpkinhead_head_spawn_egg Expected: 3182 Got: 1600
[27Sep2025 16:33:39.794] [main/WARN] [net.minecraftforge.registries.ForgeRegistry/REGISTRIES]: Registry minecraft:item: Object did not get ID it asked for. Name: born_in_chaos_v1:fel_soil Expected: 3183 Got: 1601
[27Sep2025 16:33:39.794] [main/WARN] [net.minecraftforge.registries.ForgeRegistry/REGISTRIES]: Registry minecraft:item: Object did not get ID it asked for. Name: born_in_chaos_v1:transmuting_elixir Expected: 3184 Got: 1602
[27Sep2025 16:33:39.794] [main/WARN] [net.minecraftforge.registries.ForgeRegistry/REGISTRIES]: Registry minecraft:item: Object did not get ID it asked for. Name: born_in_chaos_v1:infernal_spirit_spawn_egg Expected: 3185 Got: 1603
[27Sep2025 16:33:39.794] [main/WARN] [net.minecraftforge.registries.ForgeRegistry/REGISTRIES]: Registry minecraft:item: Object did not get ID it asked for. Name: born_in_chaos_v1:lord_pumpkinheads_lamp Expected: 3186 Got: 1604
[27Sep2025 16:33:39.794] [main/WARN] [net.minecraftforge.registries.ForgeRegistry/REGISTRIES]: Registry minecraft:item: Object did not get ID it asked for. Name: born_in_chaos_v1:lord_pumpkinheads_empty_lamp Expected: 3187 Got: 1605
[27Sep2025 16:33:39.794] [main/WARN] [net.minecraftforge.registries.ForgeRegistry/REGISTRIES]: Registry minecraft:item: Object did not get ID it asked for. Name: born_in_chaos_v1:riding_lords_felsteed_spawn_egg Expected: 3188 Got: 1606
[27Sep2025 16:33:39.794] [main/WARN] [net.minecraftforge.registries.ForgeRegistry/REGISTRIES]: Registry minecraft:item: Object did not get ID it asked for. Name: born_in_chaos_v1:fel_soil_destructible Expected: 3189 Got: 1607
[27Sep2025 16:33:39.794] [main/WARN] [net.minecraftforge.registries.ForgeRegistry/REGISTRIES]: Registry minecraft:item: Object did not get ID it asked for. Name: born_in_chaos_v1:dark_upgrade Expected: 3190 Got: 1608
[27Sep2025 16:33:39.795] [main/WARN] [net.minecraftforge.registries.ForgeRegistry/REGISTRIES]: Registry minecraft:item: Object did not get ID it asked for. Name: born_in_chaos_v1:staffof_blindness Expected: 3191 Got: 1609
[27Sep2025 16:33:39.795] [main/WARN] [net.minecraftforge.registries.ForgeRegistry/REGISTRIES]: Registry minecraft:item: Object did not get ID it asked for. Name: born_in_chaos_v1:intoxicatind_bomb Expected: 3192 Got: 1610
[27Sep2025 16:33:39.795] [main/WARN] [net.minecraftforge.registries.ForgeRegistry/REGISTRIES]: Registry minecraft:item: Object did not get ID it asked for. Name: born_in_chaos_v1:dark_rod Expected: 3193 Got: 1611
[27Sep2025 16:33:39.795] [main/WARN] [net.minecraftforge.registries.ForgeRegistry/REGISTRIES]: Registry minecraft:item: Object did not get ID it asked for. Name: born_in_chaos_v1:phantom_powder Expected: 3194 Got: 1612
[27Sep2025 16:33:39.795] [main/WARN] [net.minecraftforge.registries.ForgeRegistry/REGISTRIES]: Registry minecraft:item: Object did not get ID it asked for. Name: born_in_chaos_v1:wood_splitter_axe Expected: 3195 Got: 1613
[27Sep2025 16:33:39.795] [main/WARN] [net.minecraftforge.registries.ForgeRegistry/REGISTRIES]: Registry minecraft:item: Object did not get ID it asked for. Name: born_in_chaos_v1:fused_bone Expected: 3196 Got: 1614
[27Sep2025 16:33:39.795] [main/WARN] [net.minecraftforge.registries.ForgeRegistry/REGISTRIES]: Registry minecraft:item: Object did not get ID it asked for. Name: born_in_chaos_v1:bone_heart Expected: 3197 Got: 1615
[27Sep2025 16:33:39.796] [main/WARN] [net.minecraftforge.registries.ForgeRegistry/REGISTRIES]: Registry minecraft:item: Object did not get ID it asked for. Name: born_in_chaos_v1:charmof_power Expected: 3198 Got: 1616
[27Sep2025 16:33:39.796] [main/WARN] [net.minecraftforge.registries.ForgeRegistry/REGISTRIES]: Registry minecraft:item: Object did not get ID it asked for. Name: born_in_chaos_v1:charmof_resistance Expected: 3199 Got: 1617
[27Sep2025 16:33:39.796] [main/WARN] [net.minecraftforge.registries.ForgeRegistry/REGISTRIES]: Registry minecraft:item: Object did not get ID it asked for. Name: born_in_chaos_v1:charmof_stealth Expected: 3200 Got: 1618
[27Sep2025 16:33:39.796] [main/WARN] [net.minecraftforge.registries.ForgeRegistry/REGISTRIES]: Registry minecraft:item: Object did not get ID it asked for. Name: born_in_chaos_v1:charmof_endurance Expected: 3201 Got: 1619
[27Sep2025 16:33:39.796] [main/WARN] [net.minecraftforge.registries.ForgeRegistry/REGISTRIES]: Registry minecraft:item: Object did not get ID it asked for. Name: born_in_chaos_v1:charmof_fury Expected: 3202 Got: 1620
[27Sep2025 16:33:39.796] [main/WARN] [net.minecraftforge.registries.ForgeRegistry/REGISTRIES]: Registry minecraft:item: Object did not get ID it asked for. Name: born_in_chaos_v1:zombie_lumberjack_spawn_egg Expected: 3203 Got: 1621
[27Sep2025 16:33:39.796] [main/WARN] [net.minecraftforge.registries.ForgeRegistry/REGISTRIES]: Registry minecraft:item: Object did not get ID it asked for. Name: born_in_chaos_v1:siamese_skeletons_spawn_egg Expected: 3204 Got: 1622
[27Sep2025 16:33:39.796] [main/WARN] [net.minecraftforge.registries.ForgeRegistry/REGISTRIES]: Registry minecraft:item: Object did not get ID it asked for. Name: born_in_chaos_v1:siamese_skeletonsleft_spawn_egg Expected: 3205 Got: 1623
[27Sep2025 16:33:39.797] [main/WARN] [net.minecraftforge.registries.ForgeRegistry/REGISTRIES]: Registry minecraft:item: Object did not get ID it asked for. Name: born_in_chaos_v1:siamese_skeletonsright_spawn_egg Expected: 3206 Got: 1624
[27Sep2025 16:33:39.797] [main/WARN] [net.minecraftforge.registries.ForgeRegistry/REGISTRIES]: Registry minecraft:item: Object did not get ID it asked for. Name: born_in_chaos_v1:missioner_spawn_egg Expected: 3207 Got: 1625
[27Sep2025 16:33:39.797] [main/WARN] [net.minecraftforge.registries.ForgeRegistry/REGISTRIES]: Registry minecraft:item: Object did not get ID it asked for. Name: born_in_chaos_v1:stimulating_decoction Expected: 3208 Got: 1626
[27Sep2025 16:33:39.797] [main/WARN] [net.minecraftforge.registries.ForgeRegistry/REGISTRIES]: Registry minecraft:item: Object did not get ID it asked for. Name: born_in_chaos_v1:pumpkin_bullet Expected: 3209 Got: 1627
[27Sep2025 16:33:39.797] [main/WARN] [net.minecraftforge.registries.ForgeRegistry/REGISTRIES]: Registry minecraft:item: Object did not get ID it asked for. Name: born_in_chaos_v1:stimulating_bomb Expected: 3210 Got: 1628
[27Sep2025 16:33:39.797] [main/WARN] [net.minecraftforge.registries.ForgeRegistry/REGISTRIES]: Registry minecraft:item: Object did not get ID it asked for. Name: born_in_chaos_v1:puddleof_stimulation Expected: 3211 Got: 1629
[27Sep2025 16:33:39.797] [main/WARN] [net.minecraftforge.registries.ForgeRegistry/REGISTRIES]: Registry minecraft:item: Object did not get ID it asked for. Name: born_in_chaos_v1:dark_charge Expected: 3212 Got: 1630
[27Sep2025 16:33:39.798] [main/WARN] [net.minecraftforge.registries.ForgeRegistry/REGISTRIES]: Registry minecraft:item: Object did not get ID it asked for. Name: born_in_chaos_v1:phantom_bomb Expected: 3213 Got: 1631
[27Sep2025 16:33:39.798] [main/WARN] [net.minecraftforge.registries.ForgeRegistry/REGISTRIES]: Registry minecraft:item: Object did not get ID it asked for. Name: born_in_chaos_v1:damned_demomans_hat_helmet Expected: 3214 Got: 1632
[27Sep2025 16:33:39.798] [main/WARN] [net.minecraftforge.registries.ForgeRegistry/REGISTRIES]: Registry minecraft:item: Object did not get ID it asked for. Name: born_in_chaos_v1:spiritual_guide_sombrero_helmet Expected: 3216 Got: 1633
[27Sep2025 16:33:39.798] [main/WARN] [net.minecraftforge.registries.ForgeRegistry/REGISTRIES]: Registry minecraft:item: Object did not get ID it asked for. Name: born_in_chaos_v1:controlled_spiritual_assistant_spawn_egg Expected: 3217 Got: 1634
[27Sep2025 16:33:39.798] [main/WARN] [net.minecraftforge.registries.ForgeRegistry/REGISTRIES]: Registry minecraft:item: Object did not get ID it asked for. Name: born_in_chaos_v1:lord_pumpkinheads_hat_helmet Expected: 3218 Got: 1635
[27Sep2025 16:33:39.798] [main/WARN] [net.minecraftforge.registries.ForgeRegistry/REGISTRIES]: Registry minecraft:item: Object did not get ID it asked for. Name: born_in_chaos_v1:shakeand_mixicon Expected: 3223 Got: 1636
[27Sep2025 16:33:39.799] [main/WARN] [net.minecraftforge.registries.ForgeRegistry/REGISTRIES]: Registry minecraft:item: Object did not get ID it asked for. Name: born_in_chaos_v1:spirit_guideicon Expected: 3224 Got: 1637
[27Sep2025 16:33:39.799] [main/WARN] [net.minecraftforge.registries.ForgeRegistry/REGISTRIES]: Registry minecraft:item: Object did not get ID it asked for. Name: born_in_chaos_v1:good_demoman_icon Expected: 3225 Got: 1638
[27Sep2025 16:33:39.799] [main/WARN] [net.minecraftforge.registries.ForgeRegistry/REGISTRIES]: Registry minecraft:item: Object did not get ID it asked for. Name: born_in_chaos_v1:pumpkin_spirit_icon Expected: 3226 Got: 1639
[27Sep2025 16:33:39.799] [main/WARN] [net.minecraftforge.registries.ForgeRegistry/REGISTRIES]: Registry minecraft:item: Object did not get ID it asked for. Name: born_in_chaos_v1:infernal_medicine_icon Expected: 3227 Got: 1640
[27Sep2025 16:33:39.799] [main/WARN] [net.minecraftforge.registries.ForgeRegistry/REGISTRIES]: Registry minecraft:item: Object did not get ID it asked for. Name: born_in_chaos_v1:deceived_hopes_icon Expected: 3228 Got: 1641
[27Sep2025 16:33:39.799] [main/WARN] [net.minecraftforge.registries.ForgeRegistry/REGISTRIES]: Registry minecraft:item: Object did not get ID it asked for. Name: born_in_chaos_v1:missionaryicon Expected: 3229 Got: 1642
[27Sep2025 16:33:39.799] [main/WARN] [net.minecraftforge.registries.ForgeRegistry/REGISTRIES]: Registry minecraft:item: Object did not get ID it asked for. Name: born_in_chaos_v1:all_charm Expected: 3230 Got: 1643
[27Sep2025 16:33:39.800] [main/WARN] [net.minecraftforge.registries.ForgeRegistry/REGISTRIES]: Registry minecraft:item: Object did not get ID it asked for. Name: born_in_chaos_v1:pumpkinhead_icon Expected: 3231 Got: 1644
[27Sep2025 16:33:39.800] [main/WARN] [net.minecraftforge.registries.ForgeRegistry/REGISTRIES]: Registry minecraft:item: Object did not get ID it asked for. Name: born_in_chaos_v1:lord_pumpkinhead_icon Expected: 3232 Got: 1645
[27Sep2025 16:33:39.800] [main/WARN] [net.minecraftforge.registries.ForgeRegistry/REGISTRIES]: Registry minecraft:item: Object did not get ID it asked for. Name: born_in_chaos_v1:spiritual_dust Expected: 3233 Got: 1646
[27Sep2025 16:33:39.800] [main/WARN] [net.minecraftforge.registries.ForgeRegistry/REGISTRIES]: Registry minecraft:item: Object did not get ID it asked for. Name: born_in_chaos_v1:spruce_cowboy_in_the_moonlighticon Expected: 3234 Got: 1647
[27Sep2025 16:33:39.800] [main/WARN] [net.minecraftforge.registries.ForgeRegistry/REGISTRIES]: Registry minecraft:item: Object did not get ID it asked for. Name: born_in_chaos_v1:spiritof_chaos_spawn_egg Expected: 3235 Got: 1648
[27Sep2025 16:33:39.800] [main/WARN] [net.minecraftforge.registries.ForgeRegistry/REGISTRIES]: Registry minecraft:item: Object did not get ID it asked for. Name: born_in_chaos_v1:exorcism_icon Expected: 3236 Got: 1649
[27Sep2025 16:33:39.800] [main/WARN] [net.minecraftforge.registries.ForgeRegistry/REGISTRIES]: Registry minecraft:item: Object did not get ID it asked for. Name: born_in_chaos_v1:hats Expected: 3237 Got: 1650
[27Sep2025 16:33:39.800] [main/WARN] [net.minecraftforge.registries.ForgeRegistry/REGISTRIES]: Registry minecraft:item: Object did not get ID it asked for. Name: born_in_chaos_v1:tombstone_dark_titan_066 Expected: 3238 Got: 1651
[27Sep2025 16:33:39.801] [main/WARN] [net.minecraftforge.registries.ForgeRegistry/REGISTRIES]: Registry minecraft:item: Object did not get ID it asked for. Name: born_in_chaos_v1:tombstone_petasi Expected: 3239 Got: 2426
[27Sep2025 16:33:39.801] [main/WARN] [net.minecraftforge.registries.ForgeRegistry/REGISTRIES]: Registry minecraft:item: Object did not get ID it asked for. Name: born_in_chaos_v1:rotten_soil Expected: 3240 Got: 2427
[27Sep2025 16:33:39.801] [main/WARN] [net.minecraftforge.registries.ForgeRegistry/REGISTRIES]: Registry minecraft:item: Object did not get ID it asked for. Name: born_in_chaos_v1:gravestone_icon Expected: 3241 Got: 2428
[27Sep2025 16:33:39.801] [main/WARN] [net.minecraftforge.registries.ForgeRegistry/REGISTRIES]: Registry minecraft:item: Object did not get ID it asked for. Name: born_in_chaos_v1:bloody_gadfly_eye Expected: 3242 Got: 2429
[27Sep2025 16:33:39.801] [main/WARN] [net.minecraftforge.registries.ForgeRegistry/REGISTRIES]: Registry minecraft:item: Object did not get ID it asked for. Name: born_in_chaos_v1:transformative_flower Expected: 3243 Got: 2430
[27Sep2025 16:33:39.801] [main/WARN] [net.minecraftforge.registries.ForgeRegistry/REGISTRIES]: Registry minecraft:item: Object did not get ID it asked for. Name: born_in_chaos_v1:lifestealer_spawn_egg Expected: 3244 Got: 2431
[27Sep2025 16:33:39.801] [main/WARN] [net.minecraftforge.registries.ForgeRegistry/REGISTRIES]: Registry minecraft:item: Object did not get ID it asked for. Name: born_in_chaos_v1:excessflyswattericon Expected: 3245 Got: 2432
[27Sep2025 16:33:39.802] [main/WARN] [net.minecraftforge.registries.ForgeRegistry/REGISTRIES]: Registry minecraft:item: Object did not get ID it asked for. Name: born_in_chaos_v1:lifestealer_true_form_spawn_egg Expected: 3246 Got: 2433
[27Sep2025 16:33:39.802] [main/WARN] [net.minecraftforge.registries.ForgeRegistry/REGISTRIES]: Registry minecraft:item: Object did not get ID it asked for. Name: born_in_chaos_v1:lifestealer_bone Expected: 3247 Got: 2434
[27Sep2025 16:33:39.802] [main/WARN] [net.minecraftforge.registries.ForgeRegistry/REGISTRIES]: Registry minecraft:item: Object did not get ID it asked for. Name: born_in_chaos_v1:elixir_of_vampirism Expected: 3248 Got: 2435
[27Sep2025 16:33:39.802] [main/WARN] [net.minecraftforge.registries.ForgeRegistry/REGISTRIES]: Registry minecraft:item: Object did not get ID it asked for. Name: born_in_chaos_v1:staff_of_magic_arrows Expected: 3249 Got: 2436
[27Sep2025 16:33:39.802] [main/WARN] [net.minecraftforge.registries.ForgeRegistry/REGISTRIES]: Registry minecraft:item: Object did not get ID it asked for. Name: born_in_chaos_v1:bonescaller_staff Expected: 3250 Got: 2437
[27Sep2025 16:33:39.802] [main/WARN] [net.minecraftforge.registries.ForgeRegistry/REGISTRIES]: Registry minecraft:item: Object did not get ID it asked for. Name: born_in_chaos_v1:pumpkinstaffa Expected: 3251 Got: 2438
[27Sep2025 16:33:39.802] [main/WARN] [net.minecraftforge.registries.ForgeRegistry/REGISTRIES]: Registry minecraft:item: Object did not get ID it asked for. Name: born_in_chaos_v1:pumpkinhandgun Expected: 3252 Got: 2439
[27Sep2025 16:33:39.803] [main/WARN] [net.minecraftforge.registries.ForgeRegistry/REGISTRIES]: Registry minecraft:item: Object did not get ID it asked for. Name: born_in_chaos_v1:tombstone_2003wise Expected: 3253 Got: 2440
[27Sep2025 16:33:39.803] [main/WARN] [net.minecraftforge.registries.ForgeRegistry/REGISTRIES]: Registry minecraft:item: Object did not get ID it asked for. Name: born_in_chaos_v1:tombstone_orion Expected: 3254 Got: 2441
[27Sep2025 16:33:39.803] [main/WARN] [net.minecraftforge.registries.ForgeRegistry/REGISTRIES]: Registry minecraft:item: Object did not get ID it asked for. Name: born_in_chaos_v1:baby_spider_spawn_egg Expected: 3255 Got: 2442
[27Sep2025 16:33:39.803] [main/WARN] [net.minecraftforge.registries.ForgeRegistry/REGISTRIES]: Registry minecraft:item: Object did not get ID it asked for. Name: born_in_chaos_v1:mother_spider_spawn_egg Expected: 3256 Got: 2443
[27Sep2025 16:33:39.803] [main/WARN] [net.minecraftforge.registries.ForgeRegistry/REGISTRIES]: Registry minecraft:item: Object did not get ID it asked for. Name: born_in_chaos_v1:cobweb_cover Expected: 3257 Got: 2444
[27Sep2025 16:33:39.803] [main/WARN] [net.minecraftforge.registries.ForgeRegistry/REGISTRIES]: Registry minecraft:item: Object did not get ID it asked for. Name: born_in_chaos_v1:spider_mandible Expected: 3258 Got: 2445
[27Sep2025 16:33:39.803] [main/WARN] [net.minecraftforge.registries.ForgeRegistry/REGISTRIES]: Registry minecraft:item: Object did not get ID it asked for. Name: born_in_chaos_v1:spider_bite_sword Expected: 3259 Got: 2446
[27Sep2025 16:33:39.803] [main/WARN] [net.minecraftforge.registries.ForgeRegistry/REGISTRIES]: Registry minecraft:item: Object did not get ID it asked for. Name: born_in_chaos_v1:baby_spider_controlled_spawn_egg Expected: 3260 Got: 2447
[27Sep2025 16:33:39.804] [main/WARN] [net.minecraftforge.registries.ForgeRegistry/REGISTRIES]: Registry minecraft:item: Object did not get ID it asked for. Name: born_in_chaos_v1:webbed_cobblestone Expected: 3261 Got: 2448
[27Sep2025 16:33:39.804] [main/WARN] [net.minecraftforge.registries.ForgeRegistry/REGISTRIES]: Registry minecraft:item: Object did not get ID it asked for. Name: born_in_chaos_v1:dark_ice Expected: 3262 Got: 2449
[27Sep2025 16:33:39.804] [main/WARN] [net.minecraftforge.registries.ForgeRegistry/REGISTRIES]: Registry minecraft:item: Object did not get ID it asked for. Name: born_in_chaos_v1:nightmare_stalker_spawn_egg Expected: 3263 Got: 2450
[27Sep2025 16:33:39.804] [main/WARN] [net.minecraftforge.registries.ForgeRegistry/REGISTRIES]: Registry minecraft:item: Object did not get ID it asked for. Name: born_in_chaos_v1:chaos_component Expected: 3264 Got: 2451
[27Sep2025 16:33:39.804] [main/WARN] [net.minecraftforge.registries.ForgeRegistry/REGISTRIES]: Registry minecraft:item: Object did not get ID it asked for. Name: born_in_chaos_v1:elixirof_wither_resistance Expected: 3265 Got: 2452
[27Sep2025 16:33:39.804] [main/WARN] [net.minecraftforge.registries.ForgeRegistry/REGISTRIES]: Registry minecraft:item: Object did not get ID it asked for. Name: born_in_chaos_v1:dark_metal_nugget Expected: 3266 Got: 2453
[27Sep2025 16:33:39.804] [main/WARN] [net.minecraftforge.registries.ForgeRegistry/REGISTRIES]: Registry minecraft:item: Object did not get ID it asked for. Name: born_in_chaos_v1:elixirof_insect_protection Expected: 3267 Got: 2454
[27Sep2025 16:33:39.805] [main/WARN] [net.minecraftforge.registries.ForgeRegistry/REGISTRIES]: Registry minecraft:item: Object did not get ID it asked for. Name: born_in_chaos_v1:lifestealer_skull Expected: 3268 Got: 2455
[27Sep2025 16:33:39.805] [main/WARN] [net.minecraftforge.registries.ForgeRegistry/REGISTRIES]: Registry minecraft:item: Object did not get ID it asked for. Name: born_in_chaos_v1:dark_atrium Expected: 3269 Got: 2456
[27Sep2025 16:33:39.805] [main/WARN] [net.minecraftforge.registries.ForgeRegistry/REGISTRIES]: Registry minecraft:item: Object did not get ID it asked for. Name: born_in_chaos_v1:tombstone_derivas Expected: 3270 Got: 2457
[27Sep2025 16:33:39.805] [main/WARN] [net.minecraftforge.registries.ForgeRegistry/REGISTRIES]: Registry minecraft:item: Object did not get ID it asked for. Name: born_in_chaos_v1:tombstone_fubuki_banzai Expected: 3271 Got: 2458
[27Sep2025 16:33:39.805] [main/WARN] [net.minecraftforge.registries.ForgeRegistry/REGISTRIES]: Registry minecraft:item: Object did not get ID it asked for. Name: born_in_chaos_v1:stop_hammer Expected: 3272 Got: 3755
[27Sep2025 16:33:39.805] [main/WARN] [net.minecraftforge.registries.ForgeRegistry/REGISTRIES]: Registry minecraft:item: Object did not get ID it asked for. Name: born_in_chaos_v1:caramel_pepper Expected: 3273 Got: 3756
[27Sep2025 16:33:39.806] [main/WARN] [net.minecraftforge.registries.ForgeRegistry/REGISTRIES]: Registry minecraft:item: Object did not get ID it asked for. Name: born_in_chaos_v1:gummy_vampire_teeth Expected: 3274 Got: 3757
[27Sep2025 16:33:39.806] [main/WARN] [net.minecraftforge.registries.ForgeRegistry/REGISTRIES]: Registry minecraft:item: Object did not get ID it asked for. Name: born_in_chaos_v1:chocolate_heart Expected: 3275 Got: 3758
[27Sep2025 16:33:39.806] [main/WARN] [net.minecraftforge.registries.ForgeRegistry/REGISTRIES]: Registry minecraft:item: Object did not get ID it asked for. Name: born_in_chaos_v1:coffee_candy Expected: 3276 Got: 3759
[27Sep2025 16:33:39.806] [main/WARN] [net.minecraftforge.registries.ForgeRegistry/REGISTRIES]: Registry minecraft:item: Object did not get ID it asked for. Name: born_in_chaos_v1:smoldering_infernal_ember Expected: 3277 Got: 3760
[27Sep2025 16:33:39.806] [main/WARN] [net.minecraftforge.registries.ForgeRegistry/REGISTRIES]: Registry minecraft:item: Object did not get ID it asked for. Name: born_in_chaos_v1:sweet_sword Expected: 3278 Got: 3761
[27Sep2025 16:33:39.806] [main/WARN] [net.minecraftforge.registries.ForgeRegistry/REGISTRIES]: Registry minecraft:item: Object did not get ID it asked for. Name: born_in_chaos_v1:sweet_axe Expected: 3279 Got: 3762
[27Sep2025 16:33:39.806] [main/WARN] [net.minecraftforge.registries.ForgeRegistry/REGISTRIES]: Registry minecraft:item: Object did not get ID it asked for. Name: born_in_chaos_v1:rotten_infernal_pumpkin Expected: 3280 Got: 3763
[27Sep2025 16:33:39.806] [main/WARN] [net.minecraftforge.registries.ForgeRegistry/REGISTRIES]: Registry minecraft:item: Object did not get ID it asked for. Name: born_in_chaos_v1:eternal_candy Expected: 3281 Got: 3764
[27Sep2025 16:33:39.807] [main/WARN] [net.minecraftforge.registries.ForgeRegistry/REGISTRIES]: Registry minecraft:item: Object did not get ID it asked for. Name: born_in_chaos_v1:burythemall_icon Expected: 3282 Got: 3765
[27Sep2025 16:33:39.807] [main/WARN] [net.minecraftforge.registries.ForgeRegistry/REGISTRIES]: Registry minecraft:item: Object did not get ID it asked for. Name: born_in_chaos_v1:pumpkin_dunce_spawn_egg Expected: 3283 Got: 3766
[27Sep2025 16:33:39.807] [main/WARN] [net.minecraftforge.registries.ForgeRegistry/REGISTRIES]: Registry minecraft:item: Object did not get ID it asked for. Name: born_in_chaos_v1:mrs_pumpkin_spawn_egg Expected: 3284 Got: 3767
[27Sep2025 16:33:39.807] [main/WARN] [net.minecraftforge.registries.ForgeRegistry/REGISTRIES]: Registry minecraft:item: Object did not get ID it asked for. Name: born_in_chaos_v1:pumpkin_bruiser_spawn_egg Expected: 3285 Got: 3768
[27Sep2025 16:33:39.807] [main/WARN] [net.minecraftforge.registries.ForgeRegistry/REGISTRIES]: Registry minecraft:item: Object did not get ID it asked for. Name: born_in_chaos_v1:bagof_candy Expected: 3286 Got: 3769
[27Sep2025 16:33:39.807] [main/WARN] [net.minecraftforge.registries.ForgeRegistry/REGISTRIES]: Registry minecraft:item: Object did not get ID it asked for. Name: born_in_chaos_v1:spooky_snowman_head Expected: 3287 Got: 3770
[27Sep2025 16:33:39.807] [main/WARN] [net.minecraftforge.registries.ForgeRegistry/REGISTRIES]: Registry minecraft:item: Object did not get ID it asked for. Name: born_in_chaos_v1:permafrost_shard Expected: 3288 Got: 3771
[27Sep2025 16:33:39.808] [main/WARN] [net.minecraftforge.registries.ForgeRegistry/REGISTRIES]: Registry minecraft:item: Object did not get ID it asked for. Name: born_in_chaos_v1:frostbitten_blade Expected: 3289 Got: 3772
[27Sep2025 16:33:39.808] [main/WARN] [net.minecraftforge.registries.ForgeRegistry/REGISTRIES]: Registry minecraft:item: Object did not get ID it asked for. Name: born_in_chaos_v1:creepy_nutcracker Expected: 3290 Got: 3773
[27Sep2025 16:33:39.808] [main/WARN] [net.minecraftforge.registries.ForgeRegistry/REGISTRIES]: Registry minecraft:item: Object did not get ID it asked for. Name: born_in_chaos_v1:creepy_cookies_with_milk Expected: 3291 Got: 3774
[27Sep2025 16:33:39.808] [main/WARN] [net.minecraftforge.registries.ForgeRegistry/REGISTRIES]: Registry minecraft:item: Object did not get ID it asked for. Name: born_in_chaos_v1:creepy_gift Expected: 3292 Got: 3775
[27Sep2025 16:33:39.808] [main/WARN] [net.minecraftforge.registries.ForgeRegistry/REGISTRIES]: Registry minecraft:item: Object did not get ID it asked for. Name: born_in_chaos_v1:icy_sweetness Expected: 3293 Got: 3776
[27Sep2025 16:33:39.808] [main/WARN] [net.minecraftforge.registries.ForgeRegistry/REGISTRIES]: Registry minecraft:item: Object did not get ID it asked for. Name: born_in_chaos_v1:spiritual_gingerbread Expected: 3294 Got: 3777
[27Sep2025 16:33:39.808] [main/WARN] [net.minecraftforge.registries.ForgeRegistry/REGISTRIES]: Registry minecraft:item: Object did not get ID it asked for. Name: born_in_chaos_v1:nut_hammer Expected: 3295 Got: 3778
[27Sep2025 16:33:39.809] [main/WARN] [net.minecraftforge.registries.ForgeRegistry/REGISTRIES]: Registry minecraft:item: Object did not get ID it asked for. Name: born_in_chaos_v1:elixirof_ice_barrier Expected: 3296 Got: 3779
[27Sep2025 16:33:39.809] [main/WARN] [net.minecraftforge.registries.ForgeRegistry/REGISTRIES]: Registry minecraft:item: Object did not get ID it asked for. Name: born_in_chaos_v1:krampus_spawn_egg Expected: 3297 Got: 3780
[27Sep2025 16:33:39.809] [main/WARN] [net.minecraftforge.registries.ForgeRegistry/REGISTRIES]: Registry minecraft:item: Object did not get ID it asked for. Name: born_in_chaos_v1:krampus_horn Expected: 3298 Got: 3781
[27Sep2025 16:33:39.809] [main/WARN] [net.minecraftforge.registries.ForgeRegistry/REGISTRIES]: Registry minecraft:item: Object did not get ID it asked for. Name: born_in_chaos_v1:stormcallers_horn Expected: 3299 Got: 3782
[27Sep2025 16:33:39.809] [main/WARN] [net.minecraftforge.registries.ForgeRegistry/REGISTRIES]: Registry minecraft:item: Object did not get ID it asked for. Name: born_in_chaos_v1:krampuss_bag Expected: 3300 Got: 3783
[27Sep2025 16:33:39.809] [main/WARN] [net.minecraftforge.registries.ForgeRegistry/REGISTRIES]: Registry minecraft:item: Object did not get ID it asked for. Name: born_in_chaos_v1:krampus_henchman_spawn_egg Expected: 3301 Got: 3784
[27Sep2025 16:33:39.809] [main/WARN] [net.minecraftforge.registries.ForgeRegistry/REGISTRIES]: Registry minecraft:item: Object did not get ID it asked for. Name: born_in_chaos_v1:birch_branches Expected: 3302 Got: 3785
[27Sep2025 16:33:39.810] [main/WARN] [net.minecraftforge.registries.ForgeRegistry/REGISTRIES]: Registry minecraft:item: Object did not get ID it asked for. Name: born_in_chaos_v1:evilometer Expected: 3303 Got: 3786
[27Sep2025 16:33:39.810] [main/WARN] [net.minecraftforge.registries.ForgeRegistry/REGISTRIES]: Registry minecraft:item: Object did not get ID it asked for. Name: born_in_chaos_v1:missionary_raider_spawn_egg Expected: 3304 Got: 3787
[27Sep2025 16:33:39.810] [main/WARN] [net.minecraftforge.registries.ForgeRegistry/REGISTRIES]: Registry minecraft:item: Object did not get ID it asked for. Name: born_in_chaos_v1:tombstone_somfunambulist Expected: 3305 Got: 3788
[27Sep2025 16:33:39.810] [main/WARN] [net.minecraftforge.registries.ForgeRegistry/REGISTRIES]: Registry minecraft:item: Object did not get ID it asked for. Name: born_in_chaos_v1:tombstone_memesus Expected: 3306 Got: 3789
[27Sep2025 16:33:39.810] [main/WARN] [net.minecraftforge.registries.ForgeRegistry/REGISTRIES]: Registry minecraft:item: Object did not get ID it asked for. Name: born_in_chaos_v1:tombstone_tem_187 Expected: 3307 Got: 3790
[27Sep2025 16:33:39.810] [main/WARN] [net.minecraftforge.registries.ForgeRegistry/REGISTRIES]: Registry minecraft:item: Object did not get ID it asked for. Name: born_in_chaos_v1:tombstone_carrion Expected: 3308 Got: 3791
[27Sep2025 16:33:39.810] [main/WARN] [net.minecraftforge.registries.ForgeRegistry/REGISTRIES]: Registry minecraft:item: Object did not get ID it asked for. Name: born_in_chaos_v1:tombstone_2_dling Expected: 3309 Got: 3792
[27Sep2025 16:33:39.810] [main/WARN] [net.minecraftforge.registries.ForgeRegistry/REGISTRIES]: Registry minecraft:item: Object did not get ID it asked for. Name: born_in_chaos_v1:tombstone_euthymia Expected: 3310 Got: 3793
[27Sep2025 16:33:39.810] [main/WARN] [net.minecraftforge.registries.ForgeRegistry/REGISTRIES]: Registry minecraft:item: Object did not get ID it asked for. Name: born_in_chaos_v1:tombstone_feral Expected: 3311 Got: 3794
[27Sep2025 16:33:39.811] [main/WARN] [net.minecraftforge.registries.ForgeRegistry/REGISTRIES]: Registry minecraft:item: Object did not get ID it asked for. Name: born_in_chaos_v1:tombstone_mike_rory Expected: 3312 Got: 3795
[27Sep2025 16:33:39.811] [main/WARN] [net.minecraftforge.registries.ForgeRegistry/REGISTRIES]: Registry minecraft:item: Object did not get ID it asked for. Name: born_in_chaos_v1:carrot_sword Expected: 3313 Got: 3796
[27Sep2025 16:33:39.811] [main/WARN] [net.minecraftforge.registries.ForgeRegistry/REGISTRIES]: Registry minecraft:item: Object did not get ID it asked for. Name: born_in_chaos_v1:rotten_easter_egg Expected: 3314 Got: 3797
[27Sep2025 16:33:39.811] [main/WARN] [net.minecraftforge.registries.ForgeRegistry/REGISTRIES]: Registry minecraft:item: Object did not get ID it asked for. Name: born_in_chaos_v1:spiritual_easter_egg Expected: 3315 Got: 3798
[27Sep2025 16:33:39.811] [main/WARN] [net.minecraftforge.registries.ForgeRegistry/REGISTRIES]: Registry minecraft:item: Object did not get ID it asked for. Name: born_in_chaos_v1:monstrous_easter_egg Expected: 3316 Got: 3799
[27Sep2025 16:33:39.811] [main/WARN] [net.minecraftforge.registries.ForgeRegistry/REGISTRIES]: Registry minecraft:item: Object did not get ID it asked for. Name: born_in_chaos_v1:transforming_easter_cake Expected: 3317 Got: 3800
[27Sep2025 16:33:39.811] [main/WARN] [net.minecraftforge.registries.ForgeRegistry/REGISTRIES]: Registry minecraft:item: Object did not get ID it asked for. Name: born_in_chaos_v1:killer_rabbit_ears_helmet Expected: 3318 Got: 3801
[27Sep2025 16:33:39.811] [main/WARN] [net.minecraftforge.registries.ForgeRegistry/REGISTRIES]: Registry minecraft:item: Object did not get ID it asked for. Name: born_in_chaos_v1:anluka_doors Expected: 3319 Got: 3802
[27Sep2025 16:33:39.811] [main/WARN] [net.minecraftforge.registries.ForgeRegistry/REGISTRIES]: Registry minecraft:item: Object did not get ID it asked for. Name: born_in_chaos_v1:serpumpkinhead_m Expected: 3320 Got: 3803
[27Sep2025 16:33:39.811] [main/WARN] [net.minecraftforge.registries.ForgeRegistry/REGISTRIES]: Registry minecraft:item: Object did not get ID it asked for. Name: born_in_chaos_v1:tombstone_d_4rkdevilx Expected: 3321 Got: 3804
[27Sep2025 16:33:39.812] [main/WARN] [net.minecraftforge.registries.ForgeRegistry/REGISTRIES]: Registry minecraft:item: Object did not get ID it asked for. Name: born_in_chaos_v1:tombstone_rotborne Expected: 3322 Got: 3805
[27Sep2025 16:33:39.812] [main/WARN] [net.minecraftforge.registries.ForgeRegistry/REGISTRIES]: Registry minecraft:item: Object did not get ID it asked for. Name: born_in_chaos_v1:tombstone_the_gentleman_frog Expected: 3323 Got: 3806
[27Sep2025 16:33:39.812] [main/WARN] [net.minecraftforge.registries.ForgeRegistry/REGISTRIES]: Registry minecraft:item: Object did not get ID it asked for. Name: born_in_chaos_v1:tombstone_plug Expected: 3324 Got: 3807
[27Sep2025 16:33:39.812] [main/WARN] [net.minecraftforge.registries.ForgeRegistry/REGISTRIES]: Registry minecraft:item: Object did not get ID it asked for. Name: born_in_chaos_v1:tombstone_nino_4416 Expected: 3325 Got: 3808
[27Sep2025 16:33:39.813] [main/WARN] [net.minecraftforge.registries.ForgeRegistry/REGISTRIES]: Registry minecraft:mob_effect: Object did not get ID it asked for. Name: obscure_api:knowledge Expected: 41 Got: 53
[27Sep2025 16:33:39.813] [main/WARN] [net.minecraftforge.registries.ForgeRegistry/REGISTRIES]: Registry minecraft:mob_effect: Object did not get ID it asked for. Name: obscure_api:fury Expected: 42 Got: 54
[27Sep2025 16:33:39.813] [main/WARN] [net.minecraftforge.registries.ForgeRegistry/REGISTRIES]: Registry minecraft:mob_effect: Object did not get ID it asked for. Name: obscure_api:rush Expected: 43 Got: 55
[27Sep2025 16:33:39.813] [main/WARN] [net.minecraftforge.registries.ForgeRegistry/REGISTRIES]: Registry minecraft:mob_effect: Object did not get ID it asked for. Name: born_in_chaos_v1:magic_depletion Expected: 82 Got: 56
[27Sep2025 16:33:39.813] [main/WARN] [net.minecraftforge.registries.ForgeRegistry/REGISTRIES]: Registry minecraft:mob_effect: Object did not get ID it asked for. Name: born_in_chaos_v1:stun Expected: 83 Got: 71
[27Sep2025 16:33:39.813] [main/WARN] [net.minecraftforge.registries.ForgeRegistry/REGISTRIES]: Registry minecraft:mob_effect: Object did not get ID it asked for. Name: born_in_chaos_v1:light_rampage Expected: 84 Got: 101
[27Sep2025 16:33:39.814] [main/WARN] [net.minecraftforge.registries.ForgeRegistry/REGISTRIES]: Registry minecraft:mob_effect: Object did not get ID it asked for. Name: born_in_chaos_v1:medium_rampage Expected: 85 Got: 102
[27Sep2025 16:33:39.814] [main/WARN] [net.minecraftforge.registries.ForgeRegistry/REGISTRIES]: Registry minecraft:mob_effect: Object did not get ID it asked for. Name: born_in_chaos_v1:strong_rampage Expected: 86 Got: 103
[27Sep2025 16:33:39.814] [main/WARN] [net.minecraftforge.registries.ForgeRegistry/REGISTRIES]: Registry minecraft:mob_effect: Object did not get ID it asked for. Name: born_in_chaos_v1:furious_rampage Expected: 87 Got: 104
[27Sep2025 16:33:39.814] [main/WARN] [net.minecraftforge.registries.ForgeRegistry/REGISTRIES]: Registry minecraft:mob_effect: Object did not get ID it asked for. Name: born_in_chaos_v1:rampant_rampage Expected: 88 Got: 105
[27Sep2025 16:33:39.814] [main/WARN] [net.minecraftforge.registries.ForgeRegistry/REGISTRIES]: Registry minecraft:mob_effect: Object did not get ID it asked for. Name: born_in_chaos_v1:block_break Expected: 89 Got: 106
[27Sep2025 16:33:39.814] [main/WARN] [net.minecraftforge.registries.ForgeRegistry/REGISTRIES]: Registry minecraft:mob_effect: Object did not get ID it asked for. Name: born_in_chaos_v1:cursed_mark Expected: 90 Got: 107
[27Sep2025 16:33:39.814] [main/WARN] [net.minecraftforge.registries.ForgeRegistry/REGISTRIES]: Registry minecraft:mob_effect: Object did not get ID it asked for. Name: born_in_chaos_v1:soul_stratification Expected: 91 Got: 108
[27Sep2025 16:33:39.814] [main/WARN] [net.minecraftforge.registries.ForgeRegistry/REGISTRIES]: Registry minecraft:mob_effect: Object did not get ID it asked for. Name: born_in_chaos_v1:intoxication Expected: 92 Got: 109
[27Sep2025 16:33:39.815] [main/WARN] [net.minecraftforge.registries.ForgeRegistry/REGISTRIES]: Registry minecraft:mob_effect: Object did not get ID it asked for. Name: born_in_chaos_v1:gaze_of_terror Expected: 93 Got: 110
[27Sep2025 16:33:39.815] [main/WARN] [net.minecraftforge.registries.ForgeRegistry/REGISTRIES]: Registry minecraft:mob_effect: Object did not get ID it asked for. Name: born_in_chaos_v1:detonation Expected: 94 Got: 111
[27Sep2025 16:33:39.815] [main/WARN] [net.minecraftforge.registries.ForgeRegistry/REGISTRIES]: Registry minecraft:mob_effect: Object did not get ID it asked for. Name: born_in_chaos_v1:sacrifice Expected: 95 Got: 112
[27Sep2025 16:33:39.815] [main/WARN] [net.minecraftforge.registries.ForgeRegistry/REGISTRIES]: Registry minecraft:mob_effect: Object did not get ID it asked for. Name: born_in_chaos_v1:dogtruce Expected: 96 Got: 113
[27Sep2025 16:33:39.815] [main/WARN] [net.minecraftforge.registries.ForgeRegistry/REGISTRIES]: Registry minecraft:mob_effect: Object did not get ID it asked for. Name: born_in_chaos_v1:bone_fracture Expected: 97 Got: 114
[27Sep2025 16:33:39.815] [main/WARN] [net.minecraftforge.registries.ForgeRegistry/REGISTRIES]: Registry minecraft:mob_effect: Object did not get ID it asked for. Name: born_in_chaos_v1:barbedattack Expected: 98 Got: 115
[27Sep2025 16:33:39.815] [main/WARN] [net.minecraftforge.registries.ForgeRegistry/REGISTRIES]: Registry minecraft:mob_effect: Object did not get ID it asked for. Name: born_in_chaos_v1:rotten_smell Expected: 99 Got: 116
[27Sep2025 16:33:39.816] [main/WARN] [net.minecraftforge.registries.ForgeRegistry/REGISTRIES]: Registry minecraft:mob_effect: Object did not get ID it asked for. Name: born_in_chaos_v1:infestationof_flies Expected: 100 Got: 117
[27Sep2025 16:33:39.816] [main/WARN] [net.minecraftforge.registries.ForgeRegistry/REGISTRIES]: Registry minecraft:mob_effect: Object did not get ID it asked for. Name: born_in_chaos_v1:myiasis Expected: 101 Got: 118
[27Sep2025 16:33:39.816] [main/WARN] [net.minecraftforge.registries.ForgeRegistry/REGISTRIES]: Registry minecraft:mob_effect: Object did not get ID it asked for. Name: born_in_chaos_v1:fish_breath Expected: 102 Got: 119
[27Sep2025 16:33:39.816] [main/WARN] [net.minecraftforge.registries.ForgeRegistry/REGISTRIES]: Registry minecraft:mob_effect: Object did not get ID it asked for. Name: born_in_chaos_v1:infernal_flame Expected: 103 Got: 120
[27Sep2025 16:33:39.816] [main/WARN] [net.minecraftforge.registries.ForgeRegistry/REGISTRIES]: Registry minecraft:mob_effect: Object did not get ID it asked for. Name: born_in_chaos_v1:living_bomb Expected: 104 Got: 121
[27Sep2025 16:33:39.816] [main/WARN] [net.minecraftforge.registries.ForgeRegistry/REGISTRIES]: Registry minecraft:mob_effect: Object did not get ID it asked for. Name: born_in_chaos_v1:unity_with_darkness Expected: 105 Got: 122
[27Sep2025 16:33:39.816] [main/WARN] [net.minecraftforge.registries.ForgeRegistry/REGISTRIES]: Registry minecraft:mob_effect: Object did not get ID it asked for. Name: born_in_chaos_v1:bone_barrier Expected: 106 Got: 123
[27Sep2025 16:33:39.817] [main/WARN] [net.minecraftforge.registries.ForgeRegistry/REGISTRIES]: Registry minecraft:mob_effect: Object did not get ID it asked for. Name: born_in_chaos_v1:undead_summonun Expected: 107 Got: 124
[27Sep2025 16:33:39.817] [main/WARN] [net.minecraftforge.registries.ForgeRegistry/REGISTRIES]: Registry minecraft:mob_effect: Object did not get ID it asked for. Name: born_in_chaos_v1:jawattack Expected: 108 Got: 125
[27Sep2025 16:33:39.817] [main/WARN] [net.minecraftforge.registries.ForgeRegistry/REGISTRIES]: Registry minecraft:mob_effect: Object did not get ID it asked for. Name: born_in_chaos_v1:stimulation Expected: 109 Got: 126
[27Sep2025 16:33:39.817] [main/WARN] [net.minecraftforge.registries.ForgeRegistry/REGISTRIES]: Registry minecraft:mob_effect: Object did not get ID it asked for. Name: born_in_chaos_v1:stimulatingsurge Expected: 110 Got: 127
[27Sep2025 16:33:39.817] [main/WARN] [net.minecraftforge.registries.ForgeRegistry/REGISTRIES]: Registry minecraft:mob_effect: Object did not get ID it asked for. Name: born_in_chaos_v1:obsession Expected: 111 Got: 128
[27Sep2025 16:33:39.817] [main/WARN] [net.minecraftforge.registries.ForgeRegistry/REGISTRIES]: Registry minecraft:mob_effect: Object did not get ID it asked for. Name: born_in_chaos_v1:lifesteal Expected: 112 Got: 129
[27Sep2025 16:33:39.817] [main/WARN] [net.minecraftforge.registries.ForgeRegistry/REGISTRIES]: Registry minecraft:mob_effect: Object did not get ID it asked for. Name: born_in_chaos_v1:dark_splash Expected: 113 Got: 130
[27Sep2025 16:33:39.817] [main/WARN] [net.minecraftforge.registries.ForgeRegistry/REGISTRIES]: Registry minecraft:mob_effect: Object did not get ID it asked for. Name: born_in_chaos_v1:stranglehold Expected: 114 Got: 131
[27Sep2025 16:33:39.818] [main/WARN] [net.minecraftforge.registries.ForgeRegistry/REGISTRIES]: Registry minecraft:mob_effect: Object did not get ID it asked for. Name: born_in_chaos_v1:vampiric_touch Expected: 115 Got: 132
[27Sep2025 16:33:39.818] [main/WARN] [net.minecraftforge.registries.ForgeRegistry/REGISTRIES]: Registry minecraft:mob_effect: Object did not get ID it asked for. Name: born_in_chaos_v1:living_cocoon Expected: 116 Got: 133
[27Sep2025 16:33:39.818] [main/WARN] [net.minecraftforge.registries.ForgeRegistry/REGISTRIES]: Registry minecraft:mob_effect: Object did not get ID it asked for. Name: born_in_chaos_v1:living_cocoon_player_side Expected: 117 Got: 134
[27Sep2025 16:33:39.818] [main/WARN] [net.minecraftforge.registries.ForgeRegistry/REGISTRIES]: Registry minecraft:mob_effect: Object did not get ID it asked for. Name: born_in_chaos_v1:stunning_strike Expected: 118 Got: 135
[27Sep2025 16:33:39.818] [main/WARN] [net.minecraftforge.registries.ForgeRegistry/REGISTRIES]: Registry minecraft:mob_effect: Object did not get ID it asked for. Name: born_in_chaos_v1:curseofthe_boat Expected: 119 Got: 136
[27Sep2025 16:33:39.818] [main/WARN] [net.minecraftforge.registries.ForgeRegistry/REGISTRIES]: Registry minecraft:mob_effect: Object did not get ID it asked for. Name: born_in_chaos_v1:terrifying_presence Expected: 120 Got: 137
[27Sep2025 16:33:39.818] [main/WARN] [net.minecraftforge.registries.ForgeRegistry/REGISTRIES]: Registry minecraft:mob_effect: Object did not get ID it asked for. Name: born_in_chaos_v1:wither_resistance Expected: 121 Got: 138
[27Sep2025 16:33:39.819] [main/WARN] [net.minecraftforge.registries.ForgeRegistry/REGISTRIES]: Registry minecraft:mob_effect: Object did not get ID it asked for. Name: born_in_chaos_v1:insect_protection Expected: 122 Got: 139
[27Sep2025 16:33:39.819] [main/WARN] [net.minecraftforge.registries.ForgeRegistry/REGISTRIES]: Registry minecraft:mob_effect: Object did not get ID it asked for. Name: born_in_chaos_v1:dark_ward Expected: 123 Got: 140
[27Sep2025 16:33:39.819] [main/WARN] [net.minecraftforge.registries.ForgeRegistry/REGISTRIES]: Registry minecraft:mob_effect: Object did not get ID it asked for. Name: born_in_chaos_v1:sweet_madness Expected: 124 Got: 141
[27Sep2025 16:33:39.819] [main/WARN] [net.minecraftforge.registries.ForgeRegistry/REGISTRIES]: Registry minecraft:mob_effect: Object did not get ID it asked for. Name: born_in_chaos_v1:bad_feeling Expected: 125 Got: 142
[27Sep2025 16:33:39.819] [main/WARN] [net.minecraftforge.registries.ForgeRegistry/REGISTRIES]: Registry minecraft:mob_effect: Object did not get ID it asked for. Name: born_in_chaos_v1:bone_chilling Expected: 126 Got: 143
[27Sep2025 16:33:39.819] [main/WARN] [net.minecraftforge.registries.ForgeRegistry/REGISTRIES]: Registry minecraft:mob_effect: Object did not get ID it asked for. Name: born_in_chaos_v1:ice_barrier Expected: 127 Got: 144
[27Sep2025 16:33:39.819] [main/WARN] [net.minecraftforge.registries.ForgeRegistry/REGISTRIES]: Registry minecraft:mob_effect: Object did not get ID it asked for. Name: born_in_chaos_v1:snow_storm Expected: 128 Got: 145
[27Sep2025 16:33:39.819] [main/WARN] [net.minecraftforge.registries.ForgeRegistry/REGISTRIES]: Registry minecraft:mob_effect: Object did not get ID it asked for. Name: born_in_chaos_v1:lost_items Expected: 129 Got: 146
[27Sep2025 16:33:39.820] [main/WARN] [net.minecraftforge.registries.ForgeRegistry/REGISTRIES]: Registry minecraft:mob_effect: Object did not get ID it asked for. Name: born_in_chaos_v1:minion_summon Expected: 130 Got: 147
[27Sep2025 16:33:39.820] [main/WARN] [net.minecraftforge.registries.ForgeRegistry/REGISTRIES]: Registry minecraft:mob_effect: Object did not get ID it asked for. Name: born_in_chaos_v1:experience_container Expected: 131 Got: 148
[27Sep2025 16:33:39.820] [main/WARN] [net.minecraftforge.registries.ForgeRegistry/REGISTRIES]: Registry minecraft:mob_effect: Object did not get ID it asked for. Name: born_in_chaos_v1:rabbit_agility Expected: 132 Got: 149
[27Sep2025 16:33:39.820] [main/WARN] [net.minecraftforge.registries.ForgeRegistry/REGISTRIES]: Registry minecraft:mob_effect: Object did not get ID it asked for. Name: born_in_chaos_v1:stone_persistence Expected: 133 Got: 150
[27Sep2025 16:33:39.820] [main/WARN] [net.minecraftforge.registries.ForgeRegistry/REGISTRIES]: Registry minecraft:mob_effect: Object did not get ID it asked for. Name: born_in_chaos_v1:predators_desire Expected: 134 Got: 151
[27Sep2025 16:33:39.820] [main/WARN] [net.minecraftforge.registries.ForgeRegistry/REGISTRIES]: Registry minecraft:mob_effect: Object did not get ID it asked for. Name: born_in_chaos_v1:overly_heavy_weapon Expected: 135 Got: 152
[27Sep2025 16:33:39.821] [main/WARN] [net.minecraftforge.registries.ForgeRegistry/REGISTRIES]: Registry minecraft:sound_event: Object did not get ID it asked for. Name: obscure_api:miracle Expected: 1822 Got: 1841
[27Sep2025 16:33:39.821] [main/WARN] [net.minecraftforge.registries.ForgeRegistry/REGISTRIES]: Registry minecraft:sound_event: Object did not get ID it asked for. Name: born_in_chaos_v1:vortex_idle1 Expected: 2132 Got: 1842
[27Sep2025 16:33:39.822] [main/WARN] [net.minecraftforge.registries.ForgeRegistry/REGISTRIES]: Registry minecraft:sound_event: Object did not get ID it asked for. Name: born_in_chaos_v1:fallen_attack Expected: 2133 Got: 1843
[27Sep2025 16:33:39.822] [main/WARN] [net.minecraftforge.registries.ForgeRegistry/REGISTRIES]: Registry minecraft:sound_event: Object did not get ID it asked for. Name: born_in_chaos_v1:fallen_curse_mark Expected: 2134 Got: 1844
[27Sep2025 16:33:39.822] [main/WARN] [net.minecraftforge.registries.ForgeRegistry/REGISTRIES]: Registry minecraft:sound_event: Object did not get ID it asked for. Name: born_in_chaos_v1:fallen_death Expected: 2135 Got: 2111
[27Sep2025 16:33:39.822] [main/WARN] [net.minecraftforge.registries.ForgeRegistry/REGISTRIES]: Registry minecraft:sound_event: Object did not get ID it asked for. Name: born_in_chaos_v1:fallen_hurt Expected: 2136 Got: 2112
[27Sep2025 16:33:39.822] [main/WARN] [net.minecraftforge.registries.ForgeRegistry/REGISTRIES]: Registry minecraft:sound_event: Object did not get ID it asked for. Name: born_in_chaos_v1:fallen_idle Expected: 2137 Got: 2113
[27Sep2025 16:33:39.822] [main/WARN] [net.minecraftforge.registries.ForgeRegistry/REGISTRIES]: Registry minecraft:sound_event: Object did not get ID it asked for. Name: born_in_chaos_v1:fallen_step Expected: 2138 Got: 2114
[27Sep2025 16:33:39.822] [main/WARN] [net.minecraftforge.registries.ForgeRegistry/REGISTRIES]: Registry minecraft:sound_event: Object did not get ID it asked for. Name: born_in_chaos_v1:persecutor_death Expected: 2139 Got: 2173
[27Sep2025 16:33:39.822] [main/WARN] [net.minecraftforge.registries.ForgeRegistry/REGISTRIES]: Registry minecraft:sound_event: Object did not get ID it asked for. Name: born_in_chaos_v1:persecutor_hurt Expected: 2140 Got: 2174
[27Sep2025 16:33:39.823] [main/WARN] [net.minecraftforge.registries.ForgeRegistry/REGISTRIES]: Registry minecraft:sound_event: Object did not get ID it asked for. Name: born_in_chaos_v1:persecutor_idle Expected: 2141 Got: 2175
[27Sep2025 16:33:39.823] [main/WARN] [net.minecraftforge.registries.ForgeRegistry/REGISTRIES]: Registry minecraft:sound_event: Object did not get ID it asked for. Name: born_in_chaos_v1:persecutor_scream Expected: 2142 Got: 2176
[27Sep2025 16:33:39.823] [main/WARN] [net.minecraftforge.registries.ForgeRegistry/REGISTRIES]: Registry minecraft:sound_event: Object did not get ID it asked for. Name: born_in_chaos_v1:stalker_death2 Expected: 2143 Got: 2177
[27Sep2025 16:33:39.823] [main/WARN] [net.minecraftforge.registries.ForgeRegistry/REGISTRIES]: Registry minecraft:sound_event: Object did not get ID it asked for. Name: born_in_chaos_v1:vortex_death1 Expected: 2144 Got: 2178
[27Sep2025 16:33:39.823] [main/WARN] [net.minecraftforge.registries.ForgeRegistry/REGISTRIES]: Registry minecraft:sound_event: Object did not get ID it asked for. Name: born_in_chaos_v1:vortex_idle2 Expected: 2145 Got: 2179
[27Sep2025 16:33:39.823] [main/WARN] [net.minecraftforge.registries.ForgeRegistry/REGISTRIES]: Registry minecraft:sound_event: Object did not get ID it asked for. Name: born_in_chaos_v1:vortex_hurt11 Expected: 2146 Got: 2180
[27Sep2025 16:33:39.823] [main/WARN] [net.minecraftforge.registries.ForgeRegistry/REGISTRIES]: Registry minecraft:sound_event: Object did not get ID it asked for. Name: born_in_chaos_v1:vortex_hurt21 Expected: 2147 Got: 2181
[27Sep2025 16:33:39.823] [main/WARN] [net.minecraftforge.registries.ForgeRegistry/REGISTRIES]: Registry minecraft:sound_event: Object did not get ID it asked for. Name: born_in_chaos_v1:hah Expected: 2148 Got: 2182
[27Sep2025 16:33:39.824] [main/WARN] [net.minecraftforge.registries.ForgeRegistry/REGISTRIES]: Registry minecraft:sound_event: Object did not get ID it asked for. Name: born_in_chaos_v1:haha Expected: 2149 Got: 2183
[27Sep2025 16:33:39.824] [main/WARN] [net.minecraftforge.registries.ForgeRegistry/REGISTRIES]: Registry minecraft:sound_event: Object did not get ID it asked for. Name: born_in_chaos_v1:doorblokc Expected: 2150 Got: 2184
[27Sep2025 16:33:39.824] [main/WARN] [net.minecraftforge.registries.ForgeRegistry/REGISTRIES]: Registry minecraft:sound_event: Object did not get ID it asked for. Name: born_in_chaos_v1:doorblokc2 Expected: 2151 Got: 2185
[27Sep2025 16:33:39.824] [main/WARN] [net.minecraftforge.registries.ForgeRegistry/REGISTRIES]: Registry minecraft:sound_event: Object did not get ID it asked for. Name: born_in_chaos_v1:halloween Expected: 2152 Got: 2186
[27Sep2025 16:33:39.824] [main/WARN] [net.minecraftforge.registries.ForgeRegistry/REGISTRIES]: Registry minecraft:sound_event: Object did not get ID it asked for. Name: born_in_chaos_v1:doorsdisc Expected: 2153 Got: 2187
[27Sep2025 16:33:39.824] [main/WARN] [net.minecraftforge.registries.ForgeRegistry/REGISTRIES]: Registry minecraft:sound_event: Object did not get ID it asked for. Name: born_in_chaos_v1:stalker_roar Expected: 2154 Got: 2188
[27Sep2025 16:33:39.824] [main/WARN] [net.minecraftforge.registries.ForgeRegistry/REGISTRIES]: Registry minecraft:sound_event: Object did not get ID it asked for. Name: born_in_chaos_v1:stalker_dead Expected: 2155 Got: 2189
[27Sep2025 16:33:39.824] [main/WARN] [net.minecraftforge.registries.ForgeRegistry/REGISTRIES]: Registry minecraft:sound_event: Object did not get ID it asked for. Name: born_in_chaos_v1:stalker_step Expected: 2156 Got: 2190
[27Sep2025 16:33:39.825] [main/WARN] [net.minecraftforge.registries.ForgeRegistry/REGISTRIES]: Registry minecraft:sound_event: Object did not get ID it asked for. Name: born_in_chaos_v1:stalker_hit Expected: 2157 Got: 2191
[27Sep2025 16:33:39.825] [main/WARN] [net.minecraftforge.registries.ForgeRegistry/REGISTRIES]: Registry minecraft:sound_event: Object did not get ID it asked for. Name: born_in_chaos_v1:stalker_hurt Expected: 2158 Got: 2192
[27Sep2025 16:33:39.825] [main/WARN] [net.minecraftforge.registries.ForgeRegistry/REGISTRIES]: Registry minecraft:sound_event: Object did not get ID it asked for. Name: born_in_chaos_v1:pumpkin_spirit_hurt Expected: 2159 Got: 2193
[27Sep2025 16:33:39.825] [main/WARN] [net.minecraftforge.registries.ForgeRegistry/REGISTRIES]: Registry minecraft:sound_event: Object did not get ID it asked for. Name: born_in_chaos_v1:pumpkin_spirit_death Expected: 2160 Got: 2194
[27Sep2025 16:33:39.825] [main/WARN] [net.minecraftforge.registries.ForgeRegistry/REGISTRIES]: Registry minecraft:sound_event: Object did not get ID it asked for. Name: born_in_chaos_v1:stalker_roar_distant Expected: 2161 Got: 2195
[27Sep2025 16:33:39.825] [main/WARN] [net.minecraftforge.registries.ForgeRegistry/REGISTRIES]: Registry minecraft:sound_event: Object did not get ID it asked for. Name: born_in_chaos_v1:hound_death Expected: 2162 Got: 2196
[27Sep2025 16:33:39.825] [main/WARN] [net.minecraftforge.registries.ForgeRegistry/REGISTRIES]: Registry minecraft:sound_event: Object did not get ID it asked for. Name: born_in_chaos_v1:hound_hit Expected: 2163 Got: 2197
[27Sep2025 16:33:39.825] [main/WARN] [net.minecraftforge.registries.ForgeRegistry/REGISTRIES]: Registry minecraft:sound_event: Object did not get ID it asked for. Name: born_in_chaos_v1:hound_ambient Expected: 2164 Got: 2198
[27Sep2025 16:33:39.826] [main/WARN] [net.minecraftforge.registries.ForgeRegistry/REGISTRIES]: Registry minecraft:sound_event: Object did not get ID it asked for. Name: born_in_chaos_v1:hound_attack Expected: 2165 Got: 2199
[27Sep2025 16:33:39.826] [main/WARN] [net.minecraftforge.registries.ForgeRegistry/REGISTRIES]: Registry minecraft:sound_event: Object did not get ID it asked for. Name: born_in_chaos_v1:seared_spirit_death Expected: 2166 Got: 2200
[27Sep2025 16:33:39.826] [main/WARN] [net.minecraftforge.registries.ForgeRegistry/REGISTRIES]: Registry minecraft:sound_event: Object did not get ID it asked for. Name: born_in_chaos_v1:houndtrap Expected: 2167 Got: 2201
[27Sep2025 16:33:39.826] [main/WARN] [net.minecraftforge.registries.ForgeRegistry/REGISTRIES]: Registry minecraft:sound_event: Object did not get ID it asked for. Name: born_in_chaos_v1:dark_warlblade_atak Expected: 2168 Got: 2202
[27Sep2025 16:33:39.826] [main/WARN] [net.minecraftforge.registries.ForgeRegistry/REGISTRIES]: Registry minecraft:sound_event: Object did not get ID it asked for. Name: born_in_chaos_v1:stomach_open Expected: 2169 Got: 2203
[27Sep2025 16:33:39.826] [main/WARN] [net.minecraftforge.registries.ForgeRegistry/REGISTRIES]: Registry minecraft:sound_event: Object did not get ID it asked for. Name: born_in_chaos_v1:clown_step Expected: 2170 Got: 2204
[27Sep2025 16:33:39.826] [main/WARN] [net.minecraftforge.registries.ForgeRegistry/REGISTRIES]: Registry minecraft:sound_event: Object did not get ID it asked for. Name: born_in_chaos_v1:clown_hurt Expected: 2171 Got: 2205
[27Sep2025 16:33:39.826] [main/WARN] [net.minecraftforge.registries.ForgeRegistry/REGISTRIES]: Registry minecraft:sound_event: Object did not get ID it asked for. Name: born_in_chaos_v1:clown_death Expected: 2172 Got: 2206
[27Sep2025 16:33:39.826] [main/WARN] [net.minecraftforge.registries.ForgeRegistry/REGISTRIES]: Registry minecraft:sound_event: Object did not get ID it asked for. Name: born_in_chaos_v1:zombie_clown_attack Expected: 2173 Got: 2207
[27Sep2025 16:33:39.827] [main/WARN] [net.minecraftforge.registries.ForgeRegistry/REGISTRIES]: Registry minecraft:sound_event: Object did not get ID it asked for. Name: born_in_chaos_v1:corpse_fly_ambient Expected: 2174 Got: 2208
[27Sep2025 16:33:39.827] [main/WARN] [net.minecraftforge.registries.ForgeRegistry/REGISTRIES]: Registry minecraft:sound_event: Object did not get ID it asked for. Name: born_in_chaos_v1:corpse_fly_death Expected: 2175 Got: 2209
[27Sep2025 16:33:39.827] [main/WARN] [net.minecraftforge.registries.ForgeRegistry/REGISTRIES]: Registry minecraft:sound_event: Object did not get ID it asked for. Name: born_in_chaos_v1:corpse_fly_hurt Expected: 2176 Got: 2210
[27Sep2025 16:33:39.827] [main/WARN] [net.minecraftforge.registries.ForgeRegistry/REGISTRIES]: Registry minecraft:sound_event: Object did not get ID it asked for. Name: born_in_chaos_v1:gadfly_idle Expected: 2177 Got: 2211
[27Sep2025 16:33:39.827] [main/WARN] [net.minecraftforge.registries.ForgeRegistry/REGISTRIES]: Registry minecraft:sound_event: Object did not get ID it asked for. Name: born_in_chaos_v1:gadfly_hurt Expected: 2178 Got: 2212
[27Sep2025 16:33:39.827] [main/WARN] [net.minecraftforge.registries.ForgeRegistry/REGISTRIES]: Registry minecraft:sound_event: Object did not get ID it asked for. Name: born_in_chaos_v1:gadfly_death Expected: 2179 Got: 2213
[27Sep2025 16:33:39.827] [main/WARN] [net.minecraftforge.registries.ForgeRegistry/REGISTRIES]: Registry minecraft:sound_event: Object did not get ID it asked for. Name: born_in_chaos_v1:corpse_fly_ambient2 Expected: 2180 Got: 2214
[27Sep2025 16:33:39.827] [main/WARN] [net.minecraftforge.registries.ForgeRegistry/REGISTRIES]: Registry minecraft:sound_event: Object did not get ID it asked for. Name: born_in_chaos_v1:corpse_fly_hurt2 Expected: 2181 Got: 2215
[27Sep2025 16:33:39.828] [main/WARN] [net.minecraftforge.registries.ForgeRegistry/REGISTRIES]: Registry minecraft:sound_event: Object did not get ID it asked for. Name: born_in_chaos_v1:corpse_fly_death2 Expected: 2182 Got: 2216
[27Sep2025 16:33:39.828] [main/WARN] [net.minecraftforge.registries.ForgeRegistry/REGISTRIES]: Registry minecraft:sound_event: Object did not get ID it asked for. Name: born_in_chaos_v1:fish_slap Expected: 2183 Got: 2217
[27Sep2025 16:33:39.828] [main/WARN] [net.minecraftforge.registries.ForgeRegistry/REGISTRIES]: Registry minecraft:sound_event: Object did not get ID it asked for. Name: born_in_chaos_v1:swarmer_idle Expected: 2184 Got: 2218
[27Sep2025 16:33:39.828] [main/WARN] [net.minecraftforge.registries.ForgeRegistry/REGISTRIES]: Registry minecraft:sound_event: Object did not get ID it asked for. Name: born_in_chaos_v1:swarmer_hurt Expected: 2185 Got: 2219
[27Sep2025 16:33:39.828] [main/WARN] [net.minecraftforge.registries.ForgeRegistry/REGISTRIES]: Registry minecraft:sound_event: Object did not get ID it asked for. Name: born_in_chaos_v1:swarmer_death Expected: 2186 Got: 2220
[27Sep2025 16:33:39.828] [main/WARN] [net.minecraftforge.registries.ForgeRegistry/REGISTRIES]: Registry minecraft:sound_event: Object did not get ID it asked for. Name: born_in_chaos_v1:crab_death Expected: 2187 Got: 2221
[27Sep2025 16:33:39.828] [main/WARN] [net.minecraftforge.registries.ForgeRegistry/REGISTRIES]: Registry minecraft:sound_event: Object did not get ID it asked for. Name: born_in_chaos_v1:crab_idle Expected: 2188 Got: 2222
[27Sep2025 16:33:39.829] [main/WARN] [net.minecraftforge.registries.ForgeRegistry/REGISTRIES]: Registry minecraft:sound_event: Object did not get ID it asked for. Name: born_in_chaos_v1:crab_step Expected: 2189 Got: 2223
[27Sep2025 16:33:39.829] [main/WARN] [net.minecraftforge.registries.ForgeRegistry/REGISTRIES]: Registry minecraft:sound_event: Object did not get ID it asked for. Name: born_in_chaos_v1:crab_hurt Expected: 2190 Got: 2224
[27Sep2025 16:33:39.829] [main/WARN] [net.minecraftforge.registries.ForgeRegistry/REGISTRIES]: Registry minecraft:sound_event: Object did not get ID it asked for. Name: born_in_chaos_v1:glutton_fish_ambient Expected: 2191 Got: 2225
[27Sep2025 16:33:39.829] [main/WARN] [net.minecraftforge.registries.ForgeRegistry/REGISTRIES]: Registry minecraft:sound_event: Object did not get ID it asked for. Name: born_in_chaos_v1:glutton_fish_attack Expected: 2192 Got: 2226
[27Sep2025 16:33:39.829] [main/WARN] [net.minecraftforge.registries.ForgeRegistry/REGISTRIES]: Registry minecraft:sound_event: Object did not get ID it asked for. Name: born_in_chaos_v1:glutton_fish_hurt Expected: 2193 Got: 2227
[27Sep2025 16:33:39.829] [main/WARN] [net.minecraftforge.registries.ForgeRegistry/REGISTRIES]: Registry minecraft:sound_event: Object did not get ID it asked for. Name: born_in_chaos_v1:glutton_fish_death Expected: 2194 Got: 2228
[27Sep2025 16:33:39.829] [main/WARN] [net.minecraftforge.registries.ForgeRegistry/REGISTRIES]: Registry minecraft:sound_event: Object did not get ID it asked for. Name: born_in_chaos_v1:fly_move Expected: 2195 Got: 2229
[27Sep2025 16:33:39.830] [main/WARN] [net.minecraftforge.registries.ForgeRegistry/REGISTRIES]: Registry minecraft:sound_event: Object did not get ID it asked for. Name: born_in_chaos_v1:brute_zombie_attack Expected: 2196 Got: 2230
[27Sep2025 16:33:39.830] [main/WARN] [net.minecraftforge.registries.ForgeRegistry/REGISTRIES]: Registry minecraft:sound_event: Object did not get ID it asked for. Name: born_in_chaos_v1:brute_zombie_step Expected: 2197 Got: 2231
[27Sep2025 16:33:39.830] [main/WARN] [net.minecraftforge.registries.ForgeRegistry/REGISTRIES]: Registry minecraft:sound_event: Object did not get ID it asked for. Name: born_in_chaos_v1:zombie_brute_death Expected: 2198 Got: 2232
[27Sep2025 16:33:39.830] [main/WARN] [net.minecraftforge.registries.ForgeRegistry/REGISTRIES]: Registry minecraft:sound_event: Object did not get ID it asked for. Name: born_in_chaos_v1:zombie_brute_hurt Expected: 2199 Got: 2233
[27Sep2025 16:33:39.830] [main/WARN] [net.minecraftforge.registries.ForgeRegistry/REGISTRIES]: Registry minecraft:sound_event: Object did not get ID it asked for. Name: born_in_chaos_v1:zombie_brute_idle Expected: 2200 Got: 2234
[27Sep2025 16:33:39.830] [main/WARN] [net.minecraftforge.registries.ForgeRegistry/REGISTRIES]: Registry minecraft:sound_event: Object did not get ID it asked for. Name: born_in_chaos_v1:pumpkinhead_reload Expected: 2201 Got: 2235
[27Sep2025 16:33:39.830] [main/WARN] [net.minecraftforge.registries.ForgeRegistry/REGISTRIES]: Registry minecraft:sound_event: Object did not get ID it asked for. Name: born_in_chaos_v1:pumpkinhead_gun_fire Expected: 2202 Got: 2236
[27Sep2025 16:33:39.830] [main/WARN] [net.minecraftforge.registries.ForgeRegistry/REGISTRIES]: Registry minecraft:sound_event: Object did not get ID it asked for. Name: born_in_chaos_v1:pumpkinhead_bomb_curse Expected: 2203 Got: 2237
[27Sep2025 16:33:39.831] [main/WARN] [net.minecraftforge.registries.ForgeRegistry/REGISTRIES]: Registry minecraft:sound_event: Object did not get ID it asked for. Name: born_in_chaos_v1:charm_of_stealth_use Expected: 2204 Got: 2238
[27Sep2025 16:33:39.831] [main/WARN] [net.minecraftforge.registries.ForgeRegistry/REGISTRIES]: Registry minecraft:sound_event: Object did not get ID it asked for. Name: born_in_chaos_v1:charm_of_endurance_use Expected: 2205 Got: 2239
[27Sep2025 16:33:39.831] [main/WARN] [net.minecraftforge.registries.ForgeRegistry/REGISTRIES]: Registry minecraft:sound_event: Object did not get ID it asked for. Name: born_in_chaos_v1:charm_of_strenght_use Expected: 2206 Got: 2240
[27Sep2025 16:33:39.831] [main/WARN] [net.minecraftforge.registries.ForgeRegistry/REGISTRIES]: Registry minecraft:sound_event: Object did not get ID it asked for. Name: born_in_chaos_v1:charm_of_rage_use Expected: 2207 Got: 2241
[27Sep2025 16:33:39.831] [main/WARN] [net.minecraftforge.registries.ForgeRegistry/REGISTRIES]: Registry minecraft:sound_event: Object did not get ID it asked for. Name: born_in_chaos_v1:charm_of_protection_use Expected: 2208 Got: 2242
[27Sep2025 16:33:39.831] [main/WARN] [net.minecraftforge.registries.ForgeRegistry/REGISTRIES]: Registry minecraft:sound_event: Object did not get ID it asked for. Name: born_in_chaos_v1:missionary_death Expected: 2209 Got: 2243
[27Sep2025 16:33:39.831] [main/WARN] [net.minecraftforge.registries.ForgeRegistry/REGISTRIES]: Registry minecraft:sound_event: Object did not get ID it asked for. Name: born_in_chaos_v1:missionary_hurt Expected: 2210 Got: 2244
[27Sep2025 16:33:39.832] [main/WARN] [net.minecraftforge.registries.ForgeRegistry/REGISTRIES]: Registry minecraft:sound_event: Object did not get ID it asked for. Name: born_in_chaos_v1:missionary_idle Expected: 2211 Got: 2245
[27Sep2025 16:33:39.832] [main/WARN] [net.minecraftforge.registries.ForgeRegistry/REGISTRIES]: Registry minecraft:sound_event: Object did not get ID it asked for. Name: born_in_chaos_v1:missionary_spawn_mobs Expected: 2212 Got: 2246
[27Sep2025 16:33:40.012] [main/WARN] [net.minecraftforge.registries.ForgeRegistry/REGISTRIES]: Registry minecraft:sound_event: Object did not get ID it asked for. Name: born_in_chaos_v1:missionary_step Expected: 2213 Got: 2247
[27Sep2025 16:33:40.012] [main/WARN] [net.minecraftforge.registries.ForgeRegistry/REGISTRIES]: Registry minecraft:sound_event: Object did not get ID it asked for. Name: born_in_chaos_v1:missionary_teleport Expected: 2214 Got: 2248
[27Sep2025 16:33:40.013] [main/WARN] [net.minecraftforge.registries.ForgeRegistry/REGISTRIES]: Registry minecraft:sound_event: Object did not get ID it asked for. Name: born_in_chaos_v1:missionary_shoot Expected: 2215 Got: 2249
[27Sep2025 16:33:40.013] [main/WARN] [net.minecraftforge.registries.ForgeRegistry/REGISTRIES]: Registry minecraft:sound_event: Object did not get ID it asked for. Name: born_in_chaos_v1:obsession Expected: 2216 Got: 2250
[27Sep2025 16:33:40.013] [main/WARN] [net.minecraftforge.registries.ForgeRegistry/REGISTRIES]: Registry minecraft:sound_event: Object did not get ID it asked for. Name: born_in_chaos_v1:chaos_spirit_haunt Expected: 2217 Got: 2251
[27Sep2025 16:33:40.013] [main/WARN] [net.minecraftforge.registries.ForgeRegistry/REGISTRIES]: Registry minecraft:sound_event: Object did not get ID it asked for. Name: born_in_chaos_v1:missionary_alert Expected: 2218 Got: 2252
[27Sep2025 16:33:40.013] [main/WARN] [net.minecraftforge.registries.ForgeRegistry/REGISTRIES]: Registry minecraft:sound_event: Object did not get ID it asked for. Name: born_in_chaos_v1:nsstep Expected: 2219 Got: 2253
[27Sep2025 16:33:40.014] [main/WARN] [net.minecraftforge.registries.ForgeRegistry/REGISTRIES]: Registry minecraft:sound_event: Object did not get ID it asked for. Name: born_in_chaos_v1:step5 Expected: 2220 Got: 2254
[27Sep2025 16:33:40.014] [main/WARN] [net.minecraftforge.registries.ForgeRegistry/REGISTRIES]: Registry minecraft:sound_event: Object did not get ID it asked for. Name: born_in_chaos_v1:step_st Expected: 2221 Got: 2255
[27Sep2025 16:33:40.014] [main/WARN] [net.minecraftforge.registries.ForgeRegistry/REGISTRIES]: Registry minecraft:sound_event: Object did not get ID it asked for. Name: born_in_chaos_v1:lifestealer_hurt Expected: 2222 Got: 2256
[27Sep2025 16:33:40.014] [main/WARN] [net.minecraftforge.registries.ForgeRegistry/REGISTRIES]: Registry minecraft:sound_event: Object did not get ID it asked for. Name: born_in_chaos_v1:lifestealer_idle Expected: 2223 Got: 2257
[27Sep2025 16:33:40.014] [main/WARN] [net.minecraftforge.registries.ForgeRegistry/REGISTRIES]: Registry minecraft:sound_event: Object did not get ID it asked for. Name: born_in_chaos_v1:lifestealer_death Expected: 2224 Got: 2270
[27Sep2025 16:33:40.015] [main/WARN] [net.minecraftforge.registries.ForgeRegistry/REGISTRIES]: Registry minecraft:sound_event: Object did not get ID it asked for. Name: born_in_chaos_v1:lifestealer_scream Expected: 2225 Got: 2271
[27Sep2025 16:33:40.015] [main/WARN] [net.minecraftforge.registries.ForgeRegistry/REGISTRIES]: Registry minecraft:sound_event: Object did not get ID it asked for. Name: born_in_chaos_v1:lifestealer_scream_ap Expected: 2226 Got: 2272
[27Sep2025 16:33:40.015] [main/WARN] [net.minecraftforge.registries.ForgeRegistry/REGISTRIES]: Registry minecraft:sound_event: Object did not get ID it asked for. Name: born_in_chaos_v1:magic_staff_shoot Expected: 2227 Got: 2273
[27Sep2025 16:33:40.015] [main/WARN] [net.minecraftforge.registries.ForgeRegistry/REGISTRIES]: Registry minecraft:sound_event: Object did not get ID it asked for. Name: born_in_chaos_v1:pumpkin_staff_shoot Expected: 2228 Got: 2274
[27Sep2025 16:33:40.015] [main/WARN] [net.minecraftforge.registries.ForgeRegistry/REGISTRIES]: Registry minecraft:sound_event: Object did not get ID it asked for. Name: born_in_chaos_v1:pumpkin_hit Expected: 2229 Got: 2275
[27Sep2025 16:33:40.015] [main/WARN] [net.minecraftforge.registries.ForgeRegistry/REGISTRIES]: Registry minecraft:sound_event: Object did not get ID it asked for. Name: born_in_chaos_v1:spider_splash Expected: 2230 Got: 2276
[27Sep2025 16:33:40.016] [main/WARN] [net.minecraftforge.registries.ForgeRegistry/REGISTRIES]: Registry minecraft:sound_event: Object did not get ID it asked for. Name: born_in_chaos_v1:mother_spider_step Expected: 2231 Got: 2277
[27Sep2025 16:33:40.016] [main/WARN] [net.minecraftforge.registries.ForgeRegistry/REGISTRIES]: Registry minecraft:sound_event: Object did not get ID it asked for. Name: born_in_chaos_v1:mother_spider_idle Expected: 2232 Got: 2278
[27Sep2025 16:33:40.016] [main/WARN] [net.minecraftforge.registries.ForgeRegistry/REGISTRIES]: Registry minecraft:sound_event: Object did not get ID it asked for. Name: born_in_chaos_v1:missionary_stun Expected: 2233 Got: 2279
[27Sep2025 16:33:40.016] [main/WARN] [net.minecraftforge.registries.ForgeRegistry/REGISTRIES]: Registry minecraft:sound_event: Object did not get ID it asked for. Name: born_in_chaos_v1:mother_spider_hurt Expected: 2234 Got: 2280
[27Sep2025 16:33:40.016] [main/WARN] [net.minecraftforge.registries.ForgeRegistry/REGISTRIES]: Registry minecraft:sound_event: Object did not get ID it asked for. Name: born_in_chaos_v1:spider_mother_death Expected: 2235 Got: 2281
[27Sep2025 16:33:40.017] [main/WARN] [net.minecraftforge.registries.ForgeRegistry/REGISTRIES]: Registry minecraft:sound_event: Object did not get ID it asked for. Name: born_in_chaos_v1:haha_lord Expected: 2236 Got: 2282
[27Sep2025 16:33:40.017] [main/WARN] [net.minecraftforge.registries.ForgeRegistry/REGISTRIES]: Registry minecraft:sound_event: Object did not get ID it asked for. Name: born_in_chaos_v1:bonk Expected: 2237 Got: 2283
[27Sep2025 16:33:40.017] [main/WARN] [net.minecraftforge.registries.ForgeRegistry/REGISTRIES]: Registry minecraft:sound_event: Object did not get ID it asked for. Name: born_in_chaos_v1:bonk_hit Expected: 2238 Got: 2284
[27Sep2025 16:33:40.017] [main/WARN] [net.minecraftforge.registries.ForgeRegistry/REGISTRIES]: Registry minecraft:sound_event: Object did not get ID it asked for. Name: born_in_chaos_v1:krampus_death Expected: 2239 Got: 2285
[27Sep2025 16:33:40.017] [main/WARN] [net.minecraftforge.registries.ForgeRegistry/REGISTRIES]: Registry minecraft:sound_event: Object did not get ID it asked for. Name: born_in_chaos_v1:krampus_roar Expected: 2240 Got: 2286
[27Sep2025 16:33:40.017] [main/WARN] [net.minecraftforge.registries.ForgeRegistry/REGISTRIES]: Registry minecraft:sound_event: Object did not get ID it asked for. Name: born_in_chaos_v1:krampus_idle Expected: 2241 Got: 2287
[27Sep2025 16:33:40.017] [main/WARN] [net.minecraftforge.registries.ForgeRegistry/REGISTRIES]: Registry minecraft:sound_event: Object did not get ID it asked for. Name: born_in_chaos_v1:krampus_blow Expected: 2242 Got: 2288
[27Sep2025 16:33:40.017] [main/WARN] [net.minecraftforge.registries.ForgeRegistry/REGISTRIES]: Registry minecraft:sound_event: Object did not get ID it asked for. Name: born_in_chaos_v1:krampus_horn_use Expected: 2243 Got: 2289
[27Sep2025 16:33:40.017] [main/WARN] [net.minecraftforge.registries.ForgeRegistry/REGISTRIES]: Registry minecraft:sound_event: Object did not get ID it asked for. Name: born_in_chaos_v1:krampus_alert_far Expected: 2244 Got: 2290
[27Sep2025 16:33:40.018] [main/WARN] [net.minecraftforge.registries.ForgeRegistry/REGISTRIES]: Registry minecraft:sound_event: Object did not get ID it asked for. Name: born_in_chaos_v1:krampus_alert Expected: 2245 Got: 2291
[27Sep2025 16:33:40.018] [main/WARN] [net.minecraftforge.registries.ForgeRegistry/REGISTRIES]: Registry minecraft:sound_event: Object did not get ID it asked for. Name: born_in_chaos_v1:krampus_alert_close Expected: 2246 Got: 2292
[27Sep2025 16:33:40.018] [main/WARN] [net.minecraftforge.registries.ForgeRegistry/REGISTRIES]: Registry minecraft:sound_event: Object did not get ID it asked for. Name: born_in_chaos_v1:krampus_hurt Expected: 2247 Got: 2293
[27Sep2025 16:33:40.018] [main/WARN] [net.minecraftforge.registries.ForgeRegistry/REGISTRIES]: Registry minecraft:sound_event: Object did not get ID it asked for. Name: born_in_chaos_v1:krampus_step Expected: 2248 Got: 2294
[27Sep2025 16:33:40.018] [main/WARN] [net.minecraftforge.registries.ForgeRegistry/REGISTRIES]: Registry minecraft:sound_event: Object did not get ID it asked for. Name: born_in_chaos_v1:minion_blow Expected: 2249 Got: 2295
[27Sep2025 16:33:40.018] [main/WARN] [net.minecraftforge.registries.ForgeRegistry/REGISTRIES]: Registry minecraft:sound_event: Object did not get ID it asked for. Name: born_in_chaos_v1:minion_death Expected: 2250 Got: 2296
[27Sep2025 16:33:40.018] [main/WARN] [net.minecraftforge.registries.ForgeRegistry/REGISTRIES]: Registry minecraft:sound_event: Object did not get ID it asked for. Name: born_in_chaos_v1:minion_hurt Expected: 2251 Got: 2297
[27Sep2025 16:33:40.019] [main/WARN] [net.minecraftforge.registries.ForgeRegistry/REGISTRIES]: Registry minecraft:sound_event: Object did not get ID it asked for. Name: born_in_chaos_v1:minion_idle Expected: 2252 Got: 2298
[27Sep2025 16:33:40.019] [main/WARN] [net.minecraftforge.registries.ForgeRegistry/REGISTRIES]: Registry minecraft:enchantment: Object did not get ID it asked for. Name: obscure_api:mirror Expected: 39 Got: 60
[27Sep2025 16:33:40.019] [main/WARN] [net.minecraftforge.registries.ForgeRegistry/REGISTRIES]: Registry minecraft:enchantment: Object did not get ID it asked for. Name: obscure_api:fast_spin Expected: 40 Got: 61
[27Sep2025 16:33:40.019] [main/WARN] [net.minecraftforge.registries.ForgeRegistry/REGISTRIES]: Registry minecraft:enchantment: Object did not get ID it asked for. Name: obscure_api:distance Expected: 41 Got: 62
[27Sep2025 16:33:40.020] [main/WARN] [net.minecraftforge.registries.ForgeRegistry/REGISTRIES]: Registry minecraft:entity_type: Object did not get ID it asked for. Name: obscure_api:vfx Expected: 181 Got: 246
[27Sep2025 16:33:40.020] [main/WARN] [net.minecraftforge.registries.ForgeRegistry/REGISTRIES]: Registry minecraft:entity_type: Object did not get ID it asked for. Name: born_in_chaos_v1:decrepit_skeleton Expected: 510 Got: 247
[27Sep2025 16:33:40.020] [main/WARN] [net.minecraftforge.registries.ForgeRegistry/REGISTRIES]: Registry minecraft:entity_type: Object did not get ID it asked for. Name: born_in_chaos_v1:skeleton_demoman Expected: 511 Got: 248
[27Sep2025 16:33:40.020] [main/WARN] [net.minecraftforge.registries.ForgeRegistry/REGISTRIES]: Registry minecraft:entity_type: Object did not get ID it asked for. Name: born_in_chaos_v1:decaying_zombie Expected: 512 Got: 249
[27Sep2025 16:33:40.021] [main/WARN] [net.minecraftforge.registries.ForgeRegistry/REGISTRIES]: Registry minecraft:entity_type: Object did not get ID it asked for. Name: born_in_chaos_v1:baby_skeleton Expected: 513 Got: 250
[27Sep2025 16:33:40.021] [main/WARN] [net.minecraftforge.registries.ForgeRegistry/REGISTRIES]: Registry minecraft:entity_type: Object did not get ID it asked for. Name: born_in_chaos_v1:baby_skeleton_minion Expected: 514 Got: 251
[27Sep2025 16:33:40.021] [main/WARN] [net.minecraftforge.registries.ForgeRegistry/REGISTRIES]: Registry minecraft:entity_type: Object did not get ID it asked for. Name: born_in_chaos_v1:controlled_baby_skeleton Expected: 515 Got: 413
[27Sep2025 16:33:40.021] [main/WARN] [net.minecraftforge.registries.ForgeRegistry/REGISTRIES]: Registry minecraft:entity_type: Object did not get ID it asked for. Name: born_in_chaos_v1:barrel_zombie Expected: 516 Got: 414
[27Sep2025 16:33:40.021] [main/WARN] [net.minecraftforge.registries.ForgeRegistry/REGISTRIES]: Registry minecraft:entity_type: Object did not get ID it asked for. Name: born_in_chaos_v1:phantom_creeper Expected: 517 Got: 416
[27Sep2025 16:33:40.022] [main/WARN] [net.minecraftforge.registries.ForgeRegistry/REGISTRIES]: Registry minecraft:entity_type: Object did not get ID it asked for. Name: born_in_chaos_v1:phantom_creeper_copy Expected: 518 Got: 417
[27Sep2025 16:33:40.022] [main/WARN] [net.minecraftforge.registries.ForgeRegistry/REGISTRIES]: Registry minecraft:entity_type: Object did not get ID it asked for. Name: born_in_chaos_v1:door_knight Expected: 519 Got: 418
[27Sep2025 16:33:40.022] [main/WARN] [net.minecraftforge.registries.ForgeRegistry/REGISTRIES]: Registry minecraft:entity_type: Object did not get ID it asked for. Name: born_in_chaos_v1:restless_spirit Expected: 520 Got: 419
[27Sep2025 16:33:40.022] [main/WARN] [net.minecraftforge.registries.ForgeRegistry/REGISTRIES]: Registry minecraft:entity_type: Object did not get ID it asked for. Name: born_in_chaos_v1:skeleton_thrasher Expected: 521 Got: 420
[27Sep2025 16:33:40.022] [main/WARN] [net.minecraftforge.registries.ForgeRegistry/REGISTRIES]: Registry minecraft:entity_type: Object did not get ID it asked for. Name: born_in_chaos_v1:pumpkin_spirit Expected: 522 Got: 531
[27Sep2025 16:33:40.022] [main/WARN] [net.minecraftforge.registries.ForgeRegistry/REGISTRIES]: Registry minecraft:entity_type: Object did not get ID it asked for. Name: born_in_chaos_v1:seared_spirit Expected: 523 Got: 532
[27Sep2025 16:33:40.022] [main/WARN] [net.minecraftforge.registries.ForgeRegistry/REGISTRIES]: Registry minecraft:entity_type: Object did not get ID it asked for. Name: born_in_chaos_v1:firelight Expected: 524 Got: 533
[27Sep2025 16:33:40.022] [main/WARN] [net.minecraftforge.registries.ForgeRegistry/REGISTRIES]: Registry minecraft:entity_type: Object did not get ID it asked for. Name: born_in_chaos_v1:diamond_termite Expected: 525 Got: 534
[27Sep2025 16:33:40.023] [main/WARN] [net.minecraftforge.registries.ForgeRegistry/REGISTRIES]: Registry minecraft:entity_type: Object did not get ID it asked for. Name: born_in_chaos_v1:bonescaller Expected: 526 Got: 535
[27Sep2025 16:33:40.023] [main/WARN] [net.minecraftforge.registries.ForgeRegistry/REGISTRIES]: Registry minecraft:entity_type: Object did not get ID it asked for. Name: born_in_chaos_v1:bone_imp Expected: 527 Got: 536
[27Sep2025 16:33:40.023] [main/WARN] [net.minecraftforge.registries.ForgeRegistry/REGISTRIES]: Registry minecraft:entity_type: Object did not get ID it asked for. Name: born_in_chaos_v1:bone_imp_minion Expected: 528 Got: 537
[27Sep2025 16:33:40.023] [main/WARN] [net.minecraftforge.registries.ForgeRegistry/REGISTRIES]: Registry minecraft:entity_type: Object did not get ID it asked for. Name: born_in_chaos_v1:supreme_bonescaller Expected: 529 Got: 538
[27Sep2025 16:33:40.023] [main/WARN] [net.minecraftforge.registries.ForgeRegistry/REGISTRIES]: Registry minecraft:entity_type: Object did not get ID it asked for. Name: born_in_chaos_v1:supreme_bonescaller_stage_2 Expected: 530 Got: 539
[27Sep2025 16:33:40.023] [main/WARN] [net.minecraftforge.registries.ForgeRegistry/REGISTRIES]: Registry minecraft:entity_type: Object did not get ID it asked for. Name: born_in_chaos_v1:dark_vortex Expected: 531 Got: 540
[27Sep2025 16:33:40.023] [main/WARN] [net.minecraftforge.registries.ForgeRegistry/REGISTRIES]: Registry minecraft:entity_type: Object did not get ID it asked for. Name: born_in_chaos_v1:dread_hound Expected: 532 Got: 541
[27Sep2025 16:33:40.023] [main/WARN] [net.minecraftforge.registries.ForgeRegistry/REGISTRIES]: Registry minecraft:entity_type: Object did not get ID it asked for. Name: born_in_chaos_v1:fallen_chaos_knight Expected: 533 Got: 542
[27Sep2025 16:33:40.023] [main/WARN] [net.minecraftforge.registries.ForgeRegistry/REGISTRIES]: Registry minecraft:entity_type: Object did not get ID it asked for. Name: born_in_chaos_v1:scarlet_persecutor Expected: 534 Got: 543
[27Sep2025 16:33:40.023] [main/WARN] [net.minecraftforge.registries.ForgeRegistry/REGISTRIES]: Registry minecraft:entity_type: Object did not get ID it asked for. Name: born_in_chaos_v1:spirit_guide Expected: 535 Got: 544
[27Sep2025 16:33:40.024] [main/WARN] [net.minecraftforge.registries.ForgeRegistry/REGISTRIES]: Registry minecraft:entity_type: Object did not get ID it asked for. Name: born_in_chaos_v1:spirit_guide_assistant Expected: 536 Got: 545
[27Sep2025 16:33:40.024] [main/WARN] [net.minecraftforge.registries.ForgeRegistry/REGISTRIES]: Registry minecraft:entity_type: Object did not get ID it asked for. Name: born_in_chaos_v1:zombie_clown Expected: 537 Got: 546
[27Sep2025 16:33:40.024] [main/WARN] [net.minecraftforge.registries.ForgeRegistry/REGISTRIES]: Registry minecraft:entity_type: Object did not get ID it asked for. Name: born_in_chaos_v1:mr_pumpkin Expected: 538 Got: 547
[27Sep2025 16:33:40.024] [main/WARN] [net.minecraftforge.registries.ForgeRegistry/REGISTRIES]: Registry minecraft:entity_type: Object did not get ID it asked for. Name: born_in_chaos_v1:mr_pumpkin_controlled Expected: 539 Got: 548
[27Sep2025 16:33:40.024] [main/WARN] [net.minecraftforge.registries.ForgeRegistry/REGISTRIES]: Registry minecraft:entity_type: Object did not get ID it asked for. Name: born_in_chaos_v1:sir_pumpkinhead Expected: 540 Got: 549
[27Sep2025 16:33:40.024] [main/WARN] [net.minecraftforge.registries.ForgeRegistry/REGISTRIES]: Registry minecraft:entity_type: Object did not get ID it asked for. Name: born_in_chaos_v1:felsteed Expected: 541 Got: 550
[27Sep2025 16:33:40.024] [main/WARN] [net.minecraftforge.registries.ForgeRegistry/REGISTRIES]: Registry minecraft:entity_type: Object did not get ID it asked for. Name: born_in_chaos_v1:sir_pumpkinhead_without_horse Expected: 542 Got: 551
[27Sep2025 16:33:40.024] [main/WARN] [net.minecraftforge.registries.ForgeRegistry/REGISTRIES]: Registry minecraft:entity_type: Object did not get ID it asked for. Name: born_in_chaos_v1:sir_the_headless Expected: 543 Got: 552
[27Sep2025 16:33:40.024] [main/WARN] [net.minecraftforge.registries.ForgeRegistry/REGISTRIES]: Registry minecraft:entity_type: Object did not get ID it asked for. Name: born_in_chaos_v1:pumpkinhead Expected: 544 Got: 553
[27Sep2025 16:33:40.024] [main/WARN] [net.minecraftforge.registries.ForgeRegistry/REGISTRIES]: Registry minecraft:entity_type: Object did not get ID it asked for. Name: born_in_chaos_v1:riding_felsteed Expected: 545 Got: 554
[27Sep2025 16:33:40.025] [main/WARN] [net.minecraftforge.registries.ForgeRegistry/REGISTRIES]: Registry minecraft:entity_type: Object did not get ID it asked for. Name: born_in_chaos_v1:decaying_zombie_not_despawn Expected: 546 Got: 555
[27Sep2025 16:33:40.025] [main/WARN] [net.minecraftforge.registries.ForgeRegistry/REGISTRIES]: Registry minecraft:entity_type: Object did not get ID it asked for. Name: born_in_chaos_v1:door_knight_not_despawn Expected: 547 Got: 556
[27Sep2025 16:33:40.025] [main/WARN] [net.minecraftforge.registries.ForgeRegistry/REGISTRIES]: Registry minecraft:entity_type: Object did not get ID it asked for. Name: born_in_chaos_v1:bonescaller_not_despawn Expected: 548 Got: 557
[27Sep2025 16:33:40.025] [main/WARN] [net.minecraftforge.registries.ForgeRegistry/REGISTRIES]: Registry minecraft:entity_type: Object did not get ID it asked for. Name: born_in_chaos_v1:supreme_bonescaller_not_despawn Expected: 549 Got: 558
[27Sep2025 16:33:40.025] [main/WARN] [net.minecraftforge.registries.ForgeRegistry/REGISTRIES]: Registry minecraft:entity_type: Object did not get ID it asked for. Name: born_in_chaos_v1:skeleton_thrasher_not_despawn Expected: 550 Got: 559
[27Sep2025 16:33:40.025] [main/WARN] [net.minecraftforge.registries.ForgeRegistry/REGISTRIES]: Registry minecraft:entity_type: Object did not get ID it asked for. Name: born_in_chaos_v1:dread_hound_not_despawn Expected: 551 Got: 560
[27Sep2025 16:33:40.025] [main/WARN] [net.minecraftforge.registries.ForgeRegistry/REGISTRIES]: Registry minecraft:entity_type: Object did not get ID it asked for. Name: born_in_chaos_v1:firelight_not_despawn Expected: 552 Got: 561
[27Sep2025 16:33:40.026] [main/WARN] [net.minecraftforge.registries.ForgeRegistry/REGISTRIES]: Registry minecraft:entity_type: Object did not get ID it asked for. Name: born_in_chaos_v1:zombie_clown_not_despawn Expected: 553 Got: 562
[27Sep2025 16:33:40.026] [main/WARN] [net.minecraftforge.registries.ForgeRegistry/REGISTRIES]: Registry minecraft:entity_type: Object did not get ID it asked for. Name: born_in_chaos_v1:seared_spirit_not_despawn Expected: 554 Got: 563
[27Sep2025 16:33:40.026] [main/WARN] [net.minecraftforge.registries.ForgeRegistry/REGISTRIES]: Registry minecraft:entity_type: Object did not get ID it asked for. Name: born_in_chaos_v1:dire_hound_leader Expected: 555 Got: 564
[27Sep2025 16:33:40.026] [main/WARN] [net.minecraftforge.registries.ForgeRegistry/REGISTRIES]: Registry minecraft:entity_type: Object did not get ID it asked for. Name: born_in_chaos_v1:maggot Expected: 556 Got: 565
[27Sep2025 16:33:40.026] [main/WARN] [net.minecraftforge.registries.ForgeRegistry/REGISTRIES]: Registry minecraft:entity_type: Object did not get ID it asked for. Name: born_in_chaos_v1:corpse_fly Expected: 557 Got: 566
[27Sep2025 16:33:40.026] [main/WARN] [net.minecraftforge.registries.ForgeRegistry/REGISTRIES]: Registry minecraft:entity_type: Object did not get ID it asked for. Name: born_in_chaos_v1:bloody_gadfly Expected: 558 Got: 567
[27Sep2025 16:33:40.026] [main/WARN] [net.minecraftforge.registries.ForgeRegistry/REGISTRIES]: Registry minecraft:entity_type: Object did not get ID it asked for. Name: born_in_chaos_v1:corpse_fish Expected: 559 Got: 568
[27Sep2025 16:33:40.026] [main/WARN] [net.minecraftforge.registries.ForgeRegistry/REGISTRIES]: Registry minecraft:entity_type: Object did not get ID it asked for. Name: born_in_chaos_v1:zombie_fisherman Expected: 560 Got: 569
[27Sep2025 16:33:40.027] [main/WARN] [net.minecraftforge.registries.ForgeRegistry/REGISTRIES]: Registry minecraft:entity_type: Object did not get ID it asked for. Name: born_in_chaos_v1:swarmer Expected: 561 Got: 570
[27Sep2025 16:33:40.027] [main/WARN] [net.minecraftforge.registries.ForgeRegistry/REGISTRIES]: Registry minecraft:entity_type: Object did not get ID it asked for. Name: born_in_chaos_v1:thornshell_crab Expected: 562 Got: 571
[27Sep2025 16:33:40.027] [main/WARN] [net.minecraftforge.registries.ForgeRegistry/REGISTRIES]: Registry minecraft:entity_type: Object did not get ID it asked for. Name: born_in_chaos_v1:glutton_fish Expected: 563 Got: 572
[27Sep2025 16:33:40.027] [main/WARN] [net.minecraftforge.registries.ForgeRegistry/REGISTRIES]: Registry minecraft:entity_type: Object did not get ID it asked for. Name: born_in_chaos_v1:zombie_bruiser Expected: 564 Got: 573
[27Sep2025 16:33:40.027] [main/WARN] [net.minecraftforge.registries.ForgeRegistry/REGISTRIES]: Registry minecraft:entity_type: Object did not get ID it asked for. Name: born_in_chaos_v1:pumpkin_bomb Expected: 565 Got: 574
[27Sep2025 16:33:40.027] [main/WARN] [net.minecraftforge.registries.ForgeRegistry/REGISTRIES]: Registry minecraft:entity_type: Object did not get ID it asked for. Name: born_in_chaos_v1:senor_pumpkin Expected: 566 Got: 575
[27Sep2025 16:33:40.027] [main/WARN] [net.minecraftforge.registries.ForgeRegistry/REGISTRIES]: Registry minecraft:entity_type: Object did not get ID it asked for. Name: born_in_chaos_v1:lord_pumpkinhead Expected: 567 Got: 576
[27Sep2025 16:33:40.028] [main/WARN] [net.minecraftforge.registries.ForgeRegistry/REGISTRIES]: Registry minecraft:entity_type: Object did not get ID it asked for. Name: born_in_chaos_v1:lords_felsteed Expected: 568 Got: 577
[27Sep2025 16:33:40.028] [main/WARN] [net.minecraftforge.registries.ForgeRegistry/REGISTRIES]: Registry minecraft:entity_type: Object did not get ID it asked for. Name: born_in_chaos_v1:lord_pumpkinhead_withouta_horse Expected: 569 Got: 578
[27Sep2025 16:33:40.028] [main/WARN] [net.minecraftforge.registries.ForgeRegistry/REGISTRIES]: Registry minecraft:entity_type: Object did not get ID it asked for. Name: born_in_chaos_v1:lord_the_headless Expected: 570 Got: 579
[27Sep2025 16:33:40.028] [main/WARN] [net.minecraftforge.registries.ForgeRegistry/REGISTRIES]: Registry minecraft:entity_type: Object did not get ID it asked for. Name: born_in_chaos_v1:lord_pumpkinhead_head Expected: 571 Got: 580
[27Sep2025 16:33:40.028] [main/WARN] [net.minecraftforge.registries.ForgeRegistry/REGISTRIES]: Registry minecraft:entity_type: Object did not get ID it asked for. Name: born_in_chaos_v1:infernal_spirit Expected: 572 Got: 581
[27Sep2025 16:33:40.028] [main/WARN] [net.minecraftforge.registries.ForgeRegistry/REGISTRIES]: Registry minecraft:entity_type: Object did not get ID it asked for. Name: born_in_chaos_v1:riding_lords_felsteed Expected: 573 Got: 582
[27Sep2025 16:33:40.029] [main/WARN] [net.minecraftforge.registries.ForgeRegistry/REGISTRIES]: Registry minecraft:entity_type: Object did not get ID it asked for. Name: born_in_chaos_v1:staffof_magic_arrows_projectile Expected: 574 Got: 583
[27Sep2025 16:33:40.029] [main/WARN] [net.minecraftforge.registries.ForgeRegistry/REGISTRIES]: Registry minecraft:entity_type: Object did not get ID it asked for. Name: born_in_chaos_v1:staffof_blindness_projectile Expected: 575 Got: 584
[27Sep2025 16:33:40.029] [main/WARN] [net.minecraftforge.registries.ForgeRegistry/REGISTRIES]: Registry minecraft:entity_type: Object did not get ID it asked for. Name: born_in_chaos_v1:pumpkin_staff_projectile Expected: 576 Got: 585
[27Sep2025 16:33:40.029] [main/WARN] [net.minecraftforge.registries.ForgeRegistry/REGISTRIES]: Registry minecraft:entity_type: Object did not get ID it asked for. Name: born_in_chaos_v1:staffof_magic_arrows_2_projectile Expected: 577 Got: 586
[27Sep2025 16:33:40.029] [main/WARN] [net.minecraftforge.registries.ForgeRegistry/REGISTRIES]: Registry minecraft:entity_type: Object did not get ID it asked for. Name: born_in_chaos_v1:pumpkin_staff_2_projectile Expected: 578 Got: 587
[27Sep2025 16:33:40.029] [main/WARN] [net.minecraftforge.registries.ForgeRegistry/REGISTRIES]: Registry minecraft:entity_type: Object did not get ID it asked for. Name: born_in_chaos_v1:intoxicatind_bomb_projectile Expected: 579 Got: 588
[27Sep2025 16:33:40.029] [main/WARN] [net.minecraftforge.registries.ForgeRegistry/REGISTRIES]: Registry minecraft:entity_type: Object did not get ID it asked for. Name: born_in_chaos_v1:pumpkin_pistol_projectile Expected: 580 Got: 589
[27Sep2025 16:33:40.030] [main/WARN] [net.minecraftforge.registries.ForgeRegistry/REGISTRIES]: Registry minecraft:entity_type: Object did not get ID it asked for. Name: born_in_chaos_v1:pumpkin_pistol_2_projectile Expected: 581 Got: 590
[27Sep2025 16:33:40.030] [main/WARN] [net.minecraftforge.registries.ForgeRegistry/REGISTRIES]: Registry minecraft:entity_type: Object did not get ID it asked for. Name: born_in_chaos_v1:zombie_lumberjack Expected: 582 Got: 591
[27Sep2025 16:33:40.030] [main/WARN] [net.minecraftforge.registries.ForgeRegistry/REGISTRIES]: Registry minecraft:entity_type: Object did not get ID it asked for. Name: born_in_chaos_v1:siamese_skeletons Expected: 583 Got: 592
[27Sep2025 16:33:40.030] [main/WARN] [net.minecraftforge.registries.ForgeRegistry/REGISTRIES]: Registry minecraft:entity_type: Object did not get ID it asked for. Name: born_in_chaos_v1:siamese_skeletonsleft Expected: 584 Got: 593
[27Sep2025 16:33:40.030] [main/WARN] [net.minecraftforge.registries.ForgeRegistry/REGISTRIES]: Registry minecraft:entity_type: Object did not get ID it asked for. Name: born_in_chaos_v1:siamese_skeletonsright Expected: 585 Got: 594
[27Sep2025 16:33:40.030] [main/WARN] [net.minecraftforge.registries.ForgeRegistry/REGISTRIES]: Registry minecraft:entity_type: Object did not get ID it asked for. Name: born_in_chaos_v1:missioner Expected: 586 Got: 595
[27Sep2025 16:33:40.030] [main/WARN] [net.minecraftforge.registries.ForgeRegistry/REGISTRIES]: Registry minecraft:entity_type: Object did not get ID it asked for. Name: born_in_chaos_v1:missionary_charge Expected: 587 Got: 596
[27Sep2025 16:33:40.031] [main/WARN] [net.minecraftforge.registries.ForgeRegistry/REGISTRIES]: Registry minecraft:entity_type: Object did not get ID it asked for. Name: born_in_chaos_v1:stimulating_bombprojectile Expected: 588 Got: 597
[27Sep2025 16:33:40.034] [main/WARN] [net.minecraftforge.registries.ForgeRegistry/REGISTRIES]: Registry minecraft:entity_type: Object did not get ID it asked for. Name: born_in_chaos_v1:phantom_bomb_entity Expected: 589 Got: 598
[27Sep2025 16:33:40.034] [main/WARN] [net.minecraftforge.registries.ForgeRegistry/REGISTRIES]: Registry minecraft:entity_type: Object did not get ID it asked for. Name: born_in_chaos_v1:phantom_bomb_projectile Expected: 590 Got: 599
[27Sep2025 16:33:40.034] [main/WARN] [net.minecraftforge.registries.ForgeRegistry/REGISTRIES]: Registry minecraft:entity_type: Object did not get ID it asked for. Name: born_in_chaos_v1:controlled_spiritual_assistant Expected: 591 Got: 600
[27Sep2025 16:33:40.034] [main/WARN] [net.minecraftforge.registries.ForgeRegistry/REGISTRIES]: Registry minecraft:entity_type: Object did not get ID it asked for. Name: born_in_chaos_v1:spiritof_chaos Expected: 592 Got: 601
[27Sep2025 16:33:40.034] [main/WARN] [net.minecraftforge.registries.ForgeRegistry/REGISTRIES]: Registry minecraft:entity_type: Object did not get ID it asked for. Name: born_in_chaos_v1:lifestealer Expected: 593 Got: 602
[27Sep2025 16:33:40.034] [main/WARN] [net.minecraftforge.registries.ForgeRegistry/REGISTRIES]: Registry minecraft:entity_type: Object did not get ID it asked for. Name: born_in_chaos_v1:lifestealer_true_form Expected: 594 Got: 603
[27Sep2025 16:33:40.034] [main/WARN] [net.minecraftforge.registries.ForgeRegistry/REGISTRIES]: Registry minecraft:entity_type: Object did not get ID it asked for. Name: born_in_chaos_v1:baby_spider Expected: 595 Got: 604
[27Sep2025 16:33:40.034] [main/WARN] [net.minecraftforge.registries.ForgeRegistry/REGISTRIES]: Registry minecraft:entity_type: Object did not get ID it asked for. Name: born_in_chaos_v1:mother_spider Expected: 596 Got: 605
[27Sep2025 16:33:40.035] [main/WARN] [net.minecraftforge.registries.ForgeRegistry/REGISTRIES]: Registry minecraft:entity_type: Object did not get ID it asked for. Name: born_in_chaos_v1:baby_spider_controlled Expected: 597 Got: 606
[27Sep2025 16:33:40.035] [main/WARN] [net.minecraftforge.registries.ForgeRegistry/REGISTRIES]: Registry minecraft:entity_type: Object did not get ID it asked for. Name: born_in_chaos_v1:nightmare_stalker Expected: 598 Got: 607
[27Sep2025 16:33:40.035] [main/WARN] [net.minecraftforge.registries.ForgeRegistry/REGISTRIES]: Registry minecraft:entity_type: Object did not get ID it asked for. Name: born_in_chaos_v1:pumpkin_dunce Expected: 599 Got: 608
[27Sep2025 16:33:40.035] [main/WARN] [net.minecraftforge.registries.ForgeRegistry/REGISTRIES]: Registry minecraft:entity_type: Object did not get ID it asked for. Name: born_in_chaos_v1:mrs_pumpkin Expected: 600 Got: 609
[27Sep2025 16:33:40.035] [main/WARN] [net.minecraftforge.registries.ForgeRegistry/REGISTRIES]: Registry minecraft:entity_type: Object did not get ID it asked for. Name: born_in_chaos_v1:pumpkin_bruiser Expected: 601 Got: 610
[27Sep2025 16:33:40.035] [main/WARN] [net.minecraftforge.registries.ForgeRegistry/REGISTRIES]: Registry minecraft:entity_type: Object did not get ID it asked for. Name: born_in_chaos_v1:krampus Expected: 602 Got: 611
[27Sep2025 16:33:40.035] [main/WARN] [net.minecraftforge.registries.ForgeRegistry/REGISTRIES]: Registry minecraft:entity_type: Object did not get ID it asked for. Name: born_in_chaos_v1:krampus_henchman Expected: 603 Got: 612
[27Sep2025 16:33:40.035] [main/WARN] [net.minecraftforge.registries.ForgeRegistry/REGISTRIES]: Registry minecraft:entity_type: Object did not get ID it asked for. Name: born_in_chaos_v1:missionary_raider Expected: 604 Got: 613
[27Sep2025 16:33:40.035] [main/WARN] [net.minecraftforge.registries.ForgeRegistry/REGISTRIES]: Registry minecraft:entity_type: Object did not get ID it asked for. Name: born_in_chaos_v1:rotten_easter_egg_projectile Expected: 605 Got: 614
[27Sep2025 16:33:40.035] [main/WARN] [net.minecraftforge.registries.ForgeRegistry/REGISTRIES]: Registry minecraft:entity_type: Object did not get ID it asked for. Name: born_in_chaos_v1:spiritual_easter_egg_projectile Expected: 606 Got: 615
[27Sep2025 16:33:40.036] [main/WARN] [net.minecraftforge.registries.ForgeRegistry/REGISTRIES]: Registry minecraft:entity_type: Object did not get ID it asked for. Name: born_in_chaos_v1:monstrous_easter_egg_projectile Expected: 607 Got: 616
[27Sep2025 16:33:40.167] [main/WARN] [net.minecraft.server.packs.VanillaPackResourcesBuilder/]: Assets URL 'union:/workspaces/literate-parakeet/servidor_minecraft/libraries/net/minecraft/server/1.20.1-20230612.114412/server-1.20.1-20230612.114412-srg.jar%23225!/assets/.mcassetsroot' uses unexpected schema
[27Sep2025 16:33:40.168] [main/WARN] [net.minecraft.server.packs.VanillaPackResourcesBuilder/]: Assets URL 'union:/workspaces/literate-parakeet/servidor_minecraft/libraries/net/minecraft/server/1.20.1-20230612.114412/server-1.20.1-20230612.114412-srg.jar%23225!/data/.mcassetsroot' uses unexpected schema
[27Sep2025 16:33:40.168] [main/ERROR] [net.minecraft.server.packs.VanillaPackResourcesBuilder/]: File /addon/.mcassetsroot does not exist in classpath
[27Sep2025 16:33:40.270] [main/INFO] [Moonlight/]: Starting runtime resource generation for pack type SERVER_DATA with generators from mods []: []
[27Sep2025 16:33:40.270] [main/INFO] [Moonlight/]: Finished runtime resources generation for 0 packs in a total of 0 ms
[27Sep2025 16:33:40.285] [main/INFO] [Moonlight/]: Starting runtime resource generation for pack type SERVER_DATA with generators from mods []: []
[27Sep2025 16:33:40.285] [main/INFO] [Moonlight/]: Finished runtime resources generation for 0 packs in a total of 0 ms
[27Sep2025 16:33:40.290] [main/ERROR] [net.minecraft.server.packs.AbstractPackResources/]: Couldn't load pack metadata
com.google.gson.JsonSyntaxException: Missing pack_format, expected to find a Int
	at net.minecraft.util.GsonHelper.m_13927_(GsonHelper.java:277) ~[server-1.20.1-20230612.114412-srg.jar%23225!/:?]
	at net.minecraft.server.packs.metadata.pack.PackMetadataSectionSerializer.m_6322_(PackMetadataSectionSerializer.java:15) ~[server-1.20.1-20230612.114412-srg.jar%23225!/:?]
	at net.minecraft.server.packs.metadata.pack.PackMetadataSectionSerializer.m_6322_(PackMetadataSectionSerializer.java:9) ~[server-1.20.1-20230612.114412-srg.jar%23225!/:?]
	at net.minecraft.server.packs.AbstractPackResources.m_10214_(AbstractPackResources.java:52) ~[server-1.20.1-20230612.114412-srg.jar%23225!/:?]
	at net.minecraft.server.packs.AbstractPackResources.m_5550_(AbstractPackResources.java:33) ~[server-1.20.1-20230612.114412-srg.jar%23225!/:?]
	at net.minecraft.server.packs.repository.Pack.m_246334_(Pack.java:60) ~[server-1.20.1-20230612.114412-srg.jar%23225!/:?]
	at net.minecraft.server.packs.repository.Pack.m_245429_(Pack.java:35) ~[server-1.20.1-20230612.114412-srg.jar%23225!/:?]
	at net.threetag.palladium.addonpack.forge.AddonPackManagerImpl$ModPackSource.m_7686_(AddonPackManagerImpl.java:49) ~[palladium-4.2.8+1.20.1-forge.jar%23204!/:4.2.8+1.20.1]
	at net.minecraft.server.packs.repository.PackRepository.m_10526_(PackRepository.java:39) ~[server-1.20.1-20230612.114412-srg.jar%23225!/:?]
	at net.minecraft.server.packs.repository.PackRepository.m_10506_(PackRepository.java:31) ~[server-1.20.1-20230612.114412-srg.jar%23225!/:?]
	at dev.latvian.mods.kubejs.script.ScriptManager.handler$baa000$loadFromDirectory(ScriptManager.java:537) ~[kubejs-forge-2001.6.5-build.16.jar%23191!/:2001.6.5-build.16]
	at dev.latvian.mods.kubejs.script.ScriptManager.loadFromDirectory(ScriptManager.java:150) ~[kubejs-forge-2001.6.5-build.16.jar%23191!/:2001.6.5-build.16]
	at dev.latvian.mods.kubejs.script.ScriptManager.reload(ScriptManager.java:72) ~[kubejs-forge-2001.6.5-build.16.jar%23191!/:2001.6.5-build.16]
	at dev.latvian.mods.kubejs.server.ServerScriptManager.wrapResourceManager(ServerScriptManager.java:85) ~[kubejs-forge-2001.6.5-build.16.jar%23191!/:2001.6.5-build.16]
	at net.minecraft.server.WorldLoader$PackConfig.localvar$blf000$injectKubeJSPacks(WorldLoader.java:1015) ~[server-1.20.1-20230612.114412-srg.jar%23225!/:?]
	at net.minecraft.server.WorldLoader$PackConfig.m_214399_(WorldLoader.java:80) ~[server-1.20.1-20230612.114412-srg.jar%23225!/:?]
	at net.minecraft.server.WorldLoader.m_214362_(WorldLoader.java:28) ~[server-1.20.1-20230612.114412-srg.jar%23225!/:?]
	at net.minecraft.server.Main.lambda$main$2(Main.java:167) ~[server-1.20.1-20230612.114412-srg.jar%23225!/:?]
	at net.minecraft.Util.m_214652_(Util.java:777) ~[server-1.20.1-20230612.114412-srg.jar%23225!/:?]
	at net.minecraft.Util.m_214679_(Util.java:772) ~[server-1.20.1-20230612.114412-srg.jar%23225!/:?]
	at net.minecraft.server.Main.main(Main.java:166) ~[server-1.20.1-20230612.114412-srg.jar%23225!/:?]
	at jdk.internal.reflect.NativeMethodAccessorImpl.invoke0(Native Method) ~[?:?]
	at jdk.internal.reflect.NativeMethodAccessorImpl.invoke(NativeMethodAccessorImpl.java:77) ~[?:?]
	at jdk.internal.reflect.DelegatingMethodAccessorImpl.invoke(DelegatingMethodAccessorImpl.java:43) ~[?:?]
	at java.lang.reflect.Method.invoke(Method.java:569) ~[?:?]
	at net.minecraftforge.fml.loading.targets.CommonLaunchHandler.runTarget(CommonLaunchHandler.java:111) ~[fmlloader-1.20.1-47.3.7.jar%2369!/:?]
	at net.minecraftforge.fml.loading.targets.CommonLaunchHandler.serverService(CommonLaunchHandler.java:103) ~[fmlloader-1.20.1-47.3.7.jar%2369!/:?]
	at net.minecraftforge.fml.loading.targets.CommonServerLaunchHandler.lambda$makeService$0(CommonServerLaunchHandler.java:27) ~[fmlloader-1.20.1-47.3.7.jar%2369!/:?]
	at cpw.mods.modlauncher.LaunchServiceHandlerDecorator.launch(LaunchServiceHandlerDecorator.java:30) ~[modlauncher-10.0.9.jar%2355!/:?]
	at cpw.mods.modlauncher.LaunchServiceHandler.launch(LaunchServiceHandler.java:53) ~[modlauncher-10.0.9.jar%2355!/:?]
	at cpw.mods.modlauncher.LaunchServiceHandler.launch(LaunchServiceHandler.java:71) ~[modlauncher-10.0.9.jar%2355!/:?]
	at cpw.mods.modlauncher.Launcher.run(Launcher.java:108) ~[modlauncher-10.0.9.jar%2355!/:?]
	at cpw.mods.modlauncher.Launcher.main(Launcher.java:78) ~[modlauncher-10.0.9.jar%2355!/:?]
	at cpw.mods.modlauncher.BootstrapLaunchConsumer.accept(BootstrapLaunchConsumer.java:26) ~[modlauncher-10.0.9.jar%2355!/:?]
	at cpw.mods.modlauncher.BootstrapLaunchConsumer.accept(BootstrapLaunchConsumer.java:23) ~[modlauncher-10.0.9.jar%2355!/:?]
	at cpw.mods.bootstraplauncher.BootstrapLauncher.main(BootstrapLauncher.java:141) ~[bootstraplauncher-1.1.2.jar:?]
[27Sep2025 16:33:40.291] [main/WARN] [net.minecraft.server.packs.repository.Pack/]: Missing metadata in pack mod:minecraft
[27Sep2025 16:33:41.112] [main/INFO] [KubeJS Server/]: example.js#5: Hello, World! (Loaded server scripts)
[27Sep2025 16:33:41.112] [main/INFO] [KubeJS Server/]: Loaded script server_scripts:example.js in 0.001 s
[27Sep2025 16:33:41.113] [main/INFO] [KubeJS Server/]: Loaded script addonpack_alienevo:kubejs_scripts/code_hints.js in 0.001 s
[27Sep2025 16:33:41.114] [main/INFO] [KubeJS Server/]: Loaded script addonpack_alienevo:kubejs_scripts/nickname_command.js in 0.001 s
[27Sep2025 16:33:41.119] [main/INFO] [KubeJS Server/]: addonpack_alienevo:kubejs_scripts/hit.js#101: Loaded Java class 'net.minecraft.world.entity.LivingEntity'
[27Sep2025 16:33:41.122] [main/INFO] [KubeJS Server/]: addonpack_alienevo:kubejs_scripts/hit.js#102: Loaded Java class 'net.minecraft.world.entity.decoration.ArmorStand'
[27Sep2025 16:33:41.123] [main/INFO] [KubeJS Server/]: addonpack_alienevo:kubejs_scripts/hit.js#103: Loaded Java class 'net.minecraft.world.entity.projectile.Projectile'
[27Sep2025 16:33:41.124] [main/INFO] [KubeJS Server/]: addonpack_alienevo:kubejs_scripts/hit.js#145: Loaded Java class 'net.minecraft.resources.ResourceKey'
[27Sep2025 16:33:41.124] [main/INFO] [KubeJS Server/]: addonpack_alienevo:kubejs_scripts/hit.js#146: Loaded Java class 'net.minecraft.tags.TagKey'
[27Sep2025 16:33:41.125] [main/INFO] [KubeJS Server/]: Loaded script addonpack_alienevo:kubejs_scripts/hit.js in 0.011 s
[27Sep2025 16:33:41.129] [main/INFO] [KubeJS Server/]: Loaded script addonpack_alienevo:kubejs_scripts/playlist_command.js in 0.004 s
[27Sep2025 16:33:41.130] [main/INFO] [KubeJS Server/]: Loaded script addonpack_alienevo:kubejs_scripts/palladium_properties.js in 0.001 s
[27Sep2025 16:33:41.131] [main/INFO] [KubeJS Server/]: Loaded script addonpack_alienevo:kubejs_scripts/workbench_items.js in 0.0 s
[27Sep2025 16:33:41.132] [main/INFO] [KubeJS Server/]: addonpack_alienevo:kubejs_scripts/attributes.js#1: Loaded Java class 'net.minecraft.world.entity.ai.attributes.Attributes'
[27Sep2025 16:33:41.132] [main/INFO] [KubeJS Server/]: Loaded script addonpack_alienevo:kubejs_scripts/attributes.js in 0.0 s
[27Sep2025 16:33:41.134] [main/INFO] [KubeJS Server/]: Loaded script addonpack_alienevo:kubejs_scripts/pod_loot.js in 0.002 s
[27Sep2025 16:33:41.134] [main/INFO] [KubeJS Server/]: Loaded script addonpack_alienevo:kubejs_scripts/recipes.js in 0.0 s
[27Sep2025 16:33:41.135] [main/INFO] [KubeJS Server/]: Loaded script addonpack_alienevo:kubejs_scripts/level_command.js in 0.001 s
[27Sep2025 16:33:41.138] [main/INFO] [KubeJS Server/]: Loaded script addonpack_alienevo:kubejs_scripts/quick_change.js in 0.003 s
[27Sep2025 16:33:41.139] [main/INFO] [KubeJS Server/]: Loaded script addonpack_alienevo:kubejs_scripts/failsafe.js in 0.001 s
[27Sep2025 16:33:41.140] [main/INFO] [KubeJS Server/]: Loaded script addonpack_alienevo:kubejs_scripts/break_block.js in 0.0 s
[27Sep2025 16:33:41.142] [main/INFO] [KubeJS Server/]: addonpack_alienevo:kubejs_scripts/slam.js#3: Loaded Java class 'net.minecraft.core.particles.DustParticleOptions'
[27Sep2025 16:33:41.143] [main/INFO] [KubeJS Server/]: addonpack_alienevo:kubejs_scripts/slam.js#4: Loaded Java class 'org.joml.Vector3f'
[27Sep2025 16:33:41.143] [main/INFO] [KubeJS Server/]: Loaded script addonpack_alienevo:kubejs_scripts/slam.js in 0.003 s
[27Sep2025 16:33:41.144] [main/INFO] [KubeJS Server/]: Loaded script addonpack_alienevo:kubejs_scripts/ride.js in 0.001 s
[27Sep2025 16:33:41.163] [main/INFO] [KubeJS Server/]: Loaded script addonpack_alienevo:kubejs_scripts/workbench.js in 0.019 s
[27Sep2025 16:33:41.164] [main/INFO] [KubeJS Server/]: Loaded script addonpack_alienevo:kubejs_scripts/color_commands.js in 0.0 s
[27Sep2025 16:33:41.165] [main/INFO] [KubeJS Server/]: Loaded script addonpack_alienevo:kubejs_scripts/server_stuff.js in 0.001 s
[27Sep2025 16:33:41.165] [main/INFO] [KubeJS Server/]: Loaded script addonpack_alienevo:kubejs_scripts/fall.js in 0.0 s
[27Sep2025 16:33:41.166] [main/INFO] [KubeJS Server/]: Loaded script addonpack_alienevo:kubejs_scripts/xp.js in 0.001 s
[27Sep2025 16:33:41.166] [main/INFO] [KubeJS Server/]: Loaded script addonpack_alienevo:kubejs_scripts/behind.js in 0.0 s
[27Sep2025 16:33:41.167] [main/INFO] [KubeJS Server/]: Loaded script addonpack_mypowers:kubejs_scripts/debate_dimension_tp.js in 0.001 s
[27Sep2025 16:33:41.167] [main/INFO] [KubeJS Server/]: Loaded script addonpack_mypowers:kubejs_scripts/nodamage.js in 0.0 s
[27Sep2025 16:33:41.168] [main/INFO] [KubeJS Server/]: Loaded script addonpack_mypowers:kubejs_scripts/nullvoid_farmland.js in 0.0 s
[27Sep2025 16:33:41.168] [main/INFO] [KubeJS Server/]: Loaded script addonpack_mypowers:kubejs_scripts/nullvoid_portal.js in 0.0 s
[27Sep2025 16:33:41.169] [main/INFO] [KubeJS Server/]: Loaded script addonpack_mypowers:kubejs_scripts/auto_playlist.js in 0.001 s
[27Sep2025 16:33:41.169] [main/INFO] [KubeJS Server/]: Loaded script addonpack_grave.core:kubejs_scripts/receive_power_selected.js in 0.0 s
[27Sep2025 16:33:41.170] [main/INFO] [KubeJS Server/]: Loaded script addonpack_grave.core:kubejs_scripts/key.js in 0.001 s
[27Sep2025 16:33:41.170] [main/INFO] [KubeJS Server/]: Loaded script addonpack_grave.core:kubejs_scripts/camera.js in 0.0 s
[27Sep2025 16:33:41.170] [main/INFO] [KubeJS Server/]: Loaded script addonpack_grave.core:kubejs_scripts/death_no_armour.js in 0.0 s
[27Sep2025 16:33:41.171] [main/INFO] [KubeJS Server/]: Loaded 31/31 KubeJS server scripts in 0.071 s with 0 errors and 0 warnings
[27Sep2025 16:33:41.171] [main/INFO] [KubeJS Server/]: Scripts loaded
[27Sep2025 16:33:41.180] [main/INFO] [KubeJS Server/]: Initializing recipe event...
[27Sep2025 16:33:41.187] [main/INFO] [com.teamabnormals.blueprint.core.Blueprint/]: Successfully loaded 0 data remolders!
[27Sep2025 16:33:41.577] [main/INFO] [bettervillage/]: StructureSet modified for minecraft:village : Now using custom village configuration (can be disabled in the better villages config: boolean.villages.enabled_custom_config).
[27Sep2025 16:33:42.542] [main/INFO] [com.github.alexthe666.alexsmobs.AlexsMobs/]: Adding datapack listener capsid_recipes
[27Sep2025 16:33:42.564] [Worker-Main-2/WARN] [mixin/]: Static binding violation: PRIVATE @Overwrite method m_215924_ in modernfix-forge.mixins.json:perf.tag_id_caching.TagEntryMixin cannot reduce visibiliy of PUBLIC target method, visibility will be upgraded.
[27Sep2025 16:33:42.600] [Worker-Main-3/ERROR] [net.minecraft.tags.TagLoader/]: Couldn't load tag alienevo:evoastra as it is missing following references: ad_astra:oxygen (from AlienEvo-1.1.0-forge.jar)
[27Sep2025 16:33:42.667] [Worker-Main-2/INFO] [KubeJS Server/]: [minecraft:block] Found 499 tags, added 18 objects, removed 0 objects
[27Sep2025 16:33:42.680] [Worker-Main-1/INFO] [KubeJS Server/]: [minecraft:item] Found 585 tags, added 5 objects, removed 0 objects
[27Sep2025 16:33:42.681] [Worker-Main-2/ERROR] [net.minecraft.tags.TagLoader/]: Couldn't load tag minecraft:farmland as it is missing following references: mypowers:nullvoid_soil_dry (from celestialsapien-1.0.5 (quickfix).jar), 
	mypowers:nullvoid_soil_wet (from celestialsapien-1.0.5 (quickfix).jar)
[27Sep2025 16:33:43.263] [Worker-Main-3/ERROR] [net.minecraftforge.common.ForgeHooks/]: Couldn't parse element loot_tables:mypowers:azmuth_ship_loot
com.google.gson.JsonSyntaxException: Expected name to be an item, was unknown string 'alienevo:blueprint'
	at net.minecraft.util.GsonHelper.m_13866_(GsonHelper.java:145) ~[server-1.20.1-20230612.114412-srg.jar%23225!/:?]
	at java.util.Optional.orElseThrow(Optional.java:403) ~[?:?]
	at net.minecraft.util.GsonHelper.m_13874_(GsonHelper.java:145) ~[server-1.20.1-20230612.114412-srg.jar%23225!/:?]
	at net.minecraft.util.GsonHelper.m_13909_(GsonHelper.java:153) ~[server-1.20.1-20230612.114412-srg.jar%23225!/:?]
	at net.minecraft.world.level.storage.loot.entries.LootItem$Serializer.m_7267_(LootItem.java:55) ~[server-1.20.1-20230612.114412-srg.jar%23225!/:?]
	at net.minecraft.world.level.storage.loot.entries.LootItem$Serializer.m_7267_(LootItem.java:40) ~[server-1.20.1-20230612.114412-srg.jar%23225!/:?]
	at net.minecraft.world.level.storage.loot.entries.LootPoolSingletonContainer$Serializer.m_5921_(LootPoolSingletonContainer.java:151) ~[server-1.20.1-20230612.114412-srg.jar%23225!/:?]
	at net.minecraft.world.level.storage.loot.entries.LootPoolSingletonContainer$Serializer.m_5921_(LootPoolSingletonContainer.java:129) ~[server-1.20.1-20230612.114412-srg.jar%23225!/:?]
	at net.minecraft.world.level.storage.loot.entries.LootPoolEntryContainer$Serializer.m_7561_(LootPoolEntryContainer.java:86) ~[server-1.20.1-20230612.114412-srg.jar%23225!/:?]
	at net.minecraft.world.level.storage.loot.entries.LootPoolEntryContainer$Serializer.m_7561_(LootPoolEntryContainer.java:74) ~[server-1.20.1-20230612.114412-srg.jar%23225!/:?]
	at net.minecraft.world.level.storage.loot.GsonAdapterFactory$JsonAdapter.deserialize(GsonAdapterFactory.java:102) ~[server-1.20.1-20230612.114412-srg.jar%23225!/:?]
	at com.google.gson.internal.bind.TreeTypeAdapter.read(TreeTypeAdapter.java:76) ~[gson-2.10.jar%2372!/:?]
	at com.google.gson.internal.bind.TypeAdapterRuntimeTypeWrapper.read(TypeAdapterRuntimeTypeWrapper.java:40) ~[gson-2.10.jar%2372!/:?]
	at com.google.gson.internal.bind.ArrayTypeAdapter.read(ArrayTypeAdapter.java:72) ~[gson-2.10.jar%2372!/:?]
	at com.google.gson.Gson.fromJson(Gson.java:1214) ~[gson-2.10.jar%2372!/:?]
	at com.google.gson.Gson.fromJson(Gson.java:1319) ~[gson-2.10.jar%2372!/:?]
	at com.google.gson.Gson.fromJson(Gson.java:1290) ~[gson-2.10.jar%2372!/:?]
	at com.google.gson.internal.bind.TreeTypeAdapter$GsonContextImpl.deserialize(TreeTypeAdapter.java:179) ~[gson-2.10.jar%2372!/:?]
	at net.minecraft.util.GsonHelper.m_13808_(GsonHelper.java:463) ~[server-1.20.1-20230612.114412-srg.jar%23225!/:?]
	at net.minecraft.util.GsonHelper.m_13836_(GsonHelper.java:471) ~[server-1.20.1-20230612.114412-srg.jar%23225!/:?]
	at net.minecraft.world.level.storage.loot.LootPool$Serializer.deserialize(LootPool.java:192) ~[server-1.20.1-20230612.114412-srg.jar%23225!/:?]
	at net.minecraft.world.level.storage.loot.LootPool$Serializer.deserialize(LootPool.java:189) ~[server-1.20.1-20230612.114412-srg.jar%23225!/:?]
	at com.google.gson.internal.bind.TreeTypeAdapter.read(TreeTypeAdapter.java:76) ~[gson-2.10.jar%2372!/:?]
	at com.google.gson.internal.bind.TypeAdapterRuntimeTypeWrapper.read(TypeAdapterRuntimeTypeWrapper.java:40) ~[gson-2.10.jar%2372!/:?]
	at com.google.gson.internal.bind.ArrayTypeAdapter.read(ArrayTypeAdapter.java:72) ~[gson-2.10.jar%2372!/:?]
	at com.google.gson.Gson.fromJson(Gson.java:1214) ~[gson-2.10.jar%2372!/:?]
	at com.google.gson.Gson.fromJson(Gson.java:1319) ~[gson-2.10.jar%2372!/:?]
	at com.google.gson.Gson.fromJson(Gson.java:1290) ~[gson-2.10.jar%2372!/:?]
	at com.google.gson.internal.bind.TreeTypeAdapter$GsonContextImpl.deserialize(TreeTypeAdapter.java:179) ~[gson-2.10.jar%2372!/:?]
	at net.minecraft.util.GsonHelper.m_13808_(GsonHelper.java:463) ~[server-1.20.1-20230612.114412-srg.jar%23225!/:?]
	at net.minecraft.util.GsonHelper.m_13845_(GsonHelper.java:481) ~[server-1.20.1-20230612.114412-srg.jar%23225!/:?]
	at net.minecraft.world.level.storage.loot.LootTable$Serializer.deserialize(LootTable.java:294) ~[server-1.20.1-20230612.114412-srg.jar%23225!/:?]
	at net.minecraft.world.level.storage.loot.LootTable$Serializer.deserialize(LootTable.java:291) ~[server-1.20.1-20230612.114412-srg.jar%23225!/:?]
	at com.google.gson.internal.bind.TreeTypeAdapter.read(TreeTypeAdapter.java:76) ~[gson-2.10.jar%2372!/:?]
	at com.google.gson.Gson.fromJson(Gson.java:1214) ~[gson-2.10.jar%2372!/:?]
	at com.google.gson.Gson.fromJson(Gson.java:1319) ~[gson-2.10.jar%2372!/:?]
	at com.google.gson.Gson.fromJson(Gson.java:1261) ~[gson-2.10.jar%2372!/:?]
	at net.minecraftforge.common.ForgeHooks.loadLootTable(ForgeHooks.java:871) ~[forge-1.20.1-47.3.7-universal.jar%23230!/:?]
	at net.minecraftforge.common.ForgeHooks.lambda$getLootTableDeserializer$3(ForgeHooks.java:848) ~[forge-1.20.1-47.3.7-universal.jar%23230!/:?]
	at net.minecraft.world.level.storage.loot.LootDataType.deserialize(LootDataType.java:45) ~[server-1.20.1-20230612.114412-srg.jar%23225!/:?]
	at net.minecraft.world.level.storage.loot.LootDataManager.lambda$scheduleElementParse$4(LootDataManager.java:56) ~[server-1.20.1-20230612.114412-srg.jar%23225!/:?]
	at java.util.HashMap.forEach(HashMap.java:1421) ~[?:?]
	at net.minecraft.world.level.storage.loot.LootDataManager.m_278660_(LootDataManager.java:55) ~[server-1.20.1-20230612.114412-srg.jar%23225!/:?]
	at java.util.concurrent.CompletableFuture$AsyncRun.run(CompletableFuture.java:1804) ~[?:?]
	at java.util.concurrent.CompletableFuture$AsyncRun.exec(CompletableFuture.java:1796) ~[?:?]
	at java.util.concurrent.ForkJoinTask.doExec(ForkJoinTask.java:373) ~[?:?]
	at java.util.concurrent.ForkJoinPool$WorkQueue.topLevelExec(ForkJoinPool.java:1182) ~[?:?]
	at java.util.concurrent.ForkJoinPool.scan(ForkJoinPool.java:1655) ~[?:?]
	at java.util.concurrent.ForkJoinPool.runWorker(ForkJoinPool.java:1622) ~[?:?]
	at java.util.concurrent.ForkJoinWorkerThread.run(ForkJoinWorkerThread.java:165) ~[?:?]
[27Sep2025 16:33:43.330] [main/INFO] [net.threetag.palladium.Palladium/]: Loaded 0 loot table modifications
[27Sep2025 16:33:43.331] [main/INFO] [com.teamabnormals.blueprint.core.Blueprint/]: Loot Modification Manager has loaded 0 modifier groups
[27Sep2025 16:33:43.382] [main/WARN] [net.minecraft.world.level.storage.loot.LootDataManager/]: Found loot table element validation problem in {loot_tables:mofus_better_end_:entities/bloodworm}.pools[0].entries[1].functions[1]: Parameters [<parameter minecraft:tool>] are not provided in this context
[27Sep2025 16:33:43.382] [main/WARN] [net.minecraft.world.level.storage.loot.LootDataManager/]: Found loot table element validation problem in {loot_tables:mofus_better_end_:entities/bloodworm}.pools[0].entries[0].functions[1]: Parameters [<parameter minecraft:tool>] are not provided in this context
[27Sep2025 16:33:43.382] [main/WARN] [net.minecraft.world.level.storage.loot.LootDataManager/]: Found loot table element validation problem in {loot_tables:mofus_better_end_:entities/crown_squid}.pools[0].entries[1].functions[1]: Parameters [<parameter minecraft:tool>] are not provided in this context
[27Sep2025 16:33:43.387] [main/INFO] [KubeJS Server/]: Processing recipes...
[27Sep2025 16:33:43.459] [main/WARN] [KubeJS Server/]: Failed to parse recipe 'mofus_better_end_:end_engine_recipe[minecraft:crafting_shaped]'! Falling back to vanilla: ItemStack 'result' can't be empty!
[27Sep2025 16:33:43.475] [main/INFO] [KubeJS Server/]: Found 2954 recipes in 86.60 ms
[27Sep2025 16:33:43.477] [main/INFO] [KubeJS Server/]: Posted recipe events in 2.029 ms
[27Sep2025 16:33:43.558] [KubeJS Recipe Event Worker 0/WARN] [KubeJS Server/]: Error parsing recipe mofus_better_end_:end_engine_recipe[minecraft:crafting_shaped]: {"type":"minecraft:crafting_shaped","category":"redstone","pattern":["aba","bcb","ddd"],"key":{"a":{"item":"minecraft:end_stone_bricks"},"b":{"item":"mofus_better_end_:guardian_fragment"},"c":{"item":"mofus_better_end_:engine_core"},"d":{"item":"minecraft:obsidian"}},"result":{"item":"mofus_better_end_:deleted_mod_element","count":1}}: Unknown item 'mofus_better_end_:deleted_mod_element'
[27Sep2025 16:33:43.569] [main/INFO] [KubeJS Server/]: Added 5 recipes, removed 0 recipes, modified 0 recipes, with 1 failed recipes in 88.59 ms
[27Sep2025 16:33:43.569] [main/INFO] [ModernFix/]: Clearing KubeJS recipe lists...
[27Sep2025 16:33:43.571] [main/INFO] [com.teamabnormals.blueprint.core.Blueprint/]: Advancement Modification Manager has loaded 0 modifier groups
[27Sep2025 16:33:43.621] [main/ERROR] [net.minecraft.server.ServerAdvancementManager/]: Parsing error loading custom advancement grave.core:recipes/titanium_ingot_from_blasting_deepslate_titanium_ore: Unknown item id 'grave.core:deepslate_titanium_ore'
[27Sep2025 16:33:43.648] [main/ERROR] [net.minecraft.server.ServerAdvancementManager/]: Parsing error loading custom advancement grave.core:recipes/titanium_ingot_from_smelting_deepslate_titanium_ore: Unknown item id 'grave.core:deepslate_titanium_ore'
[27Sep2025 16:33:43.711] [main/INFO] [net.minecraft.advancements.AdvancementList/]: Loaded 2762 advancements
[27Sep2025 16:33:43.736] [main/WARN] [net.threetag.palladium.Palladium/]: 'under_water' condition found, please use 'is_under_water' instead!
[27Sep2025 16:33:43.744] [main/ERROR] [net.threetag.palladium.Palladium/]: Parsing error loading power alienevo:code_power_test
com.google.gson.JsonParseException: Ability 'alienevo:generate_random' does not exist!
	at net.threetag.palladium.power.ability.AbilityConfiguration.fromJSON(AbilityConfiguration.java:192) ~[palladium-4.2.8+1.20.1-forge.jar%23204!/:4.2.8+1.20.1]
	at net.threetag.palladium.power.Power.fromJSON(Power.java:186) ~[palladium-4.2.8+1.20.1-forge.jar%23204!/:4.2.8+1.20.1]
	at net.threetag.palladium.power.PowerManager.lambda$apply$3(PowerManager.java:82) ~[palladium-4.2.8+1.20.1-forge.jar%23204!/:4.2.8+1.20.1]
	at java.util.HashMap.forEach(HashMap.java:1421) ~[?:?]
	at net.threetag.palladium.power.PowerManager.apply(PowerManager.java:80) ~[palladium-4.2.8+1.20.1-forge.jar%23204!/:4.2.8+1.20.1]
	at net.threetag.palladium.power.PowerManager.m_5787_(PowerManager.java:31) ~[palladium-4.2.8+1.20.1-forge.jar%23204!/:4.2.8+1.20.1]
	at net.minecraft.server.packs.resources.SimplePreparableReloadListener.m_10789_(SimplePreparableReloadListener.java:13) ~[server-1.20.1-20230612.114412-srg.jar%23225!/:?]
	at java.util.concurrent.CompletableFuture$UniAccept.tryFire(CompletableFuture.java:718) ~[?:?]
	at java.util.concurrent.CompletableFuture$Completion.run(CompletableFuture.java:482) ~[?:?]
	at net.minecraft.server.packs.resources.SimpleReloadInstance.m_143940_(SimpleReloadInstance.java:69) ~[server-1.20.1-20230612.114412-srg.jar%23225!/:?]
	at net.minecraft.Util.m_214652_(Util.java:783) ~[server-1.20.1-20230612.114412-srg.jar%23225!/:?]
	at net.minecraft.Util.m_214679_(Util.java:772) ~[server-1.20.1-20230612.114412-srg.jar%23225!/:?]
	at net.minecraft.server.Main.main(Main.java:166) ~[server-1.20.1-20230612.114412-srg.jar%23225!/:?]
	at jdk.internal.reflect.NativeMethodAccessorImpl.invoke0(Native Method) ~[?:?]
	at jdk.internal.reflect.NativeMethodAccessorImpl.invoke(NativeMethodAccessorImpl.java:77) ~[?:?]
	at jdk.internal.reflect.DelegatingMethodAccessorImpl.invoke(DelegatingMethodAccessorImpl.java:43) ~[?:?]
	at java.lang.reflect.Method.invoke(Method.java:569) ~[?:?]
	at net.minecraftforge.fml.loading.targets.CommonLaunchHandler.runTarget(CommonLaunchHandler.java:111) ~[fmlloader-1.20.1-47.3.7.jar%2369!/:?]
	at net.minecraftforge.fml.loading.targets.CommonLaunchHandler.serverService(CommonLaunchHandler.java:103) ~[fmlloader-1.20.1-47.3.7.jar%2369!/:?]
	at net.minecraftforge.fml.loading.targets.CommonServerLaunchHandler.lambda$makeService$0(CommonServerLaunchHandler.java:27) ~[fmlloader-1.20.1-47.3.7.jar%2369!/:?]
	at cpw.mods.modlauncher.LaunchServiceHandlerDecorator.launch(LaunchServiceHandlerDecorator.java:30) ~[modlauncher-10.0.9.jar%2355!/:?]
	at cpw.mods.modlauncher.LaunchServiceHandler.launch(LaunchServiceHandler.java:53) ~[modlauncher-10.0.9.jar%2355!/:?]
	at cpw.mods.modlauncher.LaunchServiceHandler.launch(LaunchServiceHandler.java:71) ~[modlauncher-10.0.9.jar%2355!/:?]
	at cpw.mods.modlauncher.Launcher.run(Launcher.java:108) ~[modlauncher-10.0.9.jar%2355!/:?]
	at cpw.mods.modlauncher.Launcher.main(Launcher.java:78) ~[modlauncher-10.0.9.jar%2355!/:?]
	at cpw.mods.modlauncher.BootstrapLaunchConsumer.accept(BootstrapLaunchConsumer.java:26) ~[modlauncher-10.0.9.jar%2355!/:?]
	at cpw.mods.modlauncher.BootstrapLaunchConsumer.accept(BootstrapLaunchConsumer.java:23) ~[modlauncher-10.0.9.jar%2355!/:?]
	at cpw.mods.bootstraplauncher.BootstrapLauncher.main(BootstrapLauncher.java:141) ~[bootstraplauncher-1.1.2.jar:?]
[27Sep2025 16:33:43.773] [main/ERROR] [net.threetag.palladium.Palladium/]: Parsing error loading power mypowers:celestialsapien
com.google.gson.JsonParseException: Ability 'alienevo:quick_cycle_next' does not exist!
	at net.threetag.palladium.power.ability.AbilityConfiguration.fromJSON(AbilityConfiguration.java:192) ~[palladium-4.2.8+1.20.1-forge.jar%23204!/:4.2.8+1.20.1]
	at net.threetag.palladium.power.Power.fromJSON(Power.java:186) ~[palladium-4.2.8+1.20.1-forge.jar%23204!/:4.2.8+1.20.1]
	at net.threetag.palladium.power.PowerManager.lambda$apply$3(PowerManager.java:82) ~[palladium-4.2.8+1.20.1-forge.jar%23204!/:4.2.8+1.20.1]
	at java.util.HashMap.forEach(HashMap.java:1421) ~[?:?]
	at net.threetag.palladium.power.PowerManager.apply(PowerManager.java:80) ~[palladium-4.2.8+1.20.1-forge.jar%23204!/:4.2.8+1.20.1]
	at net.threetag.palladium.power.PowerManager.m_5787_(PowerManager.java:31) ~[palladium-4.2.8+1.20.1-forge.jar%23204!/:4.2.8+1.20.1]
	at net.minecraft.server.packs.resources.SimplePreparableReloadListener.m_10789_(SimplePreparableReloadListener.java:13) ~[server-1.20.1-20230612.114412-srg.jar%23225!/:?]
	at java.util.concurrent.CompletableFuture$UniAccept.tryFire(CompletableFuture.java:718) ~[?:?]
	at java.util.concurrent.CompletableFuture$Completion.run(CompletableFuture.java:482) ~[?:?]
	at net.minecraft.server.packs.resources.SimpleReloadInstance.m_143940_(SimpleReloadInstance.java:69) ~[server-1.20.1-20230612.114412-srg.jar%23225!/:?]
	at net.minecraft.Util.m_214652_(Util.java:783) ~[server-1.20.1-20230612.114412-srg.jar%23225!/:?]
	at net.minecraft.Util.m_214679_(Util.java:772) ~[server-1.20.1-20230612.114412-srg.jar%23225!/:?]
	at net.minecraft.server.Main.main(Main.java:166) ~[server-1.20.1-20230612.114412-srg.jar%23225!/:?]
	at jdk.internal.reflect.NativeMethodAccessorImpl.invoke0(Native Method) ~[?:?]
	at jdk.internal.reflect.NativeMethodAccessorImpl.invoke(NativeMethodAccessorImpl.java:77) ~[?:?]
	at jdk.internal.reflect.DelegatingMethodAccessorImpl.invoke(DelegatingMethodAccessorImpl.java:43) ~[?:?]
	at java.lang.reflect.Method.invoke(Method.java:569) ~[?:?]
	at net.minecraftforge.fml.loading.targets.CommonLaunchHandler.runTarget(CommonLaunchHandler.java:111) ~[fmlloader-1.20.1-47.3.7.jar%2369!/:?]
	at net.minecraftforge.fml.loading.targets.CommonLaunchHandler.serverService(CommonLaunchHandler.java:103) ~[fmlloader-1.20.1-47.3.7.jar%2369!/:?]
	at net.minecraftforge.fml.loading.targets.CommonServerLaunchHandler.lambda$makeService$0(CommonServerLaunchHandler.java:27) ~[fmlloader-1.20.1-47.3.7.jar%2369!/:?]
	at cpw.mods.modlauncher.LaunchServiceHandlerDecorator.launch(LaunchServiceHandlerDecorator.java:30) ~[modlauncher-10.0.9.jar%2355!/:?]
	at cpw.mods.modlauncher.LaunchServiceHandler.launch(LaunchServiceHandler.java:53) ~[modlauncher-10.0.9.jar%2355!/:?]
	at cpw.mods.modlauncher.LaunchServiceHandler.launch(LaunchServiceHandler.java:71) ~[modlauncher-10.0.9.jar%2355!/:?]
	at cpw.mods.modlauncher.Launcher.run(Launcher.java:108) ~[modlauncher-10.0.9.jar%2355!/:?]
	at cpw.mods.modlauncher.Launcher.main(Launcher.java:78) ~[modlauncher-10.0.9.jar%2355!/:?]
	at cpw.mods.modlauncher.BootstrapLaunchConsumer.accept(BootstrapLaunchConsumer.java:26) ~[modlauncher-10.0.9.jar%2355!/:?]
	at cpw.mods.modlauncher.BootstrapLaunchConsumer.accept(BootstrapLaunchConsumer.java:23) ~[modlauncher-10.0.9.jar%2355!/:?]
	at cpw.mods.bootstraplauncher.BootstrapLauncher.main(BootstrapLauncher.java:141) ~[bootstraplauncher-1.1.2.jar:?]
[27Sep2025 16:33:43.780] [main/INFO] [net.threetag.palladium.Palladium/]: Loaded 79 powers
[27Sep2025 16:33:43.780] [main/INFO] [net.threetag.palladium.Palladium/]: Loaded 1 item powers
[27Sep2025 16:33:43.781] [main/INFO] [net.threetag.palladium.Palladium/]: Loaded 0 suit set powers
[27Sep2025 16:33:43.782] [main/INFO] [net.threetag.palladium.Palladium/]: Registered 83 objectives to be tracked
[27Sep2025 16:33:43.787] [main/INFO] [com.teamabnormals.blueprint.core.Blueprint/]: Chunk Generator Modification Manager has loaded 0 modifier groups
[27Sep2025 16:33:43.797] [main/INFO] [top.theillusivec4.curios.Curios/]: Loaded 11 curio slots
[27Sep2025 16:33:43.800] [main/ERROR] [top.theillusivec4.curios.Curios/]: talisman is not a registered slot type!
[27Sep2025 16:33:43.801] [main/INFO] [top.theillusivec4.curios.Curios/]: Loaded 1 curio entities
[27Sep2025 16:33:43.802] [main/ERROR] [bettervillage/]: Ice And Fire compatibility is not enabled for Better Village and Ice And Fire is present in your mod list.
     - Please install the datapack for better compatibility between Better Villages and Ice And Fire.
     - You can find the datapack URL in the `compatibility` section of the Better Villages description.
     - URL=https://www.curseforge.com/minecraft/mc-mods/better-village-forge
[27Sep2025 16:33:43.819] [main/WARN] [net.minecraftforge.registries.NamespacedWrapper/]: Not all defined tags for registry ResourceKey[minecraft:root / minecraft:block] are present in data pack: c:ores
[27Sep2025 16:33:43.892] [main/WARN] [ModernFix/]: Initial datapack load took 3.699 s
[27Sep2025 16:33:43.906] [main/INFO] [citadel/]: vanilla surface rule behavior unchanged
[27Sep2025 16:33:44.013] [Server thread/INFO] [net.minecraft.server.dedicated.DedicatedServer/]: Starting minecraft server version 1.20.1
[27Sep2025 16:33:44.014] [Server thread/INFO] [net.minecraft.server.dedicated.DedicatedServer/]: Loading properties
[27Sep2025 16:33:44.014] [Server thread/INFO] [net.minecraft.server.dedicated.DedicatedServer/]: Default game type: SURVIVAL
[27Sep2025 16:33:44.014] [Server thread/INFO] [net.minecraft.server.MinecraftServer/]: Generating keypair
[27Sep2025 16:33:44.076] [Server thread/INFO] [net.minecraft.server.dedicated.DedicatedServer/]: Starting Minecraft server on *:25565
[27Sep2025 16:33:44.118] [Server thread/INFO] [net.minecraft.server.network.ServerConnectionListener/]: Using epoll channel type
[27Sep2025 16:33:44.195] [Server thread/WARN] [net.minecraft.server.dedicated.DedicatedServer/]: **** SERVER IS RUNNING IN OFFLINE/INSECURE MODE!
[27Sep2025 16:33:44.196] [Server thread/WARN] [net.minecraft.server.dedicated.DedicatedServer/]: The server will make no attempt to authenticate usernames. Beware.
[27Sep2025 16:33:44.196] [Server thread/WARN] [net.minecraft.server.dedicated.DedicatedServer/]: While this makes the game possible to play without internet access, it also opens up the ability for hackers to connect with any username they choose.
[27Sep2025 16:33:44.196] [Server thread/WARN] [net.minecraft.server.dedicated.DedicatedServer/]: To change this, set "online-mode" to "true" in the server.properties file.
[27Sep2025 16:33:44.214] [Server thread/INFO] [Puzzles Lib/]: Loading server config for mutantmonsters
[27Sep2025 16:33:44.232] [Server thread/INFO] [com.tom.storagemod.StorageMod/]: Loaded Tom's Simple Storage config file toms_storage-server.toml
[27Sep2025 16:33:44.404] [Server thread/INFO] [citadel/]: vanilla surface rule behavior unchanged
[27Sep2025 16:33:44.408] [Server thread/INFO] [net.minecraft.server.dedicated.DedicatedServer/]: Preparing level "world"
[27Sep2025 16:33:44.924] [Server thread/INFO] [net.minecraft.server.MinecraftServer/]: Preparing start region for dimension minecraft:overworld
[27Sep2025 16:33:44.927] [Server thread/WARN] [mixin/]: Method overwrite conflict for removeIf in modernfix-common.mixins.json:bugfix.paper_chunk_patches.SortedArraySetMixin, previously written by me.jellysquid.mods.lithium.mixin.world.chunk_tickets.SortedArraySetMixin. Skipping method.
[27Sep2025 16:33:44.928] [Server thread/INFO] [KubeJS Server/]: Server resource reload complete!
[27Sep2025 16:33:45.557] [Server thread/INFO] [net.minecraft.server.level.progress.LoggerChunkProgressListener/]: Preparing spawn area: 0%
[27Sep2025 16:33:45.557] [Server thread/INFO] [net.minecraft.server.level.progress.LoggerChunkProgressListener/]: Preparing spawn area: 0%
[27Sep2025 16:33:45.967] [Server thread/INFO] [net.minecraft.server.level.progress.LoggerChunkProgressListener/]: Preparing spawn area: 8%
[27Sep2025 16:33:46.425] [Server thread/INFO] [net.minecraft.server.level.progress.LoggerChunkProgressListener/]: Preparing spawn area: 20%
[27Sep2025 16:33:47.151] [Server thread/INFO] [net.minecraft.server.level.progress.LoggerChunkProgressListener/]: Preparing spawn area: 20%
[27Sep2025 16:33:47.458] [Server thread/INFO] [net.minecraft.server.level.progress.LoggerChunkProgressListener/]: Preparing spawn area: 20%
[27Sep2025 16:33:47.733] [Server thread/INFO] [net.minecraft.server.level.progress.LoggerChunkProgressListener/]: Time elapsed: 2809 ms
[27Sep2025 16:33:47.733] [Server thread/INFO] [net.minecraft.server.dedicated.DedicatedServer/]: Done (3.525s)! For help, type "help"
[27Sep2025 16:33:47.840] [Server thread/INFO] [net.minecraftforge.server.permission.PermissionAPI/]: Successfully initialized permission handler forge:default_handler
[27Sep2025 16:33:47.857] [Server thread/INFO] [com.github.alexthe666.iceandfire.IceAndFire/]: {iceandfire:fire_dragon_roost=true, iceandfire:fire_lily=true, iceandfire:spawn_dragon_skeleton_fire=true, iceandfire:lightning_dragon_roost=true, iceandfire:spawn_dragon_skeleton_lightning=true, iceandfire:ice_dragon_roost=true, iceandfire:ice_dragon_cave=true, iceandfire:lightning_dragon_cave=true, iceandfire:cyclops_cave=true, iceandfire:spawn_wandering_cyclops=true, iceandfire:spawn_sea_serpent=true, iceandfire:frost_lily=true, iceandfire:hydra_cave=true, iceandfire:lightning_lily=true, iceandfire:pixie_village=true, iceandfire:myrmex_hive_jungle=true, iceandfire:myrmex_hive_desert=true, iceandfire:silver_ore=true, iceandfire:siren_island=true, iceandfire:spawn_dragon_skeleton_ice=true, iceandfire:spawn_stymphalian_bird=true, iceandfire:fire_dragon_cave=true, iceandfire:sapphire_ore=true, iceandfire:spawn_hippocampus=true, iceandfire:spawn_death_worm=true}
[27Sep2025 16:33:47.857] [Server thread/INFO] [com.github.alexthe666.iceandfire.IceAndFire/]: {TROLL_S=true, HIPPOGRYPH=true, AMPHITHERE=true, COCKATRICE=true, TROLL_M=true, DREAD_LICH=true, TROLL_F=true}
[27Sep2025 16:33:47.858] [Server thread/WARN] [ModernFix/]: Dedicated server took 42.577 seconds to load
[27Sep2025 16:34:02.514] [Server thread/INFO] [net.minecraft.server.MinecraftServer/]: Stopping server
[27Sep2025 16:34:02.516] [Server thread/INFO] [net.minecraft.server.MinecraftServer/]: Saving players
[27Sep2025 16:34:02.516] [Server thread/INFO] [net.minecraft.server.MinecraftServer/]: Saving worlds
[27Sep2025 16:34:02.619] [Server thread/INFO] [net.minecraft.server.MinecraftServer/]: Saving chunks for level 'ServerLevel[world]'/minecraft:overworld
[27Sep2025 16:34:02.713] [Server thread/INFO] [net.minecraft.server.MinecraftServer/]: Saving chunks for level 'ServerLevel[world]'/mypowers:debate
[27Sep2025 16:34:02.714] [Server thread/INFO] [net.minecraft.server.MinecraftServer/]: Saving chunks for level 'ServerLevel[world]'/minecraft:the_nether
[27Sep2025 16:34:02.715] [Server thread/INFO] [net.minecraft.server.MinecraftServer/]: Saving chunks for level 'ServerLevel[world]'/mypowers:nullvoid
[27Sep2025 16:34:02.716] [Server thread/INFO] [net.minecraft.server.MinecraftServer/]: Saving chunks for level 'ServerLevel[world]'/grave.core:space
[27Sep2025 16:34:02.716] [Server thread/INFO] [net.minecraft.server.MinecraftServer/]: Saving chunks for level 'ServerLevel[world]'/mofus_better_end_:broken_constellation
[27Sep2025 16:34:02.717] [Server thread/INFO] [net.minecraft.server.MinecraftServer/]: Saving chunks for level 'ServerLevel[world]'/minecraft:the_end
[27Sep2025 16:34:02.773] [Server thread/INFO] [net.minecraft.server.MinecraftServer/]: ThreadedAnvilChunkStorage (world): All chunks are saved
[27Sep2025 16:34:02.773] [Server thread/INFO] [net.minecraft.server.MinecraftServer/]: ThreadedAnvilChunkStorage (debate): All chunks are saved
[27Sep2025 16:34:02.773] [Server thread/INFO] [net.minecraft.server.MinecraftServer/]: ThreadedAnvilChunkStorage (DIM-1): All chunks are saved
[27Sep2025 16:34:02.773] [Server thread/INFO] [net.minecraft.server.MinecraftServer/]: ThreadedAnvilChunkStorage (nullvoid): All chunks are saved
[27Sep2025 16:34:02.773] [Server thread/INFO] [net.minecraft.server.MinecraftServer/]: ThreadedAnvilChunkStorage (space): All chunks are saved
[27Sep2025 16:34:02.774] [Server thread/INFO] [net.minecraft.server.MinecraftServer/]: ThreadedAnvilChunkStorage (broken_constellation): All chunks are saved
[27Sep2025 16:34:02.774] [Server thread/INFO] [net.minecraft.server.MinecraftServer/]: ThreadedAnvilChunkStorage (DIM1): All chunks are saved
[27Sep2025 16:34:02.774] [Server thread/INFO] [net.minecraft.server.MinecraftServer/]: ThreadedAnvilChunkStorage: All dimensions are saved
[27Sep2025 16:34:02.782] [Server thread/INFO] [net.montoyo.wd.utilities.Log/]: Miniserv server stopped
